
 --- Table  1: Summary of nuclide data: 

 Data for 130 nuclides included in calculation:

 - 130 Transport nuclides
 - No dosimetry nuclides
 - No decay nuclides
 - 3162 reaction channels
 - 1453 special reactions
 - No transmutation reactions
 - 28 transmutation branch reactions
 - 23 decay reactions
 - No decay branch reactions
 - All reaction linked to target

 Columns:

  1. Index
  2. Level (first occurence in transmutation paths)
  3. Name (nuclide identifier data)
  4. Library ID
  5. Primary data type: TRA = transport
                        DOS = dosimetry
                        SAB = thermal scattering
                        DEC = only decay data
                        STR = only structural data (mass)
                        PHO = photon interaction data
  6. Z (atomic number)
  7. A (isotope number)
  8. I (isomeric state)
  9. Atomic weight
 10. Temperature (in Kelvin)
 11. Decay constant (1/s)
 12. Flags: I - nuclide is present in initial composition
            B - nuclide is involved in burnup calculation
            A - nuclide is produced as activation product
            D - nuclide is produced as decay product
            F - nuclide is produced as fission product
            B - nuclide is produced in decay or transmutation branching
            T - nuclide has neutron transport cross section data
            S - nuclide has S(a,b) data
            I - nuclide has isomeric branching reactions
            F - nuclide is fissile
            P - nuclide is a delayed neutron precursor
            D - nuclide has delayed neutron data
            U - nuclide has uses ures ptable data
            T - nuclide cross sections are adjusted by TMS
            D - nuclide has dosimetry cross section data
            R - nuclide has radioactive decay data
            N - nuclide has neutron-induced fission yield data
            S - nuclide has spontaneous fission yield data
            P - nuclide has photon transport cross section data
            T - nuclide has supplementary transmutation cross section data

    1   0  1001.03c      03c  TRA    1   1 0    1.00782   300.0       stable  I-----T--------R----  hydrogen (H-1)
    2   0  1001.03s      03s  TRA    1   1 0    1.00782   300.0       stable  I-----TS-------R----  hydrogen (H-1)
    3   0  1001.03s      03s  TRA    1   1 0    1.00782   300.0       stable  I-----TS-------R----  hydrogen (H-1)
    4   0  1002.03c      03c  TRA    1   2 0    2.01410   300.0       stable  I-----T--------R----  deuterium (H-2)
    5   0  1002.03s      03s  TRA    1   2 0    2.01410   300.0       stable  I-----TS-------R----  deuterium (H-2)
    6   0  2003.03c      03c  TRA    2   3 0    3.01493   300.0       stable  I-----T--------R----  helium 3 (He-3)
    7   0  3006.03c      03c  TRA    3   6 0    6.01507   300.0       stable  I-----T--------R----  lithium 6 (Li-6)
    8   0  3007.03c      03c  TRA    3   7 0    7.01600   300.0       stable  I-----T--------R----  lithium 7 (Li-7)
    9   0  4009.03c      03c  TRA    4   9 0    9.01220   300.0       stable  I-----T--------R----  beryllium 9 (Be-9)
   10   0  5010.03c      03c  TRA    5  10 0   10.01294   300.0       stable  I-----T--------R----  boron 10 (B-10)
   11   0  5011.03c      03c  TRA    5  11 0   11.00928   300.0       stable  I-----T--------R----  boron 11 (B-11)
   12   0  6000.03c      03c  TRA    6   0 0   12.00110   300.0          N/A  I-----T-------------  natural carbon (C-nat)
   13   0  7014.03c      03c  TRA    7  14 0   14.00307   300.0       stable  I-----T--------R----  nitrogen 14 (N-14)
   14   0  7015.03c      03c  TRA    7  15 0   14.99986   300.0       stable  I-----T--------R----  nitrogen 15 (N-15)
   15   0  8016.03c      03c  TRA    8  16 0   15.99492   300.0       stable  I-----T--------R----  oxygen 16 (O-16)
   16   0  8017.03c      03c  TRA    8  17 0   16.99913   300.0       stable  I-----T--------R----  oxygen 17 (O-17)
   17   0  11023.03c     03c  TRA   11  23 0   22.98949   300.0       stable  I-----T-I------R----  sodium 23 (Na-23)
   18   0  12024.03c     03c  TRA   12  24 0   23.98504   300.0       stable  I-----T--------R----  magnesium 24 (Mg-24)
   19   0  12025.03c     03c  TRA   12  25 0   24.98584   300.0       stable  I-----T--------R----  magnesium 25 (Mg-25)
   20   0  12026.03c     03c  TRA   12  26 0   25.98260   300.0       stable  I-----T--------R----  magnesium 26 (Mg-26)
   21   0  13027.03c     03c  TRA   13  27 0   26.98154   300.0       stable  I-----T--------R----  aluminum 27 (Al-27)
   22   0  14028.03c     03c  TRA   14  28 0   27.97734   300.0       stable  I-----T--------R----  silicon 28 (Si-28)
   23   0  14029.03c     03c  TRA   14  29 0   28.97693   300.0       stable  I-----T--------R----  silicon 29 (Si-29)
   24   0  14030.03c     03c  TRA   14  30 0   29.97349   300.0       stable  I-----T--------R----  silicon 30 (Si-30)
   25   0  15031.03c     03c  TRA   15  31 0   30.97408   300.0       stable  I-----T--------R----  phosphorus 31 (P-31)
   26   0  16032.03c     03c  TRA   16  32 0   31.97196   300.0       stable  I-----T--------R----  sulfur 32 (S-32)
   27   0  16033.03c     03c  TRA   16  33 0   32.97104   300.0       stable  I-----T--------R----  sulfur 33 (S-33)
   28   0  16034.03c     03c  TRA   16  34 0   33.96800   300.0       stable  I-----T--------R----  sulfur 34 (S-34)
   29   0  16036.03c     03c  TRA   16  36 0   35.96698   300.0       stable  I-----T--------R----  sulfur 36 (S-36)
   30   0  18036.03c     03c  TRA   18  36 0   35.96748   300.0       stable  I-----T-----U--R----  argon 36 (Ar-36)
   31   0  18038.03c     03c  TRA   18  38 0   37.96272   300.0       stable  I-----T-----U--R----  argon 38 (Ar-38)
   32   0  18040.03c     03c  TRA   18  40 0   39.96240   300.0       stable  I-----T--------R----  argon 40 (Ar-40)
   33   0  19039.03c     03c  TRA   19  39 0   38.96402   300.0       stable  I-----T--------R----  potassium 39 (K-39)
   34   0  19040.03c     03c  TRA   19  40 0   39.96401   300.0  1.75998E-17  I-----T--------R----  potassium 40 (K-40)
   35   0  19041.03c     03c  TRA   19  41 0   40.96198   300.0       stable  I-----T--------R----  potassium 41 (K-41)
   36   0  20040.03c     03c  TRA   20  40 0   39.96260   300.0       stable  I-----T--------R----  calcium 40 (Ca-40)
   37   0  20042.03c     03c  TRA   20  42 0   41.95863   300.0       stable  I-----T--------R----  calcium 42 (Ca-42)
   38   0  20043.03c     03c  TRA   20  43 0   42.95877   300.0       stable  I-----T--------R----  calcium 43 (Ca-43)
   39   0  20044.03c     03c  TRA   20  44 0   43.95548   300.0       stable  I-----T--------R----  calcium 44 (Ca-44)
   40   0  20046.03c     03c  TRA   20  46 0   45.95370   300.0       stable  I-----T--------R----  calcium 46 (Ca-46)
   41   0  20048.03c     03c  TRA   20  48 0   47.95254   300.0  9.54980E-28  I-----T--------R----  calcium 48 (Ca-48)
   42   0  22046.03c     03c  TRA   22  46 0   45.95266   300.0       stable  I-----T--------R----  titanium 46 (Ti-46)
   43   0  22047.03c     03c  TRA   22  47 0   46.95174   300.0       stable  I-----T--------R----  titanium 47 (Ti-47)
   44   0  22048.03c     03c  TRA   22  48 0   47.96807   300.0       stable  I-----T--------R----  titanium 48 (Ti-48)
   45   0  22049.03c     03c  TRA   22  49 0   48.94789   300.0       stable  I-----T--------R----  titanium 49 (Ti-49)
   46   0  22050.03c     03c  TRA   22  50 0   49.94475   300.0       stable  I-----T--------R----  titanium 50 (Ti-50)
   47   0  23000.03c     03c  TRA   23   0 0   50.94162   300.0          N/A  I-----T-------------  natural vanadium (V-nat)
   48   0  24050.03c     03c  TRA   24  50 0   49.94606   300.0       stable  I-----T--------R----  chromium 50 (Cr-50)
   49   0  24052.03c     03c  TRA   24  52 0   51.94019   300.0       stable  I-----T--------R----  chromium 52 (Cr-52)
   50   0  24053.03c     03c  TRA   24  53 0   52.94079   300.0       stable  I-----T--------R----  chromium 53 (Cr-53)
   51   0  24054.03c     03c  TRA   24  54 0   53.93937   300.0       stable  I-----T--------R----  chromium 54 (Cr-54)
   52   0  25055.03c     03c  TRA   25  55 0   54.93805   300.0       stable  I-----T--------R----  manganese 55 (Mn-55)
   53   0  26054.03c     03c  TRA   26  54 0   53.93937   300.0       stable  I-----T--------R----  iron 54 (Fe-54)
   54   0  26056.03c     03c  TRA   26  56 0   55.93451   300.0       stable  I-----T--------R----  iron 56 (Fe-56)
   55   0  26057.03c     03c  TRA   26  57 0   56.93510   300.0       stable  I-----T--------R----  iron 57 (Fe-57)
   56   0  26058.03c     03c  TRA   26  58 0   57.93368   300.0       stable  I-----T--------R----  iron 58 (Fe-58)
   57   0  27059.03c     03c  TRA   27  59 0   58.93317   300.0       stable  I-----T-I------R----  cobalt 59 (Co-59)
   58   0  28058.03c     03c  TRA   28  58 0   57.93570   300.0       stable  I-----T--------R----  nickel 58 (Ni-58)
   59   0  28060.03c     03c  TRA   28  60 0   59.93084   300.0       stable  I-----T--------R----  nickel 60 (Ni-60)
   60   0  28061.03c     03c  TRA   28  61 0   60.93143   300.0       stable  I-----T--------R----  nickel 61 (Ni-61)
   61   0  28062.03c     03c  TRA   28  62 0   61.92799   300.0       stable  I-----T--------R----  nickel 62 (Ni-62)
   62   0  28064.03c     03c  TRA   28  64 0   63.92818   300.0       stable  I-----T--------R----  nickel 64 (Ni-64)
   63   0  29063.03c     03c  TRA   29  63 0   62.92960   300.0       stable  I-----T--------R----  copper 63 (Cu-63)
   64   0  29065.03c     03c  TRA   29  65 0   64.92777   300.0       stable  I-----T--------R----  copper 65 (Cu-65)
   65   0  30000.03c     03c  TRA   30   0 0   65.39578   300.0          N/A  I-----T-------------  natural zinc (Zn-nat)
   66   0  30064.03c     03c  TRA   30  64 0   63.92909   300.0       stable  I-----T-----U--R----  zinc 64 (Zn-64)
   67   0  31069.03c     03c  TRA   31  69 0   68.92571   300.0       stable  I-----T--------R----  gallium 69 (Ga-69)
   68   0  31071.03c     03c  TRA   31  71 0   70.92428   300.0       stable  I-----T--------R----  gallium 71 (Ga-71)
   69   0  38084.03c     03c  TRA   38  84 0   83.91346   300.0       stable  I-----T-I---U--R----  strontium 84 (Sr-84)
   70   0  38086.03c     03c  TRA   38  86 0   85.90931   300.0       stable  I-----T-I---U--R----  strontium 86 (Sr-86)
   71   0  38087.03c     03c  TRA   38  87 0   86.90889   300.0       stable  I-----T-----U--R----  strontium 87 (Sr-87)
   72   0  38088.03c     03c  TRA   38  88 0   87.90515   300.0       stable  I-----T--------R----  strontium 88 (Sr-88)
   73   0  40090.03c     03c  TRA   40  90 0   89.90473   300.0       stable  I-----T-----U--R----  zirconium 90 (Zr-90)
   74   0  40091.03c     03c  TRA   40  91 0   90.90563   300.0       stable  I-----T-----U--R----  zirconium 91 (Zr-91)
   75   0  40092.03c     03c  TRA   40  92 0   91.90501   300.0       stable  I-----T-----U--R----  zirconium 92 (Zr-92)
   76   0  40094.03c     03c  TRA   40  94 0   93.90631   300.0       stable  I-----T-----U--R----  zirconium 94 (Zr-94)
   77   0  40096.03c     03c  TRA   40  96 0   95.90830   300.0       stable  I-----T--------R----  zirconium 96 (Zr-96)
   78   0  41093.03c     03c  TRA   41  93 0   92.90319   300.0       stable  I-----T-I------R----  niobium 93 (Nb-93)
   79   0  42092.03c     03c  TRA   42  92 0   91.90683   300.0       stable  I-----T-I---U--R----  molybdenum 92 (Mo-92)
   80   0  42094.03c     03c  TRA   42  94 0   93.90509   300.0       stable  I-----T-----U--R----  molybdenum 94 (Mo-94)
   81   0  42095.03c     03c  TRA   42  95 0   94.90589   300.0       stable  I-----T-----U--R----  molybdenum 95 (Mo-95)
   82   0  42096.03c     03c  TRA   42  96 0   95.90467   300.0       stable  I-----T-----U--R----  molybdenum 96 (Mo-96)
   83   0  42097.03c     03c  TRA   42  97 0   96.90598   300.0       stable  I-----T-----U--R----  molybdenum 97 (Mo-97)
   84   0  42098.03c     03c  TRA   42  98 0   97.90536   300.0       stable  I-----T-----U--R----  molybdenum 98 (Mo-98)
   85   0  42100.03c     03c  TRA   42 100 0   99.90726   300.0  2.81597E-27  I-----T-----U--R----  molybdenum 100 (Mo-100)
   86   0  47107.03c     03c  TRA   47 107 0  106.90537   300.0       stable  I-----T-I------R----  silver 107 (Ag-107)
   87   0  47109.03c     03c  TRA   47 109 0  108.90455   300.0       stable  I-----T-I---U--R----  silver 109 (Ag-109)
   88   0  48106.03c     03c  TRA   48 106 0  105.90579   300.0       stable  I-----T-----U--R----  cadmium 106 (Cd-106)
   89   0  48108.03c     03c  TRA   48 108 0  107.90395   300.0       stable  I-----T-----U--R----  cadmium 108 (Cd-108)
   90   0  48110.03c     03c  TRA   48 110 0  109.90313   300.0       stable  I-----T-I---U--R----  cadmium 110 (Cd-110)
   91   0  48111.03c     03c  TRA   48 111 0  110.90372   300.0       stable  I-----T-----U--R----  cadmium 111 (Cd-111)
   92   0  48112.03c     03c  TRA   48 112 0  111.90331   300.0       stable  I-----T-I---U--R----  cadmium 112 (Cd-112)
   93   0  48113.03c     03c  TRA   48 113 0  112.89987   300.0  2.85254E-24  I-----T-----U--R----  cadmium 113 (Cd-113)
   94   0  48114.03c     03c  TRA   48 114 0  113.90349   300.0       stable  I-----T-I---U--R----  cadmium 114 (Cd-114)
   95   0  48116.03c     03c  TRA   48 116 0  115.90468   300.0  7.08533E-28  I-----T-I---U--R----  cadmium 116 (Cd-116)
   96   0  50112.03c     03c  TRA   50 112 0  111.90533   300.0       stable  I-----T-I---U--R----  tin 112 (Sn-112)
   97   0  50114.03c     03c  TRA   50 114 0  113.90349   300.0       stable  I-----T-----U--R----  tin 114 (Sn-114)
   98   0  50115.03c     03c  TRA   50 115 0  114.90308   300.0       stable  I-----T-----U--R----  tin 115 (Sn-115)
   99   0  50116.03c     03c  TRA   50 116 0  115.90166   300.0       stable  I-----T-I---U--R----  tin 116 (Sn-116)
  100   0  50117.03c     03c  TRA   50 117 0  116.90326   300.0       stable  I-----T-----U--R----  tin 117 (Sn-117)
  101   0  50118.03c     03c  TRA   50 118 0  117.90184   300.0       stable  I-----T-I---U--R----  tin 118 (Sn-118)
  102   0  50119.03c     03c  TRA   50 119 0  118.90345   300.0       stable  I-----T-----U--R----  tin 119 (Sn-119)
  103   0  50120.03c     03c  TRA   50 120 0  119.90202   300.0       stable  I-----T-I---U--R----  tin 120 (Sn-120)
  104   0  50122.03c     03c  TRA   50 122 0  121.90322   300.0       stable  I-----T-I------R----  tin 122 (Sn-122)
  105   0  50124.03c     03c  TRA   50 124 0  123.90542   300.0       stable  I-----T-I------R----  tin 124 (Sn-124)
  106   0  56130.03c     03c  TRA   56 130 0  129.90595   300.0       stable  I-----T-I---U--R----  barium 130 (Ba-130)
  107   0  56132.03c     03c  TRA   56 132 0  131.90514   300.0       stable  I-----T-I---U--R----  barium 132 (Ba-132)
  108   0  56134.03c     03c  TRA   56 134 0  133.90431   300.0       stable  I-----T-I---U--R----  barium 134 (Ba-134)
  109   0  56135.03c     03c  TRA   56 135 0  134.90591   300.0       stable  I-----T-I---U--R----  barium 135 (Ba-135)
  110   0  56136.03c     03c  TRA   56 136 0  135.90449   300.0       stable  I-----T-I---U--R----  barium 136 (Ba-136)
  111   0  56137.03c     03c  TRA   56 137 0  136.90609   300.0       stable  I-----T-----U--R----  barium 137 (Ba-137)
  112   0  56138.03c     03c  TRA   56 138 0  137.90467   300.0       stable  I-----T--------R----  barium 138 (Ba-138)
  113   0  72174.03c     03c  TRA   72 174 0  173.94024   300.0  1.09823E-23  I-----T-----U--R----  hafnium 174 (Hf-174)
  114   0  72176.03c     03c  TRA   72 176 0  175.94142   300.0       stable  I-----T-----U--R----  hafnium 176 (Hf-176)
  115   0  72177.03c     03c  TRA   72 177 0  176.94304   300.0       stable  I-----T-----U--R----  hafnium 177 (Hf-177)
  116   0  72178.03c     03c  TRA   72 178 0  177.94362   300.0       stable  I-----T-----U--R----  hafnium 178 (Hf-178)
  117   0  72179.03c     03c  TRA   72 179 0  178.94624   300.0       stable  I-----T-I---U--R----  hafnium 179 (Hf-179)
  118   0  72180.03c     03c  TRA   72 180 0  179.94684   300.0       stable  I-----T-----U--R----  hafnium 180 (Hf-180)
  119   0  74182.03c     03c  TRA   74 182 0  181.95307   300.0       stable  I-----T-I---U--R----  tungsten 182 (W-182)
  120   0  74183.03c     03c  TRA   74 183 0  182.95166   300.0       stable  I-----T-----U--R----  tungsten 183 (W-183)
  121   0  74184.03c     03c  TRA   74 184 0  183.95022   300.0       stable  I-----T-I---U--R----  tungsten 184 (W-184)
  122   0  74186.03c     03c  TRA   74 186 0  185.95747   300.0       stable  I-----T-----U--R----  tungsten 186 (W-186)
  123   0  82204.03c     03c  TRA   82 204 0  203.97303   300.0       stable  I-----T--------R----  lead 204 (Pb-204)
  124   0  82206.03c     03c  TRA   82 206 0  205.97443   300.0       stable  I-----T-I------R----  lead 206 (Pb-206)
  125   0  82207.03c     03c  TRA   82 207 0  206.97594   300.0       stable  I-----T--------R----  lead 207 (Pb-207)
  126   0  82208.03c     03c  TRA   82 208 0  207.97663   300.0       stable  I-----T--------R----  lead 208 (Pb-208)
  127   0  92234.03c     03c  TRA   92 234 0  234.04093   300.0  8.94685E-14  I-----T-IF-DU--RN---  uranium 234 (U-234)
  128   0  92235.03c     03c  TRA   92 235 0  235.04395   300.0  3.11997E-17  I-----T--F-DU--RN---  uranium 235 (U-235)
  129   0  92236.03c     03c  TRA   92 236 0  236.04556   300.0  9.37854E-16  I-----T--F-DU--RN---  uranium 236 (U-236)
  130   0  92238.03c     03c  TRA   92 238 0  238.05078   300.0  4.91597E-18  I-----T--F-DU--RN---  uranium 238 (U-238)

 --- Table  2: Reaction and decay data: 

 Nuclide    1 / 130 : 1001.03c -- hydrogen (H-1)

 Pointers                     : 392321 1597
 Primary type                 : Transport
 Nuclide ZAI                  : 10010
 Library ID                   : 03c
 Cross section data file      : /home/leonardo.zortea/mcnp/xs/acedata/1001ENDF7.ace
 Atomic weight (AW)           : 1.00782
 Atomic weight ratio (AWR)    : 0.99917
 Temperature                  : 300.0 Kelvin
 XS temperature               : 300.0 Kelvin
 Minimum and maximum energy   : 1.00000E-11 2.00000E+01
 Half-life                    : stable
 Specific ingestion toxicity  : N/A
 Specific inhalation toxicity : N/A

 - Nuclide is not involved in burnup calculation
 - Nuclide has neutron transport data
 - Nuclide has no photon transport data
 - Nuclide has no S(a,b) data
 - Nuclide has no isomeric branching data
 - Nuclide is not fissile
 - Nuclide is not a delayed neutron precursor
 - Nuclide has no delayed neutron data
 - Nuclide has no ures ptable data
 - Nuclide temperature is not adjusted with TMS
 - Nuclide has no dosimetry data
 - Nuclide has decay data
 - Nuclide has no supplementary transmutation cross section data
 - Nuclide has no NFY data
 - Nuclide has no SFY data

 - 2 reaction channels
 - 1 special reactions
 - No transmutation reactions
 - No transmutation branch reactions
 - No decay reactions
 - No decay branch reactions
 - No transmutation paths

 2 reactions channel:

   1    MT =      2  Q =  0.00000E+00 MeV  Emin = 1.00000E-11 MeV  frac = 1.00000E+00  : elastic scattering
   2    MT =    102  Q =  2.22463E+00 MeV  Emin = 1.00000E-11 MeV  frac = 1.00000E+00  : (n,gamma)

 1 special reaction:

   1    MT =    204  Q =  0.00000E+00 MeV  Emin = 1.00000E-11 MeV  : total deuteron production

 Nuclide    2 / 130 : 1001.03s -- hydrogen (H-1)

 Pointers                     : 631782 1597
 Primary type                 : Transport
 Nuclide ZAI                  : 10010
 Library ID                   : 03s
 Cross section data file      : /home/leonardo.zortea/mcnp/xs/acedata/1001ENDF7.ace
 Atomic weight (AW)           : 1.00782
 Atomic weight ratio (AWR)    : 0.99917
 Temperature                  : 300.0 Kelvin
 XS temperature               : 300.0 Kelvin
 Minimum and maximum energy   : 1.00000E-11 2.00000E+01
 Half-life                    : stable
 Specific ingestion toxicity  : N/A
 Specific inhalation toxicity : N/A

 - Nuclide is not involved in burnup calculation
 - Nuclide has neutron transport data
 - Nuclide has no photon transport data
 - Nuclide has inelastic S(a,b) channel between 1.00E-11 and 3.75E-06 MeV
 - Nuclide has no isomeric branching data
 - Nuclide is not fissile
 - Nuclide is not a delayed neutron precursor
 - Nuclide has no delayed neutron data
 - Nuclide has no ures ptable data
 - Nuclide temperature is not adjusted with TMS
 - Nuclide has no dosimetry data
 - Nuclide has decay data
 - Nuclide has no supplementary transmutation cross section data
 - Nuclide has no NFY data
 - Nuclide has no SFY data

 - 3 reaction channels
 - 1 special reactions
 - No transmutation reactions
 - No transmutation branch reactions
 - No decay reactions
 - No decay branch reactions
 - No transmutation paths

 3 reactions channel:

   1    MT =      2  Q =  0.00000E+00 MeV  Emin = 1.00000E-11 MeV  frac = 1.00000E+00  : elastic scattering
   2    MT =    102  Q =  2.22463E+00 MeV  Emin = 1.00000E-11 MeV  frac = 1.00000E+00  : (n,gamma)
   3    MT =   1004  Q =  0.00000E+00 MeV  Emin = 1.00000E-11 MeV  frac = 1.00000E+00  : S(a,b) inelastic scattering

 1 special reaction:

   1    MT =    204  Q =  0.00000E+00 MeV  Emin = 1.00000E-11 MeV  : total deuteron production

 Nuclide    3 / 130 : 1001.03s -- hydrogen (H-1)

 Pointers                     : 632712 1597
 Primary type                 : Transport
 Nuclide ZAI                  : 10010
 Library ID                   : 03s
 Cross section data file      : /home/leonardo.zortea/mcnp/xs/acedata/1001ENDF7.ace
 Atomic weight (AW)           : 1.00782
 Atomic weight ratio (AWR)    : 0.99917
 Temperature                  : 300.0 Kelvin
 XS temperature               : 300.0 Kelvin
 Minimum and maximum energy   : 1.00000E-11 2.00000E+01
 Half-life                    : stable
 Specific ingestion toxicity  : N/A
 Specific inhalation toxicity : N/A

 - Nuclide is not involved in burnup calculation
 - Nuclide has neutron transport data
 - Nuclide has no photon transport data
 - Nuclide has inelastic S(a,b) channel between 1.00E-11 and 3.75E-06 MeV
 - Nuclide has no isomeric branching data
 - Nuclide is not fissile
 - Nuclide is not a delayed neutron precursor
 - Nuclide has no delayed neutron data
 - Nuclide has no ures ptable data
 - Nuclide temperature is not adjusted with TMS
 - Nuclide has no dosimetry data
 - Nuclide has decay data
 - Nuclide has no supplementary transmutation cross section data
 - Nuclide has no NFY data
 - Nuclide has no SFY data

 - 3 reaction channels
 - 1 special reactions
 - No transmutation reactions
 - No transmutation branch reactions
 - No decay reactions
 - No decay branch reactions
 - No transmutation paths

 3 reactions channel:

   1    MT =      2  Q =  0.00000E+00 MeV  Emin = 1.00000E-11 MeV  frac = 1.00000E+00  : elastic scattering
   2    MT =    102  Q =  2.22463E+00 MeV  Emin = 1.00000E-11 MeV  frac = 1.00000E+00  : (n,gamma)
   3    MT =   1004  Q =  0.00000E+00 MeV  Emin = 1.00000E-11 MeV  frac = 1.00000E+00  : S(a,b) inelastic scattering

 1 special reaction:

   1    MT =    204  Q =  0.00000E+00 MeV  Emin = 1.00000E-11 MeV  : total deuteron production

 Nuclide    4 / 130 : 1002.03c -- deuterium (H-2)

 Pointers                     : 392642 1873
 Primary type                 : Transport
 Nuclide ZAI                  : 10020
 Library ID                   : 03c
 Cross section data file      : /home/leonardo.zortea/mcnp/xs/acedata/1002ENDF7.ace
 Atomic weight (AW)           : 2.01410
 Atomic weight ratio (AWR)    : 1.99680
 Temperature                  : 300.0 Kelvin
 XS temperature               : 300.0 Kelvin
 Minimum and maximum energy   : 1.00000E-11 1.50000E+02
 Half-life                    : stable
 Specific ingestion toxicity  : N/A
 Specific inhalation toxicity : N/A

 - Nuclide is not involved in burnup calculation
 - Nuclide has neutron transport data
 - Nuclide has no photon transport data
 - Nuclide has no S(a,b) data
 - Nuclide has no isomeric branching data
 - Nuclide is not fissile
 - Nuclide is not a delayed neutron precursor
 - Nuclide has no delayed neutron data
 - Nuclide has no ures ptable data
 - Nuclide temperature is not adjusted with TMS
 - Nuclide has no dosimetry data
 - Nuclide has decay data
 - Nuclide has no supplementary transmutation cross section data
 - Nuclide has no NFY data
 - Nuclide has no SFY data

 - 3 reaction channels
 - 2 special reactions
 - No transmutation reactions
 - No transmutation branch reactions
 - No decay reactions
 - No decay branch reactions
 - No transmutation paths

 3 reactions channel:

   1    MT =      2  Q =  0.00000E+00 MeV  Emin = 1.00000E-11 MeV  frac = 1.00000E+00  : elastic scattering
   2    MT =     16  Q = -2.22500E+00 MeV  Emin = 3.33929E+00 MeV  frac = 1.00000E+00  : (n,2n)
   3    MT =    102  Q =  6.25740E+00 MeV  Emin = 1.00000E-11 MeV  frac = 1.00000E+00  : (n,gamma)

 2 special reactions:

   1    MT =    203  Q =  0.00000E+00 MeV  Emin = 3.33900E+00 MeV  : total proton production
   2    MT =    205  Q =  0.00000E+00 MeV  Emin = 1.00000E-11 MeV  : total triton production

 Nuclide    5 / 130 : 1002.03s -- deuterium (H-2)

 Pointers                     : 632175 1873
 Primary type                 : Transport
 Nuclide ZAI                  : 10020
 Library ID                   : 03s
 Cross section data file      : /home/leonardo.zortea/mcnp/xs/acedata/1002ENDF7.ace
 Atomic weight (AW)           : 2.01410
 Atomic weight ratio (AWR)    : 1.99680
 Temperature                  : 300.0 Kelvin
 XS temperature               : 300.0 Kelvin
 Minimum and maximum energy   : 1.00000E-11 1.50000E+02
 Half-life                    : stable
 Specific ingestion toxicity  : N/A
 Specific inhalation toxicity : N/A

 - Nuclide is not involved in burnup calculation
 - Nuclide has neutron transport data
 - Nuclide has no photon transport data
 - Nuclide has inelastic S(a,b) channel between 1.00E-11 and 3.75E-06 MeV
 - Nuclide has no isomeric branching data
 - Nuclide is not fissile
 - Nuclide is not a delayed neutron precursor
 - Nuclide has no delayed neutron data
 - Nuclide has no ures ptable data
 - Nuclide temperature is not adjusted with TMS
 - Nuclide has no dosimetry data
 - Nuclide has decay data
 - Nuclide has no supplementary transmutation cross section data
 - Nuclide has no NFY data
 - Nuclide has no SFY data

 - 4 reaction channels
 - 2 special reactions
 - No transmutation reactions
 - No transmutation branch reactions
 - No decay reactions
 - No decay branch reactions
 - No transmutation paths

 4 reactions channel:

   1    MT =      2  Q =  0.00000E+00 MeV  Emin = 1.00000E-11 MeV  frac = 1.00000E+00  : elastic scattering
   2    MT =     16  Q = -2.22500E+00 MeV  Emin = 3.33929E+00 MeV  frac = 1.00000E+00  : (n,2n)
   3    MT =    102  Q =  6.25740E+00 MeV  Emin = 1.00000E-11 MeV  frac = 1.00000E+00  : (n,gamma)
   4    MT =   1004  Q =  0.00000E+00 MeV  Emin = 1.00000E-11 MeV  frac = 1.00000E+00  : S(a,b) inelastic scattering

 2 special reactions:

   1    MT =    203  Q =  0.00000E+00 MeV  Emin = 3.33900E+00 MeV  : total proton production
   2    MT =    205  Q =  0.00000E+00 MeV  Emin = 1.00000E-11 MeV  : total triton production

 Nuclide    6 / 130 : 2003.03c -- helium 3 (He-3)

 Pointers                     : 630747 2655
 Primary type                 : Transport
 Nuclide ZAI                  : 20030
 Library ID                   : 03c
 Cross section data file      : /home/leonardo.zortea/mcnp/xs/acedata/2003ENDF7.ace
 Atomic weight (AW)           : 3.01493
 Atomic weight ratio (AWR)    : 2.98903
 Temperature                  : 300.0 Kelvin
 XS temperature               : 300.0 Kelvin
 Minimum and maximum energy   : 1.00000E-11 2.00000E+01
 Half-life                    : stable
 Specific ingestion toxicity  : N/A
 Specific inhalation toxicity : N/A

 - Nuclide is not involved in burnup calculation
 - Nuclide has neutron transport data
 - Nuclide has no photon transport data
 - Nuclide has no S(a,b) data
 - Nuclide has no isomeric branching data
 - Nuclide is not fissile
 - Nuclide is not a delayed neutron precursor
 - Nuclide has no delayed neutron data
 - Nuclide has no ures ptable data
 - Nuclide temperature is not adjusted with TMS
 - Nuclide has no dosimetry data
 - Nuclide has decay data
 - Nuclide has no supplementary transmutation cross section data
 - Nuclide has no NFY data
 - Nuclide has no SFY data

 - 4 reaction channels
 - 4 special reactions
 - No transmutation reactions
 - No transmutation branch reactions
 - No decay reactions
 - No decay branch reactions
 - No transmutation paths

 4 reactions channel:

   1    MT =      2  Q =  0.00000E+00 MeV  Emin = 1.00000E-11 MeV  frac = 1.00000E+00  : elastic scattering
   2    MT =    102  Q =  2.05778E+01 MeV  Emin = 1.00000E-11 MeV  frac = 1.00000E+00  : (n,gamma)
   3    MT =    103  Q =  7.63752E-01 MeV  Emin = 1.00000E-11 MeV  frac = 1.00000E+00  : (n,p)
   4    MT =    104  Q = -3.26895E+00 MeV  Emin = 4.36261E+00 MeV  frac = 1.00000E+00  : (n,d)

 4 special reactions:

   1    MT =    203  Q =  0.00000E+00 MeV  Emin = 1.00000E-11 MeV  : total proton production
   2    MT =    204  Q =  0.00000E+00 MeV  Emin = 4.36260E+00 MeV  : total deuteron production
   3    MT =    205  Q =  0.00000E+00 MeV  Emin = 1.00000E-11 MeV  : total triton production
   4    MT =    207  Q =  0.00000E+00 MeV  Emin = 1.00000E-11 MeV  : total alpha production

 Nuclide    7 / 130 : 3006.03c -- lithium 6 (Li-6)

 Pointers                     : 372611 3207
 Primary type                 : Transport
 Nuclide ZAI                  : 30060
 Library ID                   : 03c
 Cross section data file      : /home/leonardo.zortea/mcnp/xs/acedata/3006ENDF7.ace
 Atomic weight (AW)           : 6.01507
 Atomic weight ratio (AWR)    : 5.96340
 Temperature                  : 300.0 Kelvin
 XS temperature               : 300.0 Kelvin
 Minimum and maximum energy   : 1.00000E-11 2.00000E+01
 Half-life                    : stable
 Specific ingestion toxicity  : N/A
 Specific inhalation toxicity : N/A

 - Nuclide is not involved in burnup calculation
 - Nuclide has neutron transport data
 - Nuclide has no photon transport data
 - Nuclide has no S(a,b) data
 - Nuclide has no isomeric branching data
 - Nuclide is not fissile
 - Nuclide is not a delayed neutron precursor
 - Nuclide has no delayed neutron data
 - Nuclide has no ures ptable data
 - Nuclide temperature is not adjusted with TMS
 - Nuclide has no dosimetry data
 - Nuclide has decay data
 - Nuclide has no supplementary transmutation cross section data
 - Nuclide has no NFY data
 - Nuclide has no SFY data

 - 36 reaction channels
 - 5 special reactions
 - No transmutation reactions
 - No transmutation branch reactions
 - No decay reactions
 - No decay branch reactions
 - No transmutation paths

 36 reactions channel:

   1    MT =      2  Q =  0.00000E+00 MeV  Emin = 1.00000E-11 MeV  frac = 1.00000E+00  : elastic scattering
   2    MT =     24  Q = -3.69800E+00 MeV  Emin = 4.31812E+00 MeV  frac = 1.00000E+00  : (n,2nalpha)
   3    MT =     51  Q = -1.50000E+00 MeV  Emin = 1.75154E+00 MeV  frac = 1.00000E+00  : inelastic scatt. to 1. excited state
   4    MT =     52  Q = -2.00000E+00 MeV  Emin = 2.33540E+00 MeV  frac = 1.00000E+00  : inelastic scatt. to 2. excited state
   5    MT =     53  Q = -2.18500E+00 MeV  Emin = 2.55140E+00 MeV  frac = 1.00000E+00  : inelastic scatt. to 3. excited state
   6    MT =     54  Q = -2.50000E+00 MeV  Emin = 2.91922E+00 MeV  frac = 1.00000E+00  : inelastic scatt. to 4. excited state
   7    MT =     55  Q = -3.00000E+00 MeV  Emin = 3.50310E+00 MeV  frac = 1.00000E+00  : inelastic scatt. to 5. excited state
   8    MT =     56  Q = -3.50000E+00 MeV  Emin = 4.08692E+00 MeV  frac = 1.00000E+00  : inelastic scatt. to 6. excited state
   9    MT =     57  Q = -3.56200E+00 MeV  Emin = 4.15931E+00 MeV  frac = 1.00000E+00  : inelastic scatt. to 7. excited state
  10    MT =     58  Q = -4.00000E+00 MeV  Emin = 4.67080E+00 MeV  frac = 1.00000E+00  : inelastic scatt. to 8. excited state
  11    MT =     59  Q = -4.50000E+00 MeV  Emin = 5.25460E+00 MeV  frac = 1.00000E+00  : inelastic scatt. to 9. excited state
  12    MT =     60  Q = -5.00000E+00 MeV  Emin = 5.83845E+00 MeV  frac = 1.00000E+00  : inelastic scatt. to 10. excited state
  13    MT =     61  Q = -5.50000E+00 MeV  Emin = 6.42230E+00 MeV  frac = 1.00000E+00  : inelastic scatt. to 11. excited state
  14    MT =     62  Q = -6.00000E+00 MeV  Emin = 7.00614E+00 MeV  frac = 1.00000E+00  : inelastic scatt. to 12. excited state
  15    MT =     63  Q = -6.50000E+00 MeV  Emin = 7.59000E+00 MeV  frac = 1.00000E+00  : inelastic scatt. to 13. excited state
  16    MT =     64  Q = -7.00000E+00 MeV  Emin = 8.17383E+00 MeV  frac = 1.00000E+00  : inelastic scatt. to 14. excited state
  17    MT =     65  Q = -7.50000E+00 MeV  Emin = 8.75770E+00 MeV  frac = 1.00000E+00  : inelastic scatt. to 15. excited state
  18    MT =     66  Q = -8.00000E+00 MeV  Emin = 9.34152E+00 MeV  frac = 1.00000E+00  : inelastic scatt. to 16. excited state
  19    MT =     67  Q = -8.50000E+00 MeV  Emin = 9.92536E+00 MeV  frac = 1.00000E+00  : inelastic scatt. to 17. excited state
  20    MT =     68  Q = -9.00000E+00 MeV  Emin = 1.05092E+01 MeV  frac = 1.00000E+00  : inelastic scatt. to 18. excited state
  21    MT =     69  Q = -9.50000E+00 MeV  Emin = 1.10931E+01 MeV  frac = 1.00000E+00  : inelastic scatt. to 19. excited state
  22    MT =     70  Q = -1.00000E+01 MeV  Emin = 1.16770E+01 MeV  frac = 1.00000E+00  : inelastic scatt. to 20. excited state
  23    MT =     71  Q = -1.05000E+01 MeV  Emin = 1.22610E+01 MeV  frac = 1.00000E+00  : inelastic scatt. to 21. excited state
  24    MT =     72  Q = -1.10000E+01 MeV  Emin = 1.28450E+01 MeV  frac = 1.00000E+00  : inelastic scatt. to 22. excited state
  25    MT =     73  Q = -1.15000E+01 MeV  Emin = 1.34284E+01 MeV  frac = 1.00000E+00  : inelastic scatt. to 23. excited state
  26    MT =     74  Q = -1.20000E+01 MeV  Emin = 1.40123E+01 MeV  frac = 1.00000E+00  : inelastic scatt. to 24. excited state
  27    MT =     75  Q = -1.25000E+01 MeV  Emin = 1.45961E+01 MeV  frac = 1.00000E+00  : inelastic scatt. to 25. excited state
  28    MT =     76  Q = -1.30000E+01 MeV  Emin = 1.51800E+01 MeV  frac = 1.00000E+00  : inelastic scatt. to 26. excited state
  29    MT =     77  Q = -1.35000E+01 MeV  Emin = 1.57640E+01 MeV  frac = 1.00000E+00  : inelastic scatt. to 27. excited state
  30    MT =     78  Q = -1.40000E+01 MeV  Emin = 1.63480E+01 MeV  frac = 1.00000E+00  : inelastic scatt. to 28. excited state
  31    MT =     79  Q = -1.45000E+01 MeV  Emin = 1.69315E+01 MeV  frac = 1.00000E+00  : inelastic scatt. to 29. excited state
  32    MT =     80  Q = -1.50000E+01 MeV  Emin = 1.75154E+01 MeV  frac = 1.00000E+00  : inelastic scatt. to 30. excited state
  33    MT =     81  Q = -1.55000E+01 MeV  Emin = 1.80992E+01 MeV  frac = 1.00000E+00  : inelastic scatt. to 31. excited state
  34    MT =    102  Q =  7.25060E+00 MeV  Emin = 1.00000E-11 MeV  frac = 1.00000E+00  : (n,gamma)
  35    MT =    103  Q = -2.72730E+00 MeV  Emin = 3.18464E+00 MeV  frac = 1.00000E+00  : (n,p)
  36    MT =    105  Q =  4.78380E+00 MeV  Emin = 1.00000E-11 MeV  frac = 1.00000E+00  : (n,t)

 5 special reactions:

   1    MT =    203  Q =  0.00000E+00 MeV  Emin = 3.18464E+00 MeV  : total proton production
   2    MT =    204  Q =  0.00000E+00 MeV  Emin = 1.75154E+00 MeV  : total deuteron production
   3    MT =    205  Q =  0.00000E+00 MeV  Emin = 1.00000E-11 MeV  : total triton production
   4    MT =    207  Q =  0.00000E+00 MeV  Emin = 1.00000E-11 MeV  : total alpha production
   5    MT =      4  Q =  0.00000E+00 MeV  Emin = 1.75154E+00 MeV  : total inelastic scattering

 Nuclide    8 / 130 : 3007.03c -- lithium 7 (Li-7)

 Pointers                     : 375668 3483
 Primary type                 : Transport
 Nuclide ZAI                  : 30070
 Library ID                   : 03c
 Cross section data file      : /home/leonardo.zortea/mcnp/xs/acedata/3007ENDF7.ace
 Atomic weight (AW)           : 7.01600
 Atomic weight ratio (AWR)    : 6.95573
 Temperature                  : 300.0 Kelvin
 XS temperature               : 300.0 Kelvin
 Minimum and maximum energy   : 1.00000E-11 2.00000E+01
 Half-life                    : stable
 Specific ingestion toxicity  : N/A
 Specific inhalation toxicity : N/A

 - Nuclide is not involved in burnup calculation
 - Nuclide has neutron transport data
 - Nuclide has no photon transport data
 - Nuclide has no S(a,b) data
 - Nuclide has no isomeric branching data
 - Nuclide is not fissile
 - Nuclide is not a delayed neutron precursor
 - Nuclide has no delayed neutron data
 - Nuclide has no ures ptable data
 - Nuclide temperature is not adjusted with TMS
 - Nuclide has no dosimetry data
 - Nuclide has decay data
 - Nuclide has no supplementary transmutation cross section data
 - Nuclide has no NFY data
 - Nuclide has no SFY data

 - 38 reaction channels
 - 5 special reactions
 - No transmutation reactions
 - No transmutation branch reactions
 - No decay reactions
 - No decay branch reactions
 - No transmutation paths

 38 reactions channel:

   1    MT =      2  Q =  0.00000E+00 MeV  Emin = 1.00000E-11 MeV  frac = 1.00000E+00  : elastic scattering
   2    MT =     16  Q = -7.25050E+00 MeV  Emin = 8.29288E+00 MeV  frac = 1.00000E+00  : (n,2n)
   3    MT =     24  Q = -8.72400E+00 MeV  Emin = 9.97823E+00 MeV  frac = 1.00000E+00  : (n,2nalpha)
   4    MT =     25  Q = -1.09486E+01 MeV  Emin = 1.25227E+01 MeV  frac = 1.00000E+00  : (n,3nalpha)
   5    MT =     51  Q = -4.77610E-01 MeV  Emin = 5.46277E-01 MeV  frac = 1.00000E+00  : inelastic scatt. to 1. excited state
   6    MT =     52  Q = -2.75000E+00 MeV  Emin = 3.14540E+00 MeV  frac = 1.00000E+00  : inelastic scatt. to 2. excited state
   7    MT =     53  Q = -3.25000E+00 MeV  Emin = 3.71724E+00 MeV  frac = 1.00000E+00  : inelastic scatt. to 3. excited state
   8    MT =     54  Q = -3.75000E+00 MeV  Emin = 4.28913E+00 MeV  frac = 1.00000E+00  : inelastic scatt. to 4. excited state
   9    MT =     55  Q = -4.25000E+00 MeV  Emin = 4.86101E+00 MeV  frac = 1.00000E+00  : inelastic scatt. to 5. excited state
  10    MT =     56  Q = -4.63000E+00 MeV  Emin = 5.29564E+00 MeV  frac = 1.00000E+00  : inelastic scatt. to 6. excited state
  11    MT =     57  Q = -4.75000E+00 MeV  Emin = 5.43290E+00 MeV  frac = 1.00000E+00  : inelastic scatt. to 7. excited state
  12    MT =     58  Q = -5.25000E+00 MeV  Emin = 6.00480E+00 MeV  frac = 1.00000E+00  : inelastic scatt. to 8. excited state
  13    MT =     59  Q = -5.75000E+00 MeV  Emin = 6.57670E+00 MeV  frac = 1.00000E+00  : inelastic scatt. to 9. excited state
  14    MT =     60  Q = -6.25000E+00 MeV  Emin = 7.14854E+00 MeV  frac = 1.00000E+00  : inelastic scatt. to 10. excited state
  15    MT =     61  Q = -6.75000E+00 MeV  Emin = 7.72042E+00 MeV  frac = 1.00000E+00  : inelastic scatt. to 11. excited state
  16    MT =     62  Q = -7.25000E+00 MeV  Emin = 8.29231E+00 MeV  frac = 1.00000E+00  : inelastic scatt. to 12. excited state
  17    MT =     63  Q = -7.75000E+00 MeV  Emin = 8.86420E+00 MeV  frac = 1.00000E+00  : inelastic scatt. to 13. excited state
  18    MT =     64  Q = -8.25000E+00 MeV  Emin = 9.43610E+00 MeV  frac = 1.00000E+00  : inelastic scatt. to 14. excited state
  19    MT =     65  Q = -8.75000E+00 MeV  Emin = 1.00080E+01 MeV  frac = 1.00000E+00  : inelastic scatt. to 15. excited state
  20    MT =     66  Q = -9.25000E+00 MeV  Emin = 1.05800E+01 MeV  frac = 1.00000E+00  : inelastic scatt. to 16. excited state
  21    MT =     67  Q = -9.75000E+00 MeV  Emin = 1.11520E+01 MeV  frac = 1.00000E+00  : inelastic scatt. to 17. excited state
  22    MT =     68  Q = -1.02500E+01 MeV  Emin = 1.17240E+01 MeV  frac = 1.00000E+00  : inelastic scatt. to 18. excited state
  23    MT =     69  Q = -1.07500E+01 MeV  Emin = 1.22955E+01 MeV  frac = 1.00000E+00  : inelastic scatt. to 19. excited state
  24    MT =     70  Q = -1.12500E+01 MeV  Emin = 1.28674E+01 MeV  frac = 1.00000E+00  : inelastic scatt. to 20. excited state
  25    MT =     71  Q = -1.17500E+01 MeV  Emin = 1.34393E+01 MeV  frac = 1.00000E+00  : inelastic scatt. to 21. excited state
  26    MT =     72  Q = -1.22500E+01 MeV  Emin = 1.40112E+01 MeV  frac = 1.00000E+00  : inelastic scatt. to 22. excited state
  27    MT =     73  Q = -1.27500E+01 MeV  Emin = 1.45830E+01 MeV  frac = 1.00000E+00  : inelastic scatt. to 23. excited state
  28    MT =     74  Q = -1.32500E+01 MeV  Emin = 1.51550E+01 MeV  frac = 1.00000E+00  : inelastic scatt. to 24. excited state
  29    MT =     75  Q = -1.37500E+01 MeV  Emin = 1.57270E+01 MeV  frac = 1.00000E+00  : inelastic scatt. to 25. excited state
  30    MT =     76  Q = -1.42500E+01 MeV  Emin = 1.62990E+01 MeV  frac = 1.00000E+00  : inelastic scatt. to 26. excited state
  31    MT =     77  Q = -1.47500E+01 MeV  Emin = 1.68710E+01 MeV  frac = 1.00000E+00  : inelastic scatt. to 27. excited state
  32    MT =     78  Q = -1.52500E+01 MeV  Emin = 1.74425E+01 MeV  frac = 1.00000E+00  : inelastic scatt. to 28. excited state
  33    MT =     79  Q = -1.57500E+01 MeV  Emin = 1.80143E+01 MeV  frac = 1.00000E+00  : inelastic scatt. to 29. excited state
  34    MT =     80  Q = -1.62500E+01 MeV  Emin = 1.85862E+01 MeV  frac = 1.00000E+00  : inelastic scatt. to 30. excited state
  35    MT =     81  Q = -1.67500E+01 MeV  Emin = 1.91581E+01 MeV  frac = 1.00000E+00  : inelastic scatt. to 31. excited state
  36    MT =     82  Q = -1.72500E+01 MeV  Emin = 1.97300E+01 MeV  frac = 1.00000E+00  : inelastic scatt. to 32. excited state
  37    MT =    102  Q =  2.03280E+00 MeV  Emin = 1.00000E-11 MeV  frac = 1.00000E+00  : (n,gamma)
  38    MT =    104  Q = -7.75320E+00 MeV  Emin = 8.86786E+00 MeV  frac = 1.00000E+00  : (n,d)

 5 special reactions:

   1    MT =    203  Q =  0.00000E+00 MeV  Emin = 1.25227E+01 MeV  : total proton production
   2    MT =    204  Q =  0.00000E+00 MeV  Emin = 8.86786E+00 MeV  : total deuteron production
   3    MT =    205  Q =  0.00000E+00 MeV  Emin = 3.14540E+00 MeV  : total triton production
   4    MT =    207  Q =  0.00000E+00 MeV  Emin = 3.14540E+00 MeV  : total alpha production
   5    MT =      4  Q =  0.00000E+00 MeV  Emin = 5.46277E-01 MeV  : total inelastic scattering

 Nuclide    9 / 130 : 4009.03c -- beryllium 9 (Be-9)

 Pointers                     : 584389 4035
 Primary type                 : Transport
 Nuclide ZAI                  : 40090
 Library ID                   : 03c
 Cross section data file      : /home/leonardo.zortea/mcnp/xs/acedata/4009ENDF7.ace
 Atomic weight (AW)           : 9.01220
 Atomic weight ratio (AWR)    : 8.93478
 Temperature                  : 300.0 Kelvin
 XS temperature               : 300.0 Kelvin
 Minimum and maximum energy   : 1.00000E-11 2.00000E+01
 Half-life                    : stable
 Specific ingestion toxicity  : N/A
 Specific inhalation toxicity : N/A

 - Nuclide is not involved in burnup calculation
 - Nuclide has neutron transport data
 - Nuclide has no photon transport data
 - Nuclide has no S(a,b) data
 - Nuclide has no isomeric branching data
 - Nuclide is not fissile
 - Nuclide is not a delayed neutron precursor
 - Nuclide has no delayed neutron data
 - Nuclide has no ures ptable data
 - Nuclide temperature is not adjusted with TMS
 - Nuclide has no dosimetry data
 - Nuclide has decay data
 - Nuclide has no supplementary transmutation cross section data
 - Nuclide has no NFY data
 - Nuclide has no SFY data

 - 7 reaction channels
 - 9 special reactions
 - No transmutation reactions
 - No transmutation branch reactions
 - No decay reactions
 - No decay branch reactions
 - No transmutation paths

 7 reactions channel:

   1    MT =      2  Q =  0.00000E+00 MeV  Emin = 1.00000E-11 MeV  frac = 1.00000E+00  : elastic scattering
   2    MT =     16  Q = -1.57280E+00 MeV  Emin = 1.74883E+00 MeV  frac = 1.00000E+00  : (n,2n)
   3    MT =    102  Q =  6.81238E+00 MeV  Emin = 1.00000E-11 MeV  frac = 1.00000E+00  : (n,gamma)
   4    MT =    103  Q = -1.28300E+01 MeV  Emin = 1.42660E+01 MeV  frac = 1.00000E+00  : (n,p)
   5    MT =    104  Q = -1.46600E+01 MeV  Emin = 1.63008E+01 MeV  frac = 1.00000E+00  : (n,d)
   6    MT =    105  Q = -1.04400E+01 MeV  Emin = 1.16085E+01 MeV  frac = 1.00000E+00  : (n,t)
   7    MT =    107  Q = -6.00000E-01 MeV  Emin = 6.67153E-01 MeV  frac = 1.00000E+00  : (n,alpha)

 9 special reactions:

   1    MT =    203  Q =  0.00000E+00 MeV  Emin = 1.42660E+01 MeV  : total proton production
   2    MT =    204  Q =  0.00000E+00 MeV  Emin = 1.63008E+01 MeV  : total deuteron production
   3    MT =    205  Q =  0.00000E+00 MeV  Emin = 1.16085E+01 MeV  : total triton production
   4    MT =    207  Q =  0.00000E+00 MeV  Emin = 6.67153E-01 MeV  : total alpha production
   5    MT =    600  Q = -1.28300E+01 MeV  Emin = 1.42660E+01 MeV  : (n,p) to ground state
   6    MT =    650  Q = -1.46600E+01 MeV  Emin = 1.63008E+01 MeV  : (n,d) to ground state
   7    MT =    700  Q = -1.04400E+01 MeV  Emin = 1.16085E+01 MeV  : (n,t) to ground state
   8    MT =    701  Q = -1.09180E+01 MeV  Emin = 1.21400E+01 MeV  : (n,t1)
   9    MT =    800  Q = -6.00000E-01 MeV  Emin = 6.67153E-01 MeV  : (n,alpha) to ground state

 Nuclide   10 / 130 : 5010.03c -- boron 10 (B-10)

 Pointers                     : 536316 4311
 Primary type                 : Transport
 Nuclide ZAI                  : 50100
 Library ID                   : 03c
 Cross section data file      : /home/leonardo.zortea/mcnp/xs/acedata/5010ENDF7.ace
 Atomic weight (AW)           : 10.01294
 Atomic weight ratio (AWR)    : 9.92692
 Temperature                  : 300.0 Kelvin
 XS temperature               : 300.0 Kelvin
 Minimum and maximum energy   : 1.00000E-11 2.00000E+01
 Half-life                    : stable
 Specific ingestion toxicity  : N/A
 Specific inhalation toxicity : N/A

 - Nuclide is not involved in burnup calculation
 - Nuclide has neutron transport data
 - Nuclide has no photon transport data
 - Nuclide has no S(a,b) data
 - Nuclide has no isomeric branching data
 - Nuclide is not fissile
 - Nuclide is not a delayed neutron precursor
 - Nuclide has no delayed neutron data
 - Nuclide has no ures ptable data
 - Nuclide temperature is not adjusted with TMS
 - Nuclide has no dosimetry data
 - Nuclide has decay data
 - Nuclide has no supplementary transmutation cross section data
 - Nuclide has no NFY data
 - Nuclide has no SFY data

 - 41 reaction channels
 - 13 special reactions
 - No transmutation reactions
 - No transmutation branch reactions
 - No decay reactions
 - No decay branch reactions
 - No transmutation paths

 41 reactions channel:

   1    MT =      2  Q =  0.00000E+00 MeV  Emin = 1.00000E-11 MeV  frac = 1.00000E+00  : elastic scattering
   2    MT =     51  Q = -7.18350E-01 MeV  Emin = 7.90714E-01 MeV  frac = 1.00000E+00  : inelastic scatt. to 1. excited state
   3    MT =     52  Q = -1.74015E+00 MeV  Emin = 1.91545E+00 MeV  frac = 1.00000E+00  : inelastic scatt. to 2. excited state
   4    MT =     53  Q = -2.15430E+00 MeV  Emin = 2.37132E+00 MeV  frac = 1.00000E+00  : inelastic scatt. to 3. excited state
   5    MT =     54  Q = -3.58710E+00 MeV  Emin = 3.94845E+00 MeV  frac = 1.00000E+00  : inelastic scatt. to 4. excited state
   6    MT =     55  Q = -4.77400E+00 MeV  Emin = 5.25491E+00 MeV  frac = 1.00000E+00  : inelastic scatt. to 5. excited state
   7    MT =     56  Q = -5.11030E+00 MeV  Emin = 5.62509E+00 MeV  frac = 1.00000E+00  : inelastic scatt. to 6. excited state
   8    MT =     57  Q = -5.16390E+00 MeV  Emin = 5.68409E+00 MeV  frac = 1.00000E+00  : inelastic scatt. to 7. excited state
   9    MT =     58  Q = -5.18000E+00 MeV  Emin = 5.70181E+00 MeV  frac = 1.00000E+00  : inelastic scatt. to 8. excited state
  10    MT =     59  Q = -5.91950E+00 MeV  Emin = 6.51581E+00 MeV  frac = 1.00000E+00  : inelastic scatt. to 9. excited state
  11    MT =     60  Q = -6.02500E+00 MeV  Emin = 6.63194E+00 MeV  frac = 1.00000E+00  : inelastic scatt. to 10. excited state
  12    MT =     61  Q = -6.12720E+00 MeV  Emin = 6.74443E+00 MeV  frac = 1.00000E+00  : inelastic scatt. to 11. excited state
  13    MT =     62  Q = -6.50000E+00 MeV  Emin = 7.15500E+00 MeV  frac = 1.00000E+00  : inelastic scatt. to 12. excited state
  14    MT =     63  Q = -7.00000E+00 MeV  Emin = 7.70515E+00 MeV  frac = 1.00000E+00  : inelastic scatt. to 13. excited state
  15    MT =     64  Q = -7.50000E+00 MeV  Emin = 8.25600E+00 MeV  frac = 1.00000E+00  : inelastic scatt. to 14. excited state
  16    MT =     65  Q = -8.00000E+00 MeV  Emin = 8.80600E+00 MeV  frac = 1.00000E+00  : inelastic scatt. to 15. excited state
  17    MT =     66  Q = -8.50000E+00 MeV  Emin = 9.35626E+00 MeV  frac = 1.00000E+00  : inelastic scatt. to 16. excited state
  18    MT =     67  Q = -9.00000E+00 MeV  Emin = 9.90700E+00 MeV  frac = 1.00000E+00  : inelastic scatt. to 17. excited state
  19    MT =     68  Q = -9.50000E+00 MeV  Emin = 1.04570E+01 MeV  frac = 1.00000E+00  : inelastic scatt. to 18. excited state
  20    MT =     69  Q = -1.00000E+01 MeV  Emin = 1.10074E+01 MeV  frac = 1.00000E+00  : inelastic scatt. to 19. excited state
  21    MT =     70  Q = -1.05000E+01 MeV  Emin = 1.15580E+01 MeV  frac = 1.00000E+00  : inelastic scatt. to 20. excited state
  22    MT =     71  Q = -1.10000E+01 MeV  Emin = 1.21081E+01 MeV  frac = 1.00000E+00  : inelastic scatt. to 21. excited state
  23    MT =     72  Q = -1.15000E+01 MeV  Emin = 1.26585E+01 MeV  frac = 1.00000E+00  : inelastic scatt. to 22. excited state
  24    MT =     73  Q = -1.20000E+01 MeV  Emin = 1.32090E+01 MeV  frac = 1.00000E+00  : inelastic scatt. to 23. excited state
  25    MT =     74  Q = -1.25000E+01 MeV  Emin = 1.37592E+01 MeV  frac = 1.00000E+00  : inelastic scatt. to 24. excited state
  26    MT =     75  Q = -1.30000E+01 MeV  Emin = 1.43100E+01 MeV  frac = 1.00000E+00  : inelastic scatt. to 25. excited state
  27    MT =     76  Q = -1.35000E+01 MeV  Emin = 1.48600E+01 MeV  frac = 1.00000E+00  : inelastic scatt. to 26. excited state
  28    MT =     77  Q = -1.40000E+01 MeV  Emin = 1.54103E+01 MeV  frac = 1.00000E+00  : inelastic scatt. to 27. excited state
  29    MT =     78  Q = -1.45000E+01 MeV  Emin = 1.59610E+01 MeV  frac = 1.00000E+00  : inelastic scatt. to 28. excited state
  30    MT =     79  Q = -1.50000E+01 MeV  Emin = 1.65111E+01 MeV  frac = 1.00000E+00  : inelastic scatt. to 29. excited state
  31    MT =     80  Q = -1.55000E+01 MeV  Emin = 1.70614E+01 MeV  frac = 1.00000E+00  : inelastic scatt. to 30. excited state
  32    MT =     81  Q = -1.60000E+01 MeV  Emin = 1.76120E+01 MeV  frac = 1.00000E+00  : inelastic scatt. to 31. excited state
  33    MT =     82  Q = -1.65000E+01 MeV  Emin = 1.81622E+01 MeV  frac = 1.00000E+00  : inelastic scatt. to 32. excited state
  34    MT =     83  Q = -1.70000E+01 MeV  Emin = 1.87130E+01 MeV  frac = 1.00000E+00  : inelastic scatt. to 33. excited state
  35    MT =     84  Q = -1.75000E+01 MeV  Emin = 1.92630E+01 MeV  frac = 1.00000E+00  : inelastic scatt. to 34. excited state
  36    MT =     85  Q = -1.80000E+01 MeV  Emin = 1.98133E+01 MeV  frac = 1.00000E+00  : inelastic scatt. to 35. excited state
  37    MT =    102  Q =  1.14560E+01 MeV  Emin = 1.00000E-11 MeV  frac = 1.00000E+00  : (n,gamma)
  38    MT =    103  Q =  2.26241E-01 MeV  Emin = 1.00000E-11 MeV  frac = 1.00000E+00  : (n,p)
  39    MT =    104  Q = -4.36100E+00 MeV  Emin = 4.80031E+00 MeV  frac = 1.00000E+00  : (n,d)
  40    MT =    107  Q =  2.78952E+00 MeV  Emin = 1.00000E-11 MeV  frac = 1.00000E+00  : (n,alpha)
  41    MT =    113  Q =  3.24000E-01 MeV  Emin = 1.00000E-11 MeV  frac = 1.00000E+00  : (n,t2alpha)

 13 special reactions:

   1    MT =    203  Q =  0.00000E+00 MeV  Emin = 1.00000E-11 MeV  : total proton production
   2    MT =    204  Q =  0.00000E+00 MeV  Emin = 4.80000E+00 MeV  : total deuteron production
   3    MT =    205  Q =  0.00000E+00 MeV  Emin = 1.00000E-11 MeV  : total triton production
   4    MT =    207  Q =  0.00000E+00 MeV  Emin = 1.00000E-11 MeV  : total alpha production
   5    MT =    600  Q =  2.26241E-01 MeV  Emin = 1.00000E-11 MeV  : (n,p) to ground state
   6    MT =    601  Q = -3.14179E+00 MeV  Emin = 3.45828E+00 MeV  : (n,p1)
   7    MT =    602  Q = -5.73215E+00 MeV  Emin = 6.30959E+00 MeV  : (n,p2)
   8    MT =    603  Q = -5.73366E+00 MeV  Emin = 6.31125E+00 MeV  : (n,p3)
   9    MT =    604  Q = -5.95306E+00 MeV  Emin = 6.55275E+00 MeV  : (n,p4)
  10    MT =    605  Q = -6.03706E+00 MeV  Emin = 6.64521E+00 MeV  : (n,p5)
  11    MT =    800  Q =  2.78952E+00 MeV  Emin = 1.00000E-11 MeV  : (n,alpha) to ground state
  12    MT =    801  Q =  2.31192E+00 MeV  Emin = 1.00000E-11 MeV  : (n,a1)
  13    MT =      4  Q =  0.00000E+00 MeV  Emin = 7.90714E-01 MeV  : total inelastic scattering

 Nuclide   11 / 130 : 5011.03c -- boron 11 (B-11)

 Pointers                     : 540309 4587
 Primary type                 : Transport
 Nuclide ZAI                  : 50110
 Library ID                   : 03c
 Cross section data file      : /home/leonardo.zortea/mcnp/xs/acedata/5011ENDF7.ace
 Atomic weight (AW)           : 11.00928
 Atomic weight ratio (AWR)    : 10.91470
 Temperature                  : 300.0 Kelvin
 XS temperature               : 300.0 Kelvin
 Minimum and maximum energy   : 1.00000E-11 2.00000E+01
 Half-life                    : stable
 Specific ingestion toxicity  : N/A
 Specific inhalation toxicity : N/A

 - Nuclide is not involved in burnup calculation
 - Nuclide has neutron transport data
 - Nuclide has no photon transport data
 - Nuclide has no S(a,b) data
 - Nuclide has no isomeric branching data
 - Nuclide is not fissile
 - Nuclide is not a delayed neutron precursor
 - Nuclide has no delayed neutron data
 - Nuclide has no ures ptable data
 - Nuclide temperature is not adjusted with TMS
 - Nuclide has no dosimetry data
 - Nuclide has decay data
 - Nuclide has no supplementary transmutation cross section data
 - Nuclide has no NFY data
 - Nuclide has no SFY data

 - 19 reaction channels
 - 4 special reactions
 - No transmutation reactions
 - No transmutation branch reactions
 - No decay reactions
 - No decay branch reactions
 - No transmutation paths

 19 reactions channel:

   1    MT =      2  Q =  0.00000E+00 MeV  Emin = 1.00000E-11 MeV  frac = 1.00000E+00  : elastic scattering
   2    MT =     16  Q = -1.14541E+01 MeV  Emin = 1.25036E+01 MeV  frac = 1.00000E+00  : (n,2n)
   3    MT =     22  Q = -8.66370E+00 MeV  Emin = 9.45750E+00 MeV  frac = 1.00000E+00  : (n,nalpha)
   4    MT =     28  Q = -1.12280E+01 MeV  Emin = 1.22567E+01 MeV  frac = 1.00000E+00  : (n,np)
   5    MT =     51  Q = -2.12469E+00 MeV  Emin = 2.31935E+00 MeV  frac = 1.00000E+00  : inelastic scatt. to 1. excited state
   6    MT =     52  Q = -4.44489E+00 MeV  Emin = 4.85213E+00 MeV  frac = 1.00000E+00  : inelastic scatt. to 2. excited state
   7    MT =     53  Q = -5.02031E+00 MeV  Emin = 5.48027E+00 MeV  frac = 1.00000E+00  : inelastic scatt. to 3. excited state
   8    MT =     54  Q = -6.74290E+00 MeV  Emin = 7.36070E+00 MeV  frac = 1.00000E+00  : inelastic scatt. to 4. excited state
   9    MT =     55  Q = -6.79180E+00 MeV  Emin = 7.41410E+00 MeV  frac = 1.00000E+00  : inelastic scatt. to 5. excited state
  10    MT =     56  Q = -7.28551E+00 MeV  Emin = 7.95301E+00 MeV  frac = 1.00000E+00  : inelastic scatt. to 6. excited state
  11    MT =     57  Q = -7.97784E+00 MeV  Emin = 8.70880E+00 MeV  frac = 1.00000E+00  : inelastic scatt. to 7. excited state
  12    MT =     58  Q = -8.56030E+00 MeV  Emin = 9.34460E+00 MeV  frac = 1.00000E+00  : inelastic scatt. to 8. excited state
  13    MT =     59  Q = -8.92020E+00 MeV  Emin = 9.73750E+00 MeV  frac = 1.00000E+00  : inelastic scatt. to 9. excited state
  14    MT =     60  Q = -9.18500E+00 MeV  Emin = 1.00270E+01 MeV  frac = 1.00000E+00  : inelastic scatt. to 10. excited state
  15    MT =     91  Q = -9.18500E+00 MeV  Emin = 1.00270E+01 MeV  frac = 1.00000E+00  : inelastic scattering to continuum
  16    MT =    102  Q =  3.36987E+00 MeV  Emin = 1.00000E-11 MeV  frac = 1.00000E+00  : (n,gamma)
  17    MT =    103  Q = -1.07237E+01 MeV  Emin = 1.17062E+01 MeV  frac = 1.00000E+00  : (n,p)
  18    MT =    105  Q = -9.55824E+00 MeV  Emin = 1.04340E+01 MeV  frac = 1.00000E+00  : (n,t)
  19    MT =    107  Q = -6.63095E+00 MeV  Emin = 7.23850E+00 MeV  frac = 1.00000E+00  : (n,alpha)

 4 special reactions:

   1    MT =    203  Q =  0.00000E+00 MeV  Emin = 1.17062E+01 MeV  : total proton production
   2    MT =    205  Q =  0.00000E+00 MeV  Emin = 1.04340E+01 MeV  : total triton production
   3    MT =    207  Q =  0.00000E+00 MeV  Emin = 7.23850E+00 MeV  : total alpha production
   4    MT =      4  Q =  0.00000E+00 MeV  Emin = 2.31935E+00 MeV  : total inelastic scattering

 Nuclide   12 / 130 : 6000.03c -- natural carbon (C-nat)

 Pointers                     : 320278 4863
 Primary type                 : Transport
 Nuclide ZAI                  : 60000
 Library ID                   : 03c
 Cross section data file      : /home/leonardo.zortea/mcnp/xs/acedata/6000ENDF7.ace
 Atomic weight (AW)           : 12.00110
 Atomic weight ratio (AWR)    : 11.89800
 Temperature                  : 300.0 Kelvin
 XS temperature               : 300.0 Kelvin
 Minimum and maximum energy   : 1.00000E-11 1.50000E+02
 Half-life                    : N/A
 Specific ingestion toxicity  : N/A
 Specific inhalation toxicity : N/A

 - Nuclide is not involved in burnup calculation
 - Nuclide has neutron transport data
 - Nuclide has no photon transport data
 - Nuclide has no S(a,b) data
 - Nuclide has no isomeric branching data
 - Nuclide is not fissile
 - Nuclide is not a delayed neutron precursor
 - Nuclide has no delayed neutron data
 - Nuclide has no ures ptable data
 - Nuclide temperature is not adjusted with TMS
 - Nuclide has no dosimetry data
 - Nuclide has no decay data
 - Nuclide has no supplementary transmutation cross section data
 - Nuclide has no NFY data
 - Nuclide has no SFY data

 - 20 reaction channels
 - 4 special reactions
 - No transmutation reactions
 - No transmutation branch reactions
 - No decay reactions
 - No decay branch reactions
 - No transmutation paths

 20 reactions channel:

   1    MT =      2  Q =  0.00000E+00 MeV  Emin = 1.00000E-11 MeV  frac = 1.00000E+00  : elastic scattering
   2    MT =      5  Q =  0.00000E+00 MeV  Emin = 2.00000E+01 MeV  frac = 1.00000E+00  : anything
   3    MT =     28  Q = -1.59570E+01 MeV  Emin = 1.72982E+01 MeV  frac = 1.00000E+00  : (n,np)
   4    MT =     51  Q = -4.43900E+00 MeV  Emin = 4.81209E+00 MeV  frac = 1.00000E+00  : inelastic scatt. to 1. excited state
   5    MT =     52  Q = -7.65300E+00 MeV  Emin = 8.29622E+00 MeV  frac = 1.00000E+00  : inelastic scatt. to 2. excited state
   6    MT =     53  Q = -9.63800E+00 MeV  Emin = 1.04481E+01 MeV  frac = 1.00000E+00  : inelastic scatt. to 3. excited state
   7    MT =     54  Q = -1.08000E+01 MeV  Emin = 1.17080E+01 MeV  frac = 1.00000E+00  : inelastic scatt. to 4. excited state
   8    MT =     55  Q = -1.18000E+01 MeV  Emin = 1.27920E+01 MeV  frac = 1.00000E+00  : inelastic scatt. to 5. excited state
   9    MT =     56  Q = -1.27000E+01 MeV  Emin = 1.37674E+01 MeV  frac = 1.00000E+00  : inelastic scatt. to 6. excited state
  10    MT =     57  Q = -1.33500E+01 MeV  Emin = 1.45000E+01 MeV  frac = 1.00000E+00  : inelastic scatt. to 7. excited state
  11    MT =     58  Q = -1.40800E+01 MeV  Emin = 1.52634E+01 MeV  frac = 1.00000E+00  : inelastic scatt. to 8. excited state
  12    MT =     59  Q = -1.50800E+01 MeV  Emin = 1.63474E+01 MeV  frac = 1.00000E+00  : inelastic scatt. to 9. excited state
  13    MT =     60  Q = -1.60800E+01 MeV  Emin = 1.74315E+01 MeV  frac = 1.00000E+00  : inelastic scatt. to 10. excited state
  14    MT =     61  Q = -1.70800E+01 MeV  Emin = 1.85160E+01 MeV  frac = 1.00000E+00  : inelastic scatt. to 11. excited state
  15    MT =     62  Q = -1.80800E+01 MeV  Emin = 1.96000E+01 MeV  frac = 1.00000E+00  : inelastic scatt. to 12. excited state
  16    MT =     91  Q = -7.27500E+00 MeV  Emin = 7.88645E+00 MeV  frac = 1.00000E+00  : inelastic scattering to continuum
  17    MT =    102  Q =  4.94700E+00 MeV  Emin = 1.00000E-11 MeV  frac = 1.00000E+00  : (n,gamma)
  18    MT =    103  Q = -1.25880E+01 MeV  Emin = 1.44720E+01 MeV  frac = 1.00000E+00  : (n,p)
  19    MT =    104  Q = -1.37330E+01 MeV  Emin = 1.52630E+01 MeV  frac = 1.00000E+00  : (n,d)
  20    MT =    107  Q = -5.70200E+00 MeV  Emin = 6.18124E+00 MeV  frac = 1.00000E+00  : (n,alpha)

 4 special reactions:

   1    MT =    203  Q =  0.00000E+00 MeV  Emin = 1.44720E+01 MeV  : total proton production
   2    MT =    204  Q =  0.00000E+00 MeV  Emin = 1.52630E+01 MeV  : total deuteron production
   3    MT =    207  Q =  0.00000E+00 MeV  Emin = 6.18124E+00 MeV  : total alpha production
   4    MT =      4  Q =  0.00000E+00 MeV  Emin = 4.81209E+00 MeV  : total inelastic scattering

 Nuclide   13 / 130 : 7014.03c -- nitrogen 14 (N-14)

 Pointers                     : 378869 5415
 Primary type                 : Transport
 Nuclide ZAI                  : 70140
 Library ID                   : 03c
 Cross section data file      : /home/leonardo.zortea/mcnp/xs/acedata/7014ENDF7.ace
 Atomic weight (AW)           : 14.00307
 Atomic weight ratio (AWR)    : 13.88278
 Temperature                  : 300.0 Kelvin
 XS temperature               : 300.0 Kelvin
 Minimum and maximum energy   : 1.00000E-11 1.50000E+02
 Half-life                    : stable
 Specific ingestion toxicity  : N/A
 Specific inhalation toxicity : N/A

 - Nuclide is not involved in burnup calculation
 - Nuclide has neutron transport data
 - Nuclide has no photon transport data
 - Nuclide has no S(a,b) data
 - Nuclide has no isomeric branching data
 - Nuclide is not fissile
 - Nuclide is not a delayed neutron precursor
 - Nuclide has no delayed neutron data
 - Nuclide has no ures ptable data
 - Nuclide temperature is not adjusted with TMS
 - Nuclide has no dosimetry data
 - Nuclide has decay data
 - Nuclide has no supplementary transmutation cross section data
 - Nuclide has no NFY data
 - Nuclide has no SFY data

 - 36 reaction channels
 - 29 special reactions
 - No transmutation reactions
 - No transmutation branch reactions
 - No decay reactions
 - No decay branch reactions
 - No transmutation paths

 36 reactions channel:

   1    MT =      2  Q =  0.00000E+00 MeV  Emin = 1.00000E-11 MeV  frac = 1.00000E+00  : elastic scattering
   2    MT =      5  Q =  0.00000E+00 MeV  Emin = 2.00000E+01 MeV  frac = 1.00000E+00  : anything
   3    MT =     16  Q = -1.05535E+01 MeV  Emin = 1.13137E+01 MeV  frac = 1.00000E+00  : (n,2n)
   4    MT =     51  Q = -2.31280E+00 MeV  Emin = 2.47939E+00 MeV  frac = 1.00000E+00  : inelastic scatt. to 1. excited state
   5    MT =     52  Q = -3.94810E+00 MeV  Emin = 4.23249E+00 MeV  frac = 1.00000E+00  : inelastic scatt. to 2. excited state
   6    MT =     53  Q = -4.91510E+00 MeV  Emin = 5.26914E+00 MeV  frac = 1.00000E+00  : inelastic scatt. to 3. excited state
   7    MT =     54  Q = -5.10589E+00 MeV  Emin = 5.47368E+00 MeV  frac = 1.00000E+00  : inelastic scatt. to 4. excited state
   8    MT =     55  Q = -5.69144E+00 MeV  Emin = 6.10141E+00 MeV  frac = 1.00000E+00  : inelastic scatt. to 5. excited state
   9    MT =     56  Q = -5.83425E+00 MeV  Emin = 6.25450E+00 MeV  frac = 1.00000E+00  : inelastic scatt. to 6. excited state
  10    MT =     57  Q = -6.20350E+00 MeV  Emin = 6.65035E+00 MeV  frac = 1.00000E+00  : inelastic scatt. to 7. excited state
  11    MT =     58  Q = -6.44617E+00 MeV  Emin = 6.91050E+00 MeV  frac = 1.00000E+00  : inelastic scatt. to 8. excited state
  12    MT =     59  Q = -7.02912E+00 MeV  Emin = 7.53544E+00 MeV  frac = 1.00000E+00  : inelastic scatt. to 9. excited state
  13    MT =     60  Q = -7.96690E+00 MeV  Emin = 8.54077E+00 MeV  frac = 1.00000E+00  : inelastic scatt. to 10. excited state
  14    MT =     61  Q = -8.06200E+00 MeV  Emin = 8.64272E+00 MeV  frac = 1.00000E+00  : inelastic scatt. to 11. excited state
  15    MT =     62  Q = -8.48990E+00 MeV  Emin = 9.10145E+00 MeV  frac = 1.00000E+00  : inelastic scatt. to 12. excited state
  16    MT =     63  Q = -8.75000E+00 MeV  Emin = 9.38028E+00 MeV  frac = 1.00000E+00  : inelastic scatt. to 13. excited state
  17    MT =     64  Q = -9.25000E+00 MeV  Emin = 9.91630E+00 MeV  frac = 1.00000E+00  : inelastic scatt. to 14. excited state
  18    MT =     65  Q = -9.75000E+00 MeV  Emin = 1.04523E+01 MeV  frac = 1.00000E+00  : inelastic scatt. to 15. excited state
  19    MT =     66  Q = -1.02500E+01 MeV  Emin = 1.09883E+01 MeV  frac = 1.00000E+00  : inelastic scatt. to 16. excited state
  20    MT =     67  Q = -1.07500E+01 MeV  Emin = 1.15244E+01 MeV  frac = 1.00000E+00  : inelastic scatt. to 17. excited state
  21    MT =     68  Q = -1.12500E+01 MeV  Emin = 1.20604E+01 MeV  frac = 1.00000E+00  : inelastic scatt. to 18. excited state
  22    MT =     69  Q = -1.17500E+01 MeV  Emin = 1.25964E+01 MeV  frac = 1.00000E+00  : inelastic scatt. to 19. excited state
  23    MT =     70  Q = -1.22500E+01 MeV  Emin = 1.31324E+01 MeV  frac = 1.00000E+00  : inelastic scatt. to 20. excited state
  24    MT =     71  Q = -1.27500E+01 MeV  Emin = 1.36684E+01 MeV  frac = 1.00000E+00  : inelastic scatt. to 21. excited state
  25    MT =     72  Q = -1.32500E+01 MeV  Emin = 1.42044E+01 MeV  frac = 1.00000E+00  : inelastic scatt. to 22. excited state
  26    MT =     73  Q = -1.40000E+01 MeV  Emin = 1.50084E+01 MeV  frac = 1.00000E+00  : inelastic scatt. to 23. excited state
  27    MT =     74  Q = -1.50000E+01 MeV  Emin = 1.60805E+01 MeV  frac = 1.00000E+00  : inelastic scatt. to 24. excited state
  28    MT =     75  Q = -1.60000E+01 MeV  Emin = 1.71525E+01 MeV  frac = 1.00000E+00  : inelastic scatt. to 25. excited state
  29    MT =     76  Q = -1.70000E+01 MeV  Emin = 1.82246E+01 MeV  frac = 1.00000E+00  : inelastic scatt. to 26. excited state
  30    MT =     77  Q = -1.80000E+01 MeV  Emin = 1.92970E+01 MeV  frac = 1.00000E+00  : inelastic scatt. to 27. excited state
  31    MT =    102  Q =  1.08334E+01 MeV  Emin = 1.00000E-11 MeV  frac = 1.00000E+00  : (n,gamma)
  32    MT =    103  Q =  6.25876E-01 MeV  Emin = 1.00000E-11 MeV  frac = 1.00000E+00  : (n,p)
  33    MT =    104  Q = -5.32604E+00 MeV  Emin = 5.70969E+00 MeV  frac = 1.00000E+00  : (n,d)
  34    MT =    105  Q = -4.01510E+00 MeV  Emin = 4.30432E+00 MeV  frac = 1.00000E+00  : (n,t)
  35    MT =    107  Q = -1.58297E-01 MeV  Emin = 1.69700E-01 MeV  frac = 1.00000E+00  : (n,alpha)
  36    MT =    108  Q = -8.82201E+00 MeV  Emin = 9.45747E+00 MeV  frac = 1.00000E+00  : (n,2alpha)

 29 special reactions:

   1    MT =    203  Q =  0.00000E+00 MeV  Emin = 1.00000E-11 MeV  : total proton production
   2    MT =    204  Q =  0.00000E+00 MeV  Emin = 5.70969E+00 MeV  : total deuteron production
   3    MT =    205  Q =  0.00000E+00 MeV  Emin = 4.30432E+00 MeV  : total triton production
   4    MT =    207  Q =  0.00000E+00 MeV  Emin = 1.69700E-01 MeV  : total alpha production
   5    MT =    600  Q =  6.25876E-01 MeV  Emin = 1.00000E-11 MeV  : (n,p) to ground state
   6    MT =    601  Q = -5.46793E+00 MeV  Emin = 5.86179E+00 MeV  : (n,p1)
   7    MT =    602  Q = -5.96352E+00 MeV  Emin = 6.39309E+00 MeV  : (n,p2)
   8    MT =    603  Q = -6.10233E+00 MeV  Emin = 6.54189E+00 MeV  : (n,p3)
   9    MT =    604  Q = -6.27672E+00 MeV  Emin = 6.72885E+00 MeV  : (n,p4)
  10    MT =    605  Q = -6.38612E+00 MeV  Emin = 6.84613E+00 MeV  : (n,p5)
  11    MT =    606  Q = -6.71553E+00 MeV  Emin = 7.19926E+00 MeV  : (n,p6)
  12    MT =    650  Q = -5.32604E+00 MeV  Emin = 5.70969E+00 MeV  : (n,d) to ground state
  13    MT =    651  Q = -8.41545E+00 MeV  Emin = 9.02163E+00 MeV  : (n,d1)
  14    MT =    652  Q = -9.01055E+00 MeV  Emin = 9.65959E+00 MeV  : (n,d2)
  15    MT =    653  Q = -9.17985E+00 MeV  Emin = 9.84109E+00 MeV  : (n,d3)
  16    MT =    700  Q = -4.01510E+00 MeV  Emin = 4.30432E+00 MeV  : (n,t) to ground state
  17    MT =    701  Q = -8.45401E+00 MeV  Emin = 9.06297E+00 MeV  : (n,t1)
  18    MT =    800  Q = -1.58297E-01 MeV  Emin = 1.69700E-01 MeV  : (n,alpha) to ground state
  19    MT =    801  Q = -2.28299E+00 MeV  Emin = 2.44744E+00 MeV  : (n,a1)
  20    MT =    802  Q = -4.60319E+00 MeV  Emin = 4.93476E+00 MeV  : (n,a2)
  21    MT =    803  Q = -5.17861E+00 MeV  Emin = 5.55163E+00 MeV  : (n,a3)
  22    MT =    804  Q = -6.90120E+00 MeV  Emin = 7.39830E+00 MeV  : (n,a4)
  23    MT =    805  Q = -6.95010E+00 MeV  Emin = 7.45073E+00 MeV  : (n,a5)
  24    MT =    806  Q = -7.44381E+00 MeV  Emin = 7.98000E+00 MeV  : (n,a6)
  25    MT =    807  Q = -8.13614E+00 MeV  Emin = 8.72220E+00 MeV  : (n,a7)
  26    MT =    808  Q = -8.71860E+00 MeV  Emin = 9.34661E+00 MeV  : (n,a8)
  27    MT =    809  Q = -9.07850E+00 MeV  Emin = 9.73244E+00 MeV  : (n,a9)
  28    MT =    810  Q = -9.34330E+00 MeV  Emin = 1.00163E+01 MeV  : (n,a10)
  29    MT =      4  Q =  0.00000E+00 MeV  Emin = 2.47939E+00 MeV  : total inelastic scattering

 Nuclide   14 / 130 : 7015.03c -- nitrogen 15 (N-15)

 Pointers                     : 383654 5691
 Primary type                 : Transport
 Nuclide ZAI                  : 70150
 Library ID                   : 03c
 Cross section data file      : /home/leonardo.zortea/mcnp/xs/acedata/7015ENDF7.ace
 Atomic weight (AW)           : 14.99986
 Atomic weight ratio (AWR)    : 14.87100
 Temperature                  : 300.0 Kelvin
 XS temperature               : 300.0 Kelvin
 Minimum and maximum energy   : 1.00000E-11 2.00000E+01
 Half-life                    : stable
 Specific ingestion toxicity  : N/A
 Specific inhalation toxicity : N/A

 - Nuclide is not involved in burnup calculation
 - Nuclide has neutron transport data
 - Nuclide has no photon transport data
 - Nuclide has no S(a,b) data
 - Nuclide has no isomeric branching data
 - Nuclide is not fissile
 - Nuclide is not a delayed neutron precursor
 - Nuclide has no delayed neutron data
 - Nuclide has no ures ptable data
 - Nuclide temperature is not adjusted with TMS
 - Nuclide has no dosimetry data
 - Nuclide has decay data
 - Nuclide has no supplementary transmutation cross section data
 - Nuclide has no NFY data
 - Nuclide has no SFY data

 - 17 reaction channels
 - 5 special reactions
 - No transmutation reactions
 - No transmutation branch reactions
 - No decay reactions
 - No decay branch reactions
 - No transmutation paths

 17 reactions channel:

   1    MT =      2  Q =  0.00000E+00 MeV  Emin = 1.00000E-11 MeV  frac = 1.00000E+00  : elastic scattering
   2    MT =     16  Q = -1.08330E+01 MeV  Emin = 1.15615E+01 MeV  frac = 1.00000E+00  : (n,2n)
   3    MT =     22  Q = -1.09910E+01 MeV  Emin = 1.17301E+01 MeV  frac = 1.00000E+00  : (n,nalpha)
   4    MT =     28  Q = -1.02070E+01 MeV  Emin = 1.08934E+01 MeV  frac = 1.00000E+00  : (n,np)
   5    MT =     51  Q = -5.27010E+00 MeV  Emin = 5.62450E+00 MeV  frac = 1.00000E+00  : inelastic scatt. to 1. excited state
   6    MT =     52  Q = -5.29880E+00 MeV  Emin = 5.65512E+00 MeV  frac = 1.00000E+00  : inelastic scatt. to 2. excited state
   7    MT =     53  Q = -6.32390E+00 MeV  Emin = 6.74915E+00 MeV  frac = 1.00000E+00  : inelastic scatt. to 3. excited state
   8    MT =     54  Q = -7.15510E+00 MeV  Emin = 7.63625E+00 MeV  frac = 1.00000E+00  : inelastic scatt. to 4. excited state
   9    MT =     55  Q = -7.30110E+00 MeV  Emin = 7.79210E+00 MeV  frac = 1.00000E+00  : inelastic scatt. to 5. excited state
  10    MT =     56  Q = -7.56710E+00 MeV  Emin = 8.07595E+00 MeV  frac = 1.00000E+00  : inelastic scatt. to 6. excited state
  11    MT =     57  Q = -8.31280E+00 MeV  Emin = 8.87180E+00 MeV  frac = 1.00000E+00  : inelastic scatt. to 7. excited state
  12    MT =     91  Q = -8.31280E+00 MeV  Emin = 8.87180E+00 MeV  frac = 1.00000E+00  : inelastic scattering to continuum
  13    MT =    102  Q =  2.49000E+00 MeV  Emin = 1.00000E-11 MeV  frac = 1.00000E+00  : (n,gamma)
  14    MT =    103  Q = -8.98930E+00 MeV  Emin = 9.59380E+00 MeV  frac = 1.00000E+00  : (n,p)
  15    MT =    104  Q = -7.98280E+00 MeV  Emin = 8.51960E+00 MeV  frac = 1.00000E+00  : (n,d)
  16    MT =    105  Q = -9.90200E+00 MeV  Emin = 1.05680E+01 MeV  frac = 1.00000E+00  : (n,t)
  17    MT =    107  Q = -7.62150E+00 MeV  Emin = 8.13401E+00 MeV  frac = 1.00000E+00  : (n,alpha)

 5 special reactions:

   1    MT =    203  Q =  0.00000E+00 MeV  Emin = 9.59380E+00 MeV  : total proton production
   2    MT =    204  Q =  0.00000E+00 MeV  Emin = 8.51960E+00 MeV  : total deuteron production
   3    MT =    205  Q =  0.00000E+00 MeV  Emin = 1.05020E+01 MeV  : total triton production
   4    MT =    207  Q =  0.00000E+00 MeV  Emin = 8.13401E+00 MeV  : total alpha production
   5    MT =      4  Q =  0.00000E+00 MeV  Emin = 5.62450E+00 MeV  : total inelastic scattering

 Nuclide   15 / 130 : 8016.03c -- oxygen 16 (O-16)

 Pointers                     : 385343 5967
 Primary type                 : Transport
 Nuclide ZAI                  : 80160
 Library ID                   : 03c
 Cross section data file      : /home/leonardo.zortea/mcnp/xs/acedata/8016ENDF7.ace
 Atomic weight (AW)           : 15.99492
 Atomic weight ratio (AWR)    : 15.85751
 Temperature                  : 300.0 Kelvin
 XS temperature               : 300.0 Kelvin
 Minimum and maximum energy   : 1.00000E-11 1.50000E+02
 Half-life                    : stable
 Specific ingestion toxicity  : N/A
 Specific inhalation toxicity : N/A

 - Nuclide is not involved in burnup calculation
 - Nuclide has neutron transport data
 - Nuclide has no photon transport data
 - Nuclide has no S(a,b) data
 - Nuclide has no isomeric branching data
 - Nuclide is not fissile
 - Nuclide is not a delayed neutron precursor
 - Nuclide has no delayed neutron data
 - Nuclide has no ures ptable data
 - Nuclide temperature is not adjusted with TMS
 - Nuclide has no dosimetry data
 - Nuclide has decay data
 - Nuclide has no supplementary transmutation cross section data
 - Nuclide has no NFY data
 - Nuclide has no SFY data

 - 25 reaction channels
 - 44 special reactions
 - No transmutation reactions
 - No transmutation branch reactions
 - No decay reactions
 - No decay branch reactions
 - No transmutation paths

 25 reactions channel:

   1    MT =      2  Q =  0.00000E+00 MeV  Emin = 1.00000E-11 MeV  frac = 1.00000E+00  : elastic scattering
   2    MT =      5  Q =  0.00000E+00 MeV  Emin = 3.00000E+01 MeV  frac = 1.00000E+00  : anything
   3    MT =     16  Q = -1.56638E+01 MeV  Emin = 1.66516E+01 MeV  frac = 1.00000E+00  : (n,2n)
   4    MT =     22  Q = -7.16195E+00 MeV  Emin = 7.61360E+00 MeV  frac = 1.00000E+00  : (n,nalpha)
   5    MT =     23  Q = -1.44368E+01 MeV  Emin = 1.64100E+01 MeV  frac = 1.00000E+00  : (n,n3alpha)
   6    MT =     28  Q = -1.21276E+01 MeV  Emin = 1.28924E+01 MeV  frac = 1.00000E+00  : (n,np)
   7    MT =     32  Q = -2.07363E+01 MeV  Emin = 2.20440E+01 MeV  frac = 1.00000E+00  : (n,nd)
   8    MT =     41  Q = -2.29609E+01 MeV  Emin = 2.44089E+01 MeV  frac = 1.00000E+00  : (n,2np)
   9    MT =     44  Q = -2.23350E+01 MeV  Emin = 2.37435E+01 MeV  frac = 1.00000E+00  : (n,n2p)
  10    MT =     45  Q = -2.31192E+01 MeV  Emin = 2.45771E+01 MeV  frac = 1.00000E+00  : (n,npalpha)
  11    MT =     51  Q = -6.04940E+00 MeV  Emin = 6.43089E+00 MeV  frac = 1.00000E+00  : inelastic scatt. to 1. excited state
  12    MT =     52  Q = -6.12989E+00 MeV  Emin = 6.51646E+00 MeV  frac = 1.00000E+00  : inelastic scatt. to 2. excited state
  13    MT =     53  Q = -6.91710E+00 MeV  Emin = 7.35330E+00 MeV  frac = 1.00000E+00  : inelastic scatt. to 3. excited state
  14    MT =     54  Q = -7.11685E+00 MeV  Emin = 7.56565E+00 MeV  frac = 1.00000E+00  : inelastic scatt. to 4. excited state
  15    MT =     55  Q = -8.87190E+00 MeV  Emin = 9.43138E+00 MeV  frac = 1.00000E+00  : inelastic scatt. to 5. excited state
  16    MT =     56  Q = -1.09570E+01 MeV  Emin = 1.16480E+01 MeV  frac = 1.00000E+00  : inelastic scatt. to 6. excited state
  17    MT =     57  Q = -1.10800E+01 MeV  Emin = 1.17787E+01 MeV  frac = 1.00000E+00  : inelastic scatt. to 7. excited state
  18    MT =     91  Q = -9.58500E+00 MeV  Emin = 1.01895E+01 MeV  frac = 1.00000E+00  : inelastic scattering to continuum
  19    MT =    102  Q =  4.14342E+00 MeV  Emin = 1.00000E-11 MeV  frac = 1.00000E+00  : (n,gamma)
  20    MT =    103  Q = -9.63680E+00 MeV  Emin = 1.02445E+01 MeV  frac = 1.00000E+00  : (n,p)
  21    MT =    104  Q = -9.90300E+00 MeV  Emin = 1.05275E+01 MeV  frac = 1.00000E+00  : (n,d)
  22    MT =    105  Q = -1.44790E+01 MeV  Emin = 1.53921E+01 MeV  frac = 1.00000E+00  : (n,t)
  23    MT =    107  Q = -2.21430E+00 MeV  Emin = 2.35532E+00 MeV  frac = 1.00000E+00  : (n,alpha)
  24    MT =    108  Q = -1.28632E+01 MeV  Emin = 1.36744E+01 MeV  frac = 1.00000E+00  : (n,2alpha)
  25    MT =    112  Q = -1.97491E+01 MeV  Emin = 2.09945E+01 MeV  frac = 1.00000E+00  : (n,palpha)

 44 special reactions:

   1    MT =    203  Q =  0.00000E+00 MeV  Emin = 1.02445E+01 MeV  : total proton production
   2    MT =    204  Q =  0.00000E+00 MeV  Emin = 1.05275E+01 MeV  : total deuteron production
   3    MT =    205  Q =  0.00000E+00 MeV  Emin = 1.53921E+01 MeV  : total triton production
   4    MT =    207  Q =  0.00000E+00 MeV  Emin = 2.35532E+00 MeV  : total alpha production
   5    MT =    600  Q = -9.63680E+00 MeV  Emin = 1.02445E+01 MeV  : (n,p) to ground state
   6    MT =    601  Q = -9.75690E+00 MeV  Emin = 1.03722E+01 MeV  : (n,p1)
   7    MT =    602  Q = -9.93380E+00 MeV  Emin = 1.05602E+01 MeV  : (n,p2)
   8    MT =    603  Q = -1.00343E+01 MeV  Emin = 1.06671E+01 MeV  : (n,p3)
   9    MT =    650  Q = -9.90300E+00 MeV  Emin = 1.05275E+01 MeV  : (n,d) to ground state
  10    MT =    651  Q = -1.51731E+01 MeV  Emin = 1.61300E+01 MeV  : (n,d1)
  11    MT =    652  Q = -1.52018E+01 MeV  Emin = 1.61610E+01 MeV  : (n,d2)
  12    MT =    653  Q = -1.62269E+01 MeV  Emin = 1.72502E+01 MeV  : (n,d3)
  13    MT =    654  Q = -1.70581E+01 MeV  Emin = 1.81338E+01 MeV  : (n,d4)
  14    MT =    655  Q = -1.72041E+01 MeV  Emin = 1.82890E+01 MeV  : (n,d5)
  15    MT =    656  Q = -1.74701E+01 MeV  Emin = 1.85718E+01 MeV  : (n,d6)
  16    MT =    657  Q = -1.82158E+01 MeV  Emin = 1.93645E+01 MeV  : (n,d7)
  17    MT =    658  Q = -1.84744E+01 MeV  Emin = 1.96394E+01 MeV  : (n,d8)
  18    MT =    659  Q = -1.89530E+01 MeV  Emin = 2.01482E+01 MeV  : (n,d9)
  19    MT =    660  Q = -1.90546E+01 MeV  Emin = 2.02562E+01 MeV  : (n,d10)
  20    MT =    661  Q = -1.90579E+01 MeV  Emin = 2.02597E+01 MeV  : (n,d11)
  21    MT =    662  Q = -1.91280E+01 MeV  Emin = 2.03343E+01 MeV  : (n,d12)
  22    MT =    663  Q = -1.96630E+01 MeV  Emin = 2.09030E+01 MeV  : (n,d13)
  23    MT =    664  Q = -1.97320E+01 MeV  Emin = 2.09763E+01 MeV  : (n,d14)
  24    MT =    665  Q = -1.98310E+01 MeV  Emin = 2.10816E+01 MeV  : (n,d15)
  25    MT =    666  Q = -1.99730E+01 MeV  Emin = 2.12325E+01 MeV  : (n,d16)
  26    MT =    667  Q = -2.03527E+01 MeV  Emin = 2.16362E+01 MeV  : (n,d17)
  27    MT =    668  Q = -2.04363E+01 MeV  Emin = 2.17251E+01 MeV  : (n,d18)
  28    MT =    669  Q = -2.05962E+01 MeV  Emin = 2.18950E+01 MeV  : (n,d19)
  29    MT =    700  Q = -1.44790E+01 MeV  Emin = 1.53921E+01 MeV  : (n,t) to ground state
  30    MT =    701  Q = -1.67918E+01 MeV  Emin = 1.78507E+01 MeV  : (n,t1)
  31    MT =    702  Q = -1.84271E+01 MeV  Emin = 1.95892E+01 MeV  : (n,t2)
  32    MT =    703  Q = -1.93941E+01 MeV  Emin = 2.06171E+01 MeV  : (n,t3)
  33    MT =    704  Q = -1.95849E+01 MeV  Emin = 2.08200E+01 MeV  : (n,t4)
  34    MT =    705  Q = -2.01704E+01 MeV  Emin = 2.14424E+01 MeV  : (n,t5)
  35    MT =    706  Q = -2.03132E+01 MeV  Emin = 2.15942E+01 MeV  : (n,t6)
  36    MT =    707  Q = -2.06825E+01 MeV  Emin = 2.19868E+01 MeV  : (n,t7)
  37    MT =    708  Q = -2.09252E+01 MeV  Emin = 2.22448E+01 MeV  : (n,t8)
  38    MT =    709  Q = -2.15081E+01 MeV  Emin = 2.28645E+01 MeV  : (n,t9)
  39    MT =    749  Q = -2.15081E+01 MeV  Emin = 2.28645E+01 MeV  : (n,t) to continuum
  40    MT =    800  Q = -2.21430E+00 MeV  Emin = 2.35532E+00 MeV  : (n,alpha) to ground state
  41    MT =    801  Q = -5.30500E+00 MeV  Emin = 5.63954E+00 MeV  : (n,a1)
  42    MT =    802  Q = -5.90010E+00 MeV  Emin = 6.27217E+00 MeV  : (n,a2)
  43    MT =    803  Q = -6.06940E+00 MeV  Emin = 6.45215E+00 MeV  : (n,a3)
  44    MT =      4  Q =  0.00000E+00 MeV  Emin = 6.43089E+00 MeV  : total inelastic scattering

 Nuclide   16 / 130 : 8017.03c -- oxygen 17 (O-17)

 Pointers                     : 390416 6243
 Primary type                 : Transport
 Nuclide ZAI                  : 80170
 Library ID                   : 03c
 Cross section data file      : /home/leonardo.zortea/mcnp/xs/acedata/8017ENDF7.ace
 Atomic weight (AW)           : 16.99913
 Atomic weight ratio (AWR)    : 16.85310
 Temperature                  : 300.0 Kelvin
 XS temperature               : 300.0 Kelvin
 Minimum and maximum energy   : 1.00000E-11 2.00000E+01
 Half-life                    : stable
 Specific ingestion toxicity  : N/A
 Specific inhalation toxicity : N/A

 - Nuclide is not involved in burnup calculation
 - Nuclide has neutron transport data
 - Nuclide has no photon transport data
 - Nuclide has no S(a,b) data
 - Nuclide has no isomeric branching data
 - Nuclide is not fissile
 - Nuclide is not a delayed neutron precursor
 - Nuclide has no delayed neutron data
 - Nuclide has no ures ptable data
 - Nuclide temperature is not adjusted with TMS
 - Nuclide has no dosimetry data
 - Nuclide has decay data
 - Nuclide has no supplementary transmutation cross section data
 - Nuclide has no NFY data
 - Nuclide has no SFY data

 - 21 reaction channels
 - 4 special reactions
 - No transmutation reactions
 - No transmutation branch reactions
 - No decay reactions
 - No decay branch reactions
 - No transmutation paths

 21 reactions channel:

   1    MT =      2  Q =  0.00000E+00 MeV  Emin = 1.00000E-11 MeV  frac = 1.00000E+00  : elastic scattering
   2    MT =     16  Q = -4.14430E+00 MeV  Emin = 7.76000E+00 MeV  frac = 1.00000E+00  : (n,2n)
   3    MT =     22  Q = -6.35300E+00 MeV  Emin = 7.76000E+00 MeV  frac = 1.00000E+00  : (n,nalpha)
   4    MT =     28  Q = -1.37810E+01 MeV  Emin = 1.45987E+01 MeV  frac = 1.00000E+00  : (n,np)
   5    MT =     51  Q = -8.70800E-01 MeV  Emin = 9.22470E-01 MeV  frac = 1.00000E+00  : inelastic scatt. to 1. excited state
   6    MT =     52  Q = -3.05500E+00 MeV  Emin = 3.23627E+00 MeV  frac = 1.00000E+00  : inelastic scatt. to 2. excited state
   7    MT =     53  Q = -3.84100E+00 MeV  Emin = 4.06980E+00 MeV  frac = 1.00000E+00  : inelastic scatt. to 3. excited state
   8    MT =     54  Q = -4.55300E+00 MeV  Emin = 4.82316E+00 MeV  frac = 1.00000E+00  : inelastic scatt. to 4. excited state
   9    MT =     55  Q = -5.08600E+00 MeV  Emin = 5.38779E+00 MeV  frac = 1.00000E+00  : inelastic scatt. to 5. excited state
  10    MT =     56  Q = -5.21500E+00 MeV  Emin = 5.52444E+00 MeV  frac = 1.00000E+00  : inelastic scatt. to 6. excited state
  11    MT =     57  Q = -5.38000E+00 MeV  Emin = 5.69923E+00 MeV  frac = 1.00000E+00  : inelastic scatt. to 7. excited state
  12    MT =     58  Q = -5.69800E+00 MeV  Emin = 6.03610E+00 MeV  frac = 1.00000E+00  : inelastic scatt. to 8. excited state
  13    MT =     59  Q = -5.73400E+00 MeV  Emin = 6.07423E+00 MeV  frac = 1.00000E+00  : inelastic scatt. to 9. excited state
  14    MT =     60  Q = -5.87000E+00 MeV  Emin = 6.21830E+00 MeV  frac = 1.00000E+00  : inelastic scatt. to 10. excited state
  15    MT =     61  Q = -5.94000E+00 MeV  Emin = 6.29246E+00 MeV  frac = 1.00000E+00  : inelastic scatt. to 11. excited state
  16    MT =     62  Q = -6.35700E+00 MeV  Emin = 6.73420E+00 MeV  frac = 1.00000E+00  : inelastic scatt. to 12. excited state
  17    MT =     91  Q = -6.35700E+00 MeV  Emin = 6.90000E+00 MeV  frac = 1.00000E+00  : inelastic scattering to continuum
  18    MT =    102  Q =  8.04700E+00 MeV  Emin = 1.00000E-11 MeV  frac = 1.00000E+00  : (n,gamma)
  19    MT =    103  Q = -7.89600E+00 MeV  Emin = 8.36452E+00 MeV  frac = 1.00000E+00  : (n,p)
  20    MT =    104  Q = -1.15550E+01 MeV  Emin = 1.22412E+01 MeV  frac = 1.00000E+00  : (n,d)
  21    MT =    107  Q =  1.81940E+00 MeV  Emin = 1.00000E-11 MeV  frac = 1.00000E+00  : (n,alpha)

 4 special reactions:

   1    MT =    203  Q =  0.00000E+00 MeV  Emin = 8.36452E+00 MeV  : total proton production
   2    MT =    204  Q =  0.00000E+00 MeV  Emin = 1.20000E+01 MeV  : total deuteron production
   3    MT =    207  Q =  0.00000E+00 MeV  Emin = 1.00000E-11 MeV  : total alpha production
   4    MT =      4  Q =  0.00000E+00 MeV  Emin = 9.22470E-01 MeV  : total inelastic scattering

 Nuclide   17 / 130 : 11023.03c -- sodium 23 (Na-23)

 Pointers                     : 596246 7071
 Primary type                 : Transport
 Nuclide ZAI                  : 110230
 Library ID                   : 03c
 Cross section data file      : /home/leonardo.zortea/mcnp/xs/acedata/11023ENDF7.ace
 Atomic weight (AW)           : 22.98949
 Atomic weight ratio (AWR)    : 22.79200
 Temperature                  : 300.0 Kelvin
 XS temperature               : 300.0 Kelvin
 Minimum and maximum energy   : 1.00000E-11 2.00000E+01
 Half-life                    : stable
 Specific ingestion toxicity  : N/A
 Specific inhalation toxicity : N/A

 - Nuclide is not involved in burnup calculation
 - Nuclide has neutron transport data
 - Nuclide has no photon transport data
 - Nuclide has no S(a,b) data
 - Nuclide has isomeric branching data
 - Nuclide is not fissile
 - Nuclide is not a delayed neutron precursor
 - Nuclide has no delayed neutron data
 - Nuclide has no ures ptable data
 - Nuclide temperature is not adjusted with TMS
 - Nuclide has no dosimetry data
 - Nuclide has decay data
 - Nuclide has no supplementary transmutation cross section data
 - Nuclide has no NFY data
 - Nuclide has no SFY data

 - 24 reaction channels
 - 3 special reactions
 - No transmutation reactions
 - 1 transmutation branch reactions
 - No decay reactions
 - No decay branch reactions
 - No transmutation paths

 24 reactions channel:

   1    MT =      2  Q =  0.00000E+00 MeV  Emin = 1.00000E-11 MeV  frac = 1.00000E+00  : elastic scattering
   2    MT =     16  Q = -1.24140E+01 MeV  Emin = 1.29587E+01 MeV  frac = 1.00000E+00  : (n,2n)
   3    MT =     51  Q = -4.40000E-01 MeV  Emin = 4.59310E-01 MeV  frac = 1.00000E+00  : inelastic scatt. to 1. excited state
   4    MT =     52  Q = -2.07800E+00 MeV  Emin = 2.16920E+00 MeV  frac = 1.00000E+00  : inelastic scatt. to 2. excited state
   5    MT =     53  Q = -2.39300E+00 MeV  Emin = 2.49800E+00 MeV  frac = 1.00000E+00  : inelastic scatt. to 3. excited state
   6    MT =     54  Q = -2.64000E+00 MeV  Emin = 2.75583E+00 MeV  frac = 1.00000E+00  : inelastic scatt. to 4. excited state
   7    MT =     55  Q = -2.70500E+00 MeV  Emin = 2.82370E+00 MeV  frac = 1.00000E+00  : inelastic scatt. to 5. excited state
   8    MT =     56  Q = -2.98300E+00 MeV  Emin = 3.11390E+00 MeV  frac = 1.00000E+00  : inelastic scatt. to 6. excited state
   9    MT =     57  Q = -3.68000E+00 MeV  Emin = 3.84150E+00 MeV  frac = 1.00000E+00  : inelastic scatt. to 7. excited state
  10    MT =     58  Q = -3.88000E+00 MeV  Emin = 4.05024E+00 MeV  frac = 1.00000E+00  : inelastic scatt. to 8. excited state
  11    MT =     59  Q = -4.43000E+00 MeV  Emin = 4.62440E+00 MeV  frac = 1.00000E+00  : inelastic scatt. to 9. excited state
  12    MT =     60  Q = -4.77000E+00 MeV  Emin = 4.97930E+00 MeV  frac = 1.00000E+00  : inelastic scatt. to 10. excited state
  13    MT =     61  Q = -5.38000E+00 MeV  Emin = 5.61605E+00 MeV  frac = 1.00000E+00  : inelastic scatt. to 11. excited state
  14    MT =     62  Q = -5.53000E+00 MeV  Emin = 5.77263E+00 MeV  frac = 1.00000E+00  : inelastic scatt. to 12. excited state
  15    MT =     63  Q = -5.76000E+00 MeV  Emin = 6.01272E+00 MeV  frac = 1.00000E+00  : inelastic scatt. to 13. excited state
  16    MT =     64  Q = -5.95500E+00 MeV  Emin = 6.21630E+00 MeV  frac = 1.00000E+00  : inelastic scatt. to 14. excited state
  17    MT =     65  Q = -6.07850E+00 MeV  Emin = 6.34520E+00 MeV  frac = 1.00000E+00  : inelastic scatt. to 15. excited state
  18    MT =     66  Q = -6.27000E+00 MeV  Emin = 6.54510E+00 MeV  frac = 1.00000E+00  : inelastic scatt. to 16. excited state
  19    MT =     67  Q = -7.11000E+00 MeV  Emin = 7.42200E+00 MeV  frac = 1.00000E+00  : inelastic scatt. to 17. excited state
  20    MT =     68  Q = -7.79000E+00 MeV  Emin = 8.13180E+00 MeV  frac = 1.00000E+00  : inelastic scatt. to 18. excited state
  21    MT =     91  Q = -5.84360E+00 MeV  Emin = 6.10000E+00 MeV  frac = 1.00000E+00  : inelastic scattering to continuum
  22    MT =    102  Q =  6.95949E+00 MeV  Emin = 1.00000E-11 MeV  frac = 1.00000E+00  : (n,gamma)
  23    MT =    103  Q = -3.59700E+00 MeV  Emin = 3.75482E+00 MeV  frac = 1.00000E+00  : (n,p)
  24    MT =    107  Q = -3.86600E+00 MeV  Emin = 4.03562E+00 MeV  frac = 1.00000E+00  : (n,alpha)

 1 additional transport branch:

   1    MT =    102  Q =  6.95949E+00 MeV  Emin = 1.00000E-11 MeV  frac = 1.00000E+00  : (n,gamma)

 3 special reactions:

   1    MT =    203  Q =  0.00000E+00 MeV  Emin = 3.75482E+00 MeV  : total proton production
   2    MT =    207  Q =  0.00000E+00 MeV  Emin = 4.03562E+00 MeV  : total alpha production
   3    MT =      4  Q =  0.00000E+00 MeV  Emin = 4.59310E-01 MeV  : total inelastic scattering

 Nuclide   18 / 130 : 12024.03c -- magnesium 24 (Mg-24)

 Pointers                     : 403280 7623
 Primary type                 : Transport
 Nuclide ZAI                  : 120240
 Library ID                   : 03c
 Cross section data file      : /home/leonardo.zortea/mcnp/xs/acedata/12024ENDF7.ace
 Atomic weight (AW)           : 23.98504
 Atomic weight ratio (AWR)    : 23.77900
 Temperature                  : 300.0 Kelvin
 XS temperature               : 300.0 Kelvin
 Minimum and maximum energy   : 1.00000E-11 2.00000E+01
 Half-life                    : stable
 Specific ingestion toxicity  : N/A
 Specific inhalation toxicity : N/A

 - Nuclide is not involved in burnup calculation
 - Nuclide has neutron transport data
 - Nuclide has no photon transport data
 - Nuclide has no S(a,b) data
 - Nuclide has no isomeric branching data
 - Nuclide is not fissile
 - Nuclide is not a delayed neutron precursor
 - Nuclide has no delayed neutron data
 - Nuclide has no ures ptable data
 - Nuclide temperature is not adjusted with TMS
 - Nuclide has no dosimetry data
 - Nuclide has decay data
 - Nuclide has no supplementary transmutation cross section data
 - Nuclide has no NFY data
 - Nuclide has no SFY data

 - 19 reaction channels
 - 3 special reactions
 - No transmutation reactions
 - No transmutation branch reactions
 - No decay reactions
 - No decay branch reactions
 - No transmutation paths

 19 reactions channel:

   1    MT =      2  Q =  0.00000E+00 MeV  Emin = 1.00000E-11 MeV  frac = 1.00000E+00  : elastic scattering
   2    MT =     16  Q = -1.65306E+01 MeV  Emin = 1.72258E+01 MeV  frac = 1.00000E+00  : (n,2n)
   3    MT =     22  Q = -9.31453E+00 MeV  Emin = 1.10000E+01 MeV  frac = 1.00000E+00  : (n,nalpha)
   4    MT =     28  Q = -1.16915E+01 MeV  Emin = 1.21832E+01 MeV  frac = 1.00000E+00  : (n,np)
   5    MT =     51  Q = -1.36860E+00 MeV  Emin = 1.42616E+00 MeV  frac = 1.00000E+00  : inelastic scatt. to 1. excited state
   6    MT =     52  Q = -4.11999E+00 MeV  Emin = 4.29330E+00 MeV  frac = 1.00000E+00  : inelastic scatt. to 2. excited state
   7    MT =     53  Q = -4.23839E+00 MeV  Emin = 4.41664E+00 MeV  frac = 1.00000E+00  : inelastic scatt. to 3. excited state
   8    MT =     54  Q = -5.23609E+00 MeV  Emin = 5.45630E+00 MeV  frac = 1.00000E+00  : inelastic scatt. to 4. excited state
   9    MT =     55  Q = -6.01029E+00 MeV  Emin = 6.26306E+00 MeV  frac = 1.00000E+00  : inelastic scatt. to 5. excited state
  10    MT =     56  Q = -6.43219E+00 MeV  Emin = 6.70270E+00 MeV  frac = 1.00000E+00  : inelastic scatt. to 6. excited state
  11    MT =     57  Q = -7.34789E+00 MeV  Emin = 7.65691E+00 MeV  frac = 1.00000E+00  : inelastic scatt. to 7. excited state
  12    MT =     58  Q = -7.55299E+00 MeV  Emin = 7.87063E+00 MeV  frac = 1.00000E+00  : inelastic scatt. to 8. excited state
  13    MT =     59  Q = -7.61619E+00 MeV  Emin = 7.93649E+00 MeV  frac = 1.00000E+00  : inelastic scatt. to 9. excited state
  14    MT =     60  Q = -7.74719E+00 MeV  Emin = 8.07300E+00 MeV  frac = 1.00000E+00  : inelastic scatt. to 10. excited state
  15    MT =     61  Q = -7.81199E+00 MeV  Emin = 8.14053E+00 MeV  frac = 1.00000E+00  : inelastic scatt. to 11. excited state
  16    MT =     91  Q = -1.00000E+01 MeV  Emin = 1.04206E+01 MeV  frac = 1.00000E+00  : inelastic scattering to continuum
  17    MT =    102  Q =  7.33189E+00 MeV  Emin = 1.00000E-11 MeV  frac = 1.00000E+00  : (n,gamma)
  18    MT =    103  Q = -4.73209E+00 MeV  Emin = 4.93113E+00 MeV  frac = 1.00000E+00  : (n,p)
  19    MT =    107  Q = -2.55335E+00 MeV  Emin = 4.00000E+00 MeV  frac = 1.00000E+00  : (n,alpha)

 3 special reactions:

   1    MT =    203  Q =  0.00000E+00 MeV  Emin = 4.93113E+00 MeV  : total proton production
   2    MT =    207  Q =  0.00000E+00 MeV  Emin = 4.00000E+00 MeV  : total alpha production
   3    MT =      4  Q =  0.00000E+00 MeV  Emin = 1.42616E+00 MeV  : total inelastic scattering

 Nuclide   19 / 130 : 12025.03c -- magnesium 25 (Mg-25)

 Pointers                     : 404969 7899
 Primary type                 : Transport
 Nuclide ZAI                  : 120250
 Library ID                   : 03c
 Cross section data file      : /home/leonardo.zortea/mcnp/xs/acedata/12025ENDF7.ace
 Atomic weight (AW)           : 24.98584
 Atomic weight ratio (AWR)    : 24.77120
 Temperature                  : 300.0 Kelvin
 XS temperature               : 300.0 Kelvin
 Minimum and maximum energy   : 1.00000E-11 2.00000E+01
 Half-life                    : stable
 Specific ingestion toxicity  : N/A
 Specific inhalation toxicity : N/A

 - Nuclide is not involved in burnup calculation
 - Nuclide has neutron transport data
 - Nuclide has no photon transport data
 - Nuclide has no S(a,b) data
 - Nuclide has no isomeric branching data
 - Nuclide is not fissile
 - Nuclide is not a delayed neutron precursor
 - Nuclide has no delayed neutron data
 - Nuclide has no ures ptable data
 - Nuclide temperature is not adjusted with TMS
 - Nuclide has no dosimetry data
 - Nuclide has decay data
 - Nuclide has no supplementary transmutation cross section data
 - Nuclide has no NFY data
 - Nuclide has no SFY data

 - 25 reaction channels
 - 3 special reactions
 - No transmutation reactions
 - No transmutation branch reactions
 - No decay reactions
 - No decay branch reactions
 - No transmutation paths

 25 reactions channel:

   1    MT =      2  Q =  0.00000E+00 MeV  Emin = 1.00000E-11 MeV  frac = 1.00000E+00  : elastic scattering
   2    MT =     16  Q = -7.33188E+00 MeV  Emin = 7.62787E+00 MeV  frac = 1.00000E+00  : (n,2n)
   3    MT =     22  Q = -9.88523E+00 MeV  Emin = 1.10000E+01 MeV  frac = 1.00000E+00  : (n,nalpha)
   4    MT =     28  Q = -1.20640E+01 MeV  Emin = 1.30000E+01 MeV  frac = 1.00000E+00  : (n,np)
   5    MT =     51  Q = -5.85099E-01 MeV  Emin = 6.08720E-01 MeV  frac = 1.00000E+00  : inelastic scatt. to 1. excited state
   6    MT =     52  Q = -9.74799E-01 MeV  Emin = 1.01415E+00 MeV  frac = 1.00000E+00  : inelastic scatt. to 2. excited state
   7    MT =     53  Q = -1.61180E+00 MeV  Emin = 1.67687E+00 MeV  frac = 1.00000E+00  : inelastic scatt. to 3. excited state
   8    MT =     54  Q = -1.96470E+00 MeV  Emin = 2.04401E+00 MeV  frac = 1.00000E+00  : inelastic scatt. to 4. excited state
   9    MT =     55  Q = -2.56380E+00 MeV  Emin = 2.66730E+00 MeV  frac = 1.00000E+00  : inelastic scatt. to 5. excited state
  10    MT =     56  Q = -2.73770E+00 MeV  Emin = 2.84822E+00 MeV  frac = 1.00000E+00  : inelastic scatt. to 6. excited state
  11    MT =     57  Q = -2.80110E+00 MeV  Emin = 2.91418E+00 MeV  frac = 1.00000E+00  : inelastic scatt. to 7. excited state
  12    MT =     58  Q = -3.40519E+00 MeV  Emin = 3.54267E+00 MeV  frac = 1.00000E+00  : inelastic scatt. to 8. excited state
  13    MT =     59  Q = -3.41369E+00 MeV  Emin = 3.55151E+00 MeV  frac = 1.00000E+00  : inelastic scatt. to 9. excited state
  14    MT =     60  Q = -3.90779E+00 MeV  Emin = 4.06556E+00 MeV  frac = 1.00000E+00  : inelastic scatt. to 10. excited state
  15    MT =     61  Q = -3.97069E+00 MeV  Emin = 4.13100E+00 MeV  frac = 1.00000E+00  : inelastic scatt. to 11. excited state
  16    MT =     62  Q = -4.05959E+00 MeV  Emin = 4.22348E+00 MeV  frac = 1.00000E+00  : inelastic scatt. to 12. excited state
  17    MT =     63  Q = -4.27699E+00 MeV  Emin = 4.44966E+00 MeV  frac = 1.00000E+00  : inelastic scatt. to 13. excited state
  18    MT =     64  Q = -4.35939E+00 MeV  Emin = 4.53539E+00 MeV  frac = 1.00000E+00  : inelastic scatt. to 14. excited state
  19    MT =     65  Q = -4.71139E+00 MeV  Emin = 4.90160E+00 MeV  frac = 1.00000E+00  : inelastic scatt. to 15. excited state
  20    MT =     66  Q = -4.72199E+00 MeV  Emin = 4.91262E+00 MeV  frac = 1.00000E+00  : inelastic scatt. to 16. excited state
  21    MT =     67  Q = -5.01219E+00 MeV  Emin = 5.21454E+00 MeV  frac = 1.00000E+00  : inelastic scatt. to 17. excited state
  22    MT =     91  Q = -7.99999E+00 MeV  Emin = 8.32296E+00 MeV  frac = 1.00000E+00  : inelastic scattering to continuum
  23    MT =    102  Q =  1.10933E+01 MeV  Emin = 1.00000E-11 MeV  frac = 1.00000E+00  : (n,gamma)
  24    MT =    103  Q = -3.05303E+00 MeV  Emin = 3.17628E+00 MeV  frac = 1.00000E+00  : (n,p)
  25    MT =    107  Q =  4.80349E-01 MeV  Emin = 1.00000E+00 MeV  frac = 1.00000E+00  : (n,alpha)

 3 special reactions:

   1    MT =    203  Q =  0.00000E+00 MeV  Emin = 3.17628E+00 MeV  : total proton production
   2    MT =    207  Q =  0.00000E+00 MeV  Emin = 1.00000E+00 MeV  : total alpha production
   3    MT =      4  Q =  0.00000E+00 MeV  Emin = 6.08720E-01 MeV  : total inelastic scattering

 Nuclide   20 / 130 : 12026.03c -- magnesium 26 (Mg-26)

 Pointers                     : 407090 8175
 Primary type                 : Transport
 Nuclide ZAI                  : 120260
 Library ID                   : 03c
 Cross section data file      : /home/leonardo.zortea/mcnp/xs/acedata/12026ENDF7.ace
 Atomic weight (AW)           : 25.98260
 Atomic weight ratio (AWR)    : 25.75940
 Temperature                  : 300.0 Kelvin
 XS temperature               : 300.0 Kelvin
 Minimum and maximum energy   : 1.00000E-11 2.00000E+01
 Half-life                    : stable
 Specific ingestion toxicity  : N/A
 Specific inhalation toxicity : N/A

 - Nuclide is not involved in burnup calculation
 - Nuclide has neutron transport data
 - Nuclide has no photon transport data
 - Nuclide has no S(a,b) data
 - Nuclide has no isomeric branching data
 - Nuclide is not fissile
 - Nuclide is not a delayed neutron precursor
 - Nuclide has no delayed neutron data
 - Nuclide has no ures ptable data
 - Nuclide temperature is not adjusted with TMS
 - Nuclide has no dosimetry data
 - Nuclide has decay data
 - Nuclide has no supplementary transmutation cross section data
 - Nuclide has no NFY data
 - Nuclide has no SFY data

 - 21 reaction channels
 - 3 special reactions
 - No transmutation reactions
 - No transmutation branch reactions
 - No decay reactions
 - No decay branch reactions
 - No transmutation paths

 21 reactions channel:

   1    MT =      2  Q =  0.00000E+00 MeV  Emin = 1.00000E-11 MeV  frac = 1.00000E+00  : elastic scattering
   2    MT =     16  Q = -1.10936E+01 MeV  Emin = 1.20000E+01 MeV  frac = 1.00000E+00  : (n,2n)
   3    MT =     22  Q = -1.06132E+01 MeV  Emin = 1.20000E+01 MeV  frac = 1.00000E+00  : (n,nalpha)
   4    MT =     28  Q = -1.41466E+01 MeV  Emin = 1.50000E+01 MeV  frac = 1.00000E+00  : (n,np)
   5    MT =     51  Q = -1.80870E+00 MeV  Emin = 1.87892E+00 MeV  frac = 1.00000E+00  : inelastic scatt. to 1. excited state
   6    MT =     52  Q = -2.93840E+00 MeV  Emin = 3.05247E+00 MeV  frac = 1.00000E+00  : inelastic scatt. to 2. excited state
   7    MT =     53  Q = -3.58799E+00 MeV  Emin = 3.72729E+00 MeV  frac = 1.00000E+00  : inelastic scatt. to 3. excited state
   8    MT =     54  Q = -3.94049E+00 MeV  Emin = 4.09347E+00 MeV  frac = 1.00000E+00  : inelastic scatt. to 4. excited state
   9    MT =     55  Q = -4.31799E+00 MeV  Emin = 4.48563E+00 MeV  frac = 1.00000E+00  : inelastic scatt. to 5. excited state
  10    MT =     56  Q = -4.33199E+00 MeV  Emin = 4.50017E+00 MeV  frac = 1.00000E+00  : inelastic scatt. to 6. excited state
  11    MT =     57  Q = -4.34999E+00 MeV  Emin = 4.51887E+00 MeV  frac = 1.00000E+00  : inelastic scatt. to 7. excited state
  12    MT =     58  Q = -4.83399E+00 MeV  Emin = 5.02166E+00 MeV  frac = 1.00000E+00  : inelastic scatt. to 8. excited state
  13    MT =     59  Q = -4.89999E+00 MeV  Emin = 5.09022E+00 MeV  frac = 1.00000E+00  : inelastic scatt. to 9. excited state
  14    MT =     60  Q = -4.97199E+00 MeV  Emin = 5.16502E+00 MeV  frac = 1.00000E+00  : inelastic scatt. to 10. excited state
  15    MT =     61  Q = -5.29099E+00 MeV  Emin = 5.49640E+00 MeV  frac = 1.00000E+00  : inelastic scatt. to 11. excited state
  16    MT =     62  Q = -5.47399E+00 MeV  Emin = 5.68650E+00 MeV  frac = 1.00000E+00  : inelastic scatt. to 12. excited state
  17    MT =     63  Q = -5.68999E+00 MeV  Emin = 5.91089E+00 MeV  frac = 1.00000E+00  : inelastic scatt. to 13. excited state
  18    MT =     91  Q = -7.99999E+00 MeV  Emin = 8.31057E+00 MeV  frac = 1.00000E+00  : inelastic scattering to continuum
  19    MT =    102  Q =  6.44429E+00 MeV  Emin = 1.00000E-11 MeV  frac = 1.00000E+00  : (n,gamma)
  20    MT =    103  Q = -7.92092E+00 MeV  Emin = 8.22843E+00 MeV  frac = 1.00000E+00  : (n,p)
  21    MT =    107  Q = -5.41664E+00 MeV  Emin = 7.00000E+00 MeV  frac = 1.00000E+00  : (n,alpha)

 3 special reactions:

   1    MT =    203  Q =  0.00000E+00 MeV  Emin = 8.00000E+00 MeV  : total proton production
   2    MT =    207  Q =  0.00000E+00 MeV  Emin = 7.00000E+00 MeV  : total alpha production
   3    MT =      4  Q =  0.00000E+00 MeV  Emin = 1.87892E+00 MeV  : total inelastic scattering

 Nuclide   21 / 130 : 13027.03c -- aluminum 27 (Al-27)

 Pointers                     : 190616 8451
 Primary type                 : Transport
 Nuclide ZAI                  : 130270
 Library ID                   : 03c
 Cross section data file      : /home/leonardo.zortea/mcnp/xs/acedata/13027ENDF7.ace
 Atomic weight (AW)           : 26.98154
 Atomic weight ratio (AWR)    : 26.74975
 Temperature                  : 300.0 Kelvin
 XS temperature               : 300.0 Kelvin
 Minimum and maximum energy   : 1.00000E-11 1.50000E+02
 Half-life                    : stable
 Specific ingestion toxicity  : N/A
 Specific inhalation toxicity : N/A

 - Nuclide is not involved in burnup calculation
 - Nuclide has neutron transport data
 - Nuclide has no photon transport data
 - Nuclide has no S(a,b) data
 - Nuclide has no isomeric branching data
 - Nuclide is not fissile
 - Nuclide is not a delayed neutron precursor
 - Nuclide has no delayed neutron data
 - Nuclide has no ures ptable data
 - Nuclide temperature is not adjusted with TMS
 - Nuclide has no dosimetry data
 - Nuclide has decay data
 - Nuclide has no supplementary transmutation cross section data
 - Nuclide has no NFY data
 - Nuclide has no SFY data

 - 57 reaction channels
 - 80 special reactions
 - No transmutation reactions
 - No transmutation branch reactions
 - No decay reactions
 - No decay branch reactions
 - No transmutation paths

 57 reactions channel:

   1    MT =      2  Q =  0.00000E+00 MeV  Emin = 1.00000E-11 MeV  frac = 1.00000E+00  : elastic scattering
   2    MT =      5  Q =  0.00000E+00 MeV  Emin = 2.00000E+01 MeV  frac = 1.00000E+00  : anything
   3    MT =     16  Q = -1.30582E+01 MeV  Emin = 1.35464E+01 MeV  frac = 1.00000E+00  : (n,2n)
   4    MT =     22  Q = -1.00898E+01 MeV  Emin = 1.04670E+01 MeV  frac = 1.00000E+00  : (n,nalpha)
   5    MT =     28  Q = -8.27213E+00 MeV  Emin = 8.58137E+00 MeV  frac = 1.00000E+00  : (n,np)
   6    MT =     32  Q = -1.71402E+01 MeV  Emin = 1.77810E+01 MeV  frac = 1.00000E+00  : (n,nd)
   7    MT =     33  Q = -1.82136E+01 MeV  Emin = 1.88945E+01 MeV  frac = 1.00000E+00  : (n,nt)
   8    MT =     45  Q = -1.88839E+01 MeV  Emin = 1.95899E+01 MeV  frac = 1.00000E+00  : (n,npalpha)
   9    MT =     51  Q = -8.43750E-01 MeV  Emin = 8.75293E-01 MeV  frac = 1.00000E+00  : inelastic scatt. to 1. excited state
  10    MT =     52  Q = -1.01445E+00 MeV  Emin = 1.05238E+00 MeV  frac = 1.00000E+00  : inelastic scatt. to 2. excited state
  11    MT =     53  Q = -2.21110E+00 MeV  Emin = 2.29376E+00 MeV  frac = 1.00000E+00  : inelastic scatt. to 3. excited state
  12    MT =     54  Q = -2.73480E+00 MeV  Emin = 2.83704E+00 MeV  frac = 1.00000E+00  : inelastic scatt. to 4. excited state
  13    MT =     55  Q = -2.98110E+00 MeV  Emin = 3.09254E+00 MeV  frac = 1.00000E+00  : inelastic scatt. to 5. excited state
  14    MT =     56  Q = -3.00400E+00 MeV  Emin = 3.11630E+00 MeV  frac = 1.00000E+00  : inelastic scatt. to 6. excited state
  15    MT =     57  Q = -3.68010E+00 MeV  Emin = 3.81768E+00 MeV  frac = 1.00000E+00  : inelastic scatt. to 7. excited state
  16    MT =     58  Q = -3.95680E+00 MeV  Emin = 4.10472E+00 MeV  frac = 1.00000E+00  : inelastic scatt. to 8. excited state
  17    MT =     59  Q = -4.05430E+00 MeV  Emin = 4.20587E+00 MeV  frac = 1.00000E+00  : inelastic scatt. to 9. excited state
  18    MT =     60  Q = -4.41020E+00 MeV  Emin = 4.57507E+00 MeV  frac = 1.00000E+00  : inelastic scatt. to 10. excited state
  19    MT =     61  Q = -4.51030E+00 MeV  Emin = 4.67891E+00 MeV  frac = 1.00000E+00  : inelastic scatt. to 11. excited state
  20    MT =     62  Q = -4.58000E+00 MeV  Emin = 4.75122E+00 MeV  frac = 1.00000E+00  : inelastic scatt. to 12. excited state
  21    MT =     63  Q = -4.81170E+00 MeV  Emin = 4.99158E+00 MeV  frac = 1.00000E+00  : inelastic scatt. to 13. excited state
  22    MT =     64  Q = -5.15630E+00 MeV  Emin = 5.34906E+00 MeV  frac = 1.00000E+00  : inelastic scatt. to 14. excited state
  23    MT =     65  Q = -5.24820E+00 MeV  Emin = 5.44440E+00 MeV  frac = 1.00000E+00  : inelastic scatt. to 15. excited state
  24    MT =     66  Q = -5.41990E+00 MeV  Emin = 5.62252E+00 MeV  frac = 1.00000E+00  : inelastic scatt. to 16. excited state
  25    MT =     67  Q = -5.43280E+00 MeV  Emin = 5.63590E+00 MeV  frac = 1.00000E+00  : inelastic scatt. to 17. excited state
  26    MT =     68  Q = -5.43840E+00 MeV  Emin = 5.64171E+00 MeV  frac = 1.00000E+00  : inelastic scatt. to 18. excited state
  27    MT =     69  Q = -5.49980E+00 MeV  Emin = 5.70540E+00 MeV  frac = 1.00000E+00  : inelastic scatt. to 19. excited state
  28    MT =     70  Q = -5.55070E+00 MeV  Emin = 5.75821E+00 MeV  frac = 1.00000E+00  : inelastic scatt. to 20. excited state
  29    MT =     71  Q = -5.66700E+00 MeV  Emin = 5.87885E+00 MeV  frac = 1.00000E+00  : inelastic scatt. to 21. excited state
  30    MT =     72  Q = -5.75130E+00 MeV  Emin = 5.96631E+00 MeV  frac = 1.00000E+00  : inelastic scatt. to 22. excited state
  31    MT =     73  Q = -5.82680E+00 MeV  Emin = 6.04463E+00 MeV  frac = 1.00000E+00  : inelastic scatt. to 23. excited state
  32    MT =     74  Q = -5.95960E+00 MeV  Emin = 6.18239E+00 MeV  frac = 1.00000E+00  : inelastic scatt. to 24. excited state
  33    MT =     75  Q = -6.08000E+00 MeV  Emin = 6.30729E+00 MeV  frac = 1.00000E+00  : inelastic scatt. to 25. excited state
  34    MT =     76  Q = -6.11540E+00 MeV  Emin = 6.34402E+00 MeV  frac = 1.00000E+00  : inelastic scatt. to 26. excited state
  35    MT =     77  Q = -6.15920E+00 MeV  Emin = 6.38945E+00 MeV  frac = 1.00000E+00  : inelastic scatt. to 27. excited state
  36    MT =     78  Q = -6.28700E+00 MeV  Emin = 6.52203E+00 MeV  frac = 1.00000E+00  : inelastic scatt. to 28. excited state
  37    MT =     79  Q = -6.46400E+00 MeV  Emin = 6.70565E+00 MeV  frac = 1.00000E+00  : inelastic scatt. to 29. excited state
  38    MT =     80  Q = -6.47730E+00 MeV  Emin = 6.71945E+00 MeV  frac = 1.00000E+00  : inelastic scatt. to 30. excited state
  39    MT =     81  Q = -6.51180E+00 MeV  Emin = 6.75523E+00 MeV  frac = 1.00000E+00  : inelastic scatt. to 31. excited state
  40    MT =     82  Q = -6.53300E+00 MeV  Emin = 6.77723E+00 MeV  frac = 1.00000E+00  : inelastic scatt. to 32. excited state
  41    MT =     83  Q = -6.60530E+00 MeV  Emin = 6.85223E+00 MeV  frac = 1.00000E+00  : inelastic scatt. to 33. excited state
  42    MT =     84  Q = -6.65150E+00 MeV  Emin = 6.90016E+00 MeV  frac = 1.00000E+00  : inelastic scatt. to 34. excited state
  43    MT =     85  Q = -6.71300E+00 MeV  Emin = 6.96396E+00 MeV  frac = 1.00000E+00  : inelastic scatt. to 35. excited state
  44    MT =     86  Q = -6.76500E+00 MeV  Emin = 7.01790E+00 MeV  frac = 1.00000E+00  : inelastic scatt. to 36. excited state
  45    MT =     87  Q = -6.77540E+00 MeV  Emin = 7.02869E+00 MeV  frac = 1.00000E+00  : inelastic scatt. to 37. excited state
  46    MT =     88  Q = -6.81420E+00 MeV  Emin = 7.06894E+00 MeV  frac = 1.00000E+00  : inelastic scatt. to 38. excited state
  47    MT =     89  Q = -6.82000E+00 MeV  Emin = 7.07496E+00 MeV  frac = 1.00000E+00  : inelastic scatt. to 39. excited state
  48    MT =     91  Q = -6.82000E+00 MeV  Emin = 7.07496E+00 MeV  frac = 1.00000E+00  : inelastic scattering to continuum
  49    MT =    102  Q =  7.72520E+00 MeV  Emin = 1.00000E-11 MeV  frac = 1.00000E+00  : (n,gamma)
  50    MT =    103  Q = -1.82855E+00 MeV  Emin = 1.89691E+00 MeV  frac = 1.00000E+00  : (n,p)
  51    MT =    104  Q = -6.04754E+00 MeV  Emin = 6.27362E+00 MeV  frac = 1.00000E+00  : (n,d)
  52    MT =    105  Q = -1.08829E+01 MeV  Emin = 1.12898E+01 MeV  frac = 1.00000E+00  : (n,t)
  53    MT =    107  Q = -3.13033E+00 MeV  Emin = 3.24735E+00 MeV  frac = 1.00000E+00  : (n,alpha)
  54    MT =    108  Q = -1.39583E+01 MeV  Emin = 1.44801E+01 MeV  frac = 1.00000E+00  : (n,2alpha)
  55    MT =    111  Q = -1.67999E+01 MeV  Emin = 1.74279E+01 MeV  frac = 1.00000E+00  : (n,2p)
  56    MT =    112  Q = -1.36838E+01 MeV  Emin = 1.41954E+01 MeV  frac = 1.00000E+00  : (n,palpha)
  57    MT =    117  Q = -1.66594E+01 MeV  Emin = 1.72822E+01 MeV  frac = 1.00000E+00  : (n,dalpha)

 80 special reactions:

   1    MT =    203  Q =  0.00000E+00 MeV  Emin = 1.89691E+00 MeV  : total proton production
   2    MT =    204  Q =  0.00000E+00 MeV  Emin = 6.27362E+00 MeV  : total deuteron production
   3    MT =    205  Q =  0.00000E+00 MeV  Emin = 1.12898E+01 MeV  : total triton production
   4    MT =    207  Q =  0.00000E+00 MeV  Emin = 3.24735E+00 MeV  : total alpha production
   5    MT =    600  Q = -1.82855E+00 MeV  Emin = 1.89691E+00 MeV  : (n,p) to ground state
   6    MT =    601  Q = -2.81321E+00 MeV  Emin = 2.91838E+00 MeV  : (n,p1)
   7    MT =    602  Q = -3.52655E+00 MeV  Emin = 3.65838E+00 MeV  : (n,p2)
   8    MT =    603  Q = -3.76855E+00 MeV  Emin = 3.90943E+00 MeV  : (n,p3)
   9    MT =    604  Q = -4.93795E+00 MeV  Emin = 5.12255E+00 MeV  : (n,p4)
  10    MT =    605  Q = -5.25545E+00 MeV  Emin = 5.45192E+00 MeV  : (n,p5)
  11    MT =    606  Q = -5.30385E+00 MeV  Emin = 5.50213E+00 MeV  : (n,p6)
  12    MT =    607  Q = -5.31925E+00 MeV  Emin = 5.51810E+00 MeV  : (n,p7)
  13    MT =    608  Q = -5.38775E+00 MeV  Emin = 5.58916E+00 MeV  : (n,p8)
  14    MT =    609  Q = -5.58895E+00 MeV  Emin = 5.79788E+00 MeV  : (n,p9)
  15    MT =    610  Q = -5.61445E+00 MeV  Emin = 5.82434E+00 MeV  : (n,p10)
  16    MT =    611  Q = -5.71255E+00 MeV  Emin = 5.92610E+00 MeV  : (n,p11)
  17    MT =    612  Q = -5.97835E+00 MeV  Emin = 6.20184E+00 MeV  : (n,p12)
  18    MT =    613  Q = -6.22675E+00 MeV  Emin = 6.45953E+00 MeV  : (n,p13)
  19    MT =    614  Q = -6.38135E+00 MeV  Emin = 6.61991E+00 MeV  : (n,p14)
  20    MT =    615  Q = -6.60465E+00 MeV  Emin = 6.85156E+00 MeV  : (n,p15)
  21    MT =    616  Q = -6.65585E+00 MeV  Emin = 6.90467E+00 MeV  : (n,p16)
  22    MT =    617  Q = -6.82085E+00 MeV  Emin = 7.07584E+00 MeV  : (n,p17)
  23    MT =    618  Q = -6.85655E+00 MeV  Emin = 7.11287E+00 MeV  : (n,p18)
  24    MT =    619  Q = -7.00055E+00 MeV  Emin = 7.26226E+00 MeV  : (n,p19)
  25    MT =    649  Q = -7.00055E+00 MeV  Emin = 7.26226E+00 MeV  : (n,p) to continuum
  26    MT =    650  Q = -6.04754E+00 MeV  Emin = 6.27362E+00 MeV  : (n,d) to ground state
  27    MT =    651  Q = -7.85622E+00 MeV  Emin = 8.14992E+00 MeV  : (n,d1)
  28    MT =    652  Q = -8.98590E+00 MeV  Emin = 9.32183E+00 MeV  : (n,d2)
  29    MT =    653  Q = -9.63584E+00 MeV  Emin = 9.99607E+00 MeV  : (n,d3)
  30    MT =    654  Q = -9.98804E+00 MeV  Emin = 1.03614E+01 MeV  : (n,d4)
  31    MT =    655  Q = -1.03659E+01 MeV  Emin = 1.07535E+01 MeV  : (n,d5)
  32    MT =    656  Q = -1.03794E+01 MeV  Emin = 1.07675E+01 MeV  : (n,d6)
  33    MT =    657  Q = -1.03973E+01 MeV  Emin = 1.07860E+01 MeV  : (n,d7)
  34    MT =    658  Q = -1.08818E+01 MeV  Emin = 1.12887E+01 MeV  : (n,d8)
  35    MT =    659  Q = -1.09478E+01 MeV  Emin = 1.13571E+01 MeV  : (n,d9)
  36    MT =    660  Q = -1.10197E+01 MeV  Emin = 1.14317E+01 MeV  : (n,d10)
  37    MT =    661  Q = -1.13383E+01 MeV  Emin = 1.17622E+01 MeV  : (n,d11)
  38    MT =    662  Q = -1.15214E+01 MeV  Emin = 1.19522E+01 MeV  : (n,d12)
  39    MT =    663  Q = -1.17376E+01 MeV  Emin = 1.21764E+01 MeV  : (n,d13)
  40    MT =    664  Q = -1.17630E+01 MeV  Emin = 1.22028E+01 MeV  : (n,d14)
  41    MT =    665  Q = -1.21727E+01 MeV  Emin = 1.26278E+01 MeV  : (n,d15)
  42    MT =    666  Q = -1.23035E+01 MeV  Emin = 1.27635E+01 MeV  : (n,d16)
  43    MT =    667  Q = -1.26685E+01 MeV  Emin = 1.31421E+01 MeV  : (n,d17)
  44    MT =    668  Q = -1.27915E+01 MeV  Emin = 1.32697E+01 MeV  : (n,d18)
  45    MT =    669  Q = -1.29252E+01 MeV  Emin = 1.34084E+01 MeV  : (n,d19)
  46    MT =    699  Q = -1.29252E+01 MeV  Emin = 1.34084E+01 MeV  : (n,d) to continuum
  47    MT =    700  Q = -1.08829E+01 MeV  Emin = 1.12898E+01 MeV  : (n,t) to ground state
  48    MT =    701  Q = -1.14680E+01 MeV  Emin = 1.18968E+01 MeV  : (n,t1)
  49    MT =    702  Q = -1.18577E+01 MeV  Emin = 1.23010E+01 MeV  : (n,t2)
  50    MT =    703  Q = -1.24947E+01 MeV  Emin = 1.29618E+01 MeV  : (n,t3)
  51    MT =    704  Q = -1.28476E+01 MeV  Emin = 1.33279E+01 MeV  : (n,t4)
  52    MT =    705  Q = -1.34467E+01 MeV  Emin = 1.39494E+01 MeV  : (n,t5)
  53    MT =    706  Q = -1.36206E+01 MeV  Emin = 1.41298E+01 MeV  : (n,t6)
  54    MT =    707  Q = -1.36840E+01 MeV  Emin = 1.41956E+01 MeV  : (n,t7)
  55    MT =    708  Q = -1.42881E+01 MeV  Emin = 1.48223E+01 MeV  : (n,t8)
  56    MT =    709  Q = -1.42966E+01 MeV  Emin = 1.48311E+01 MeV  : (n,t9)
  57    MT =    710  Q = -1.47907E+01 MeV  Emin = 1.53437E+01 MeV  : (n,t10)
  58    MT =    749  Q = -1.47907E+01 MeV  Emin = 1.53437E+01 MeV  : (n,t) to continuum
  59    MT =    800  Q = -3.13033E+00 MeV  Emin = 3.24735E+00 MeV  : (n,alpha) to ground state
  60    MT =    801  Q = -3.60262E+00 MeV  Emin = 3.73730E+00 MeV  : (n,a1)
  61    MT =    802  Q = -3.69362E+00 MeV  Emin = 3.83170E+00 MeV  : (n,a2)
  62    MT =    803  Q = -4.47173E+00 MeV  Emin = 4.63890E+00 MeV  : (n,a3)
  63    MT =    804  Q = -4.47483E+00 MeV  Emin = 4.64212E+00 MeV  : (n,a4)
  64    MT =    805  Q = -4.47683E+00 MeV  Emin = 4.64419E+00 MeV  : (n,a5)
  65    MT =    806  Q = -4.64287E+00 MeV  Emin = 4.81644E+00 MeV  : (n,a6)
  66    MT =    807  Q = -4.97643E+00 MeV  Emin = 5.16247E+00 MeV  : (n,a7)
  67    MT =    808  Q = -5.01577E+00 MeV  Emin = 5.20328E+00 MeV  : (n,a8)
  68    MT =    809  Q = -5.64373E+00 MeV  Emin = 5.85471E+00 MeV  : (n,a9)
  69    MT =    810  Q = -5.69283E+00 MeV  Emin = 5.90565E+00 MeV  : (n,a10)
  70    MT =    811  Q = -6.03403E+00 MeV  Emin = 6.25960E+00 MeV  : (n,a11)
  71    MT =    812  Q = -6.10813E+00 MeV  Emin = 6.33647E+00 MeV  : (n,a12)
  72    MT =    813  Q = -6.34713E+00 MeV  Emin = 6.58441E+00 MeV  : (n,a13)
  73    MT =    814  Q = -6.50223E+00 MeV  Emin = 6.74531E+00 MeV  : (n,a14)
  74    MT =    815  Q = -6.54373E+00 MeV  Emin = 6.78836E+00 MeV  : (n,a15)
  75    MT =    816  Q = -6.71943E+00 MeV  Emin = 6.97063E+00 MeV  : (n,a16)
  76    MT =    817  Q = -6.75883E+00 MeV  Emin = 7.01150E+00 MeV  : (n,a17)
  77    MT =    818  Q = -6.78683E+00 MeV  Emin = 7.04055E+00 MeV  : (n,a18)
  78    MT =    819  Q = -6.81203E+00 MeV  Emin = 7.06669E+00 MeV  : (n,a19)
  79    MT =    849  Q = -6.81203E+00 MeV  Emin = 7.06669E+00 MeV  : (n,alpha) to continuum
  80    MT =      4  Q =  0.00000E+00 MeV  Emin = 8.75293E-01 MeV  : total inelastic scattering

 Nuclide   22 / 130 : 14028.03c -- silicon 28 (Si-28)

 Pointers                     : 200590 9003
 Primary type                 : Transport
 Nuclide ZAI                  : 140280
 Library ID                   : 03c
 Cross section data file      : /home/leonardo.zortea/mcnp/xs/acedata/14028ENDF7.ace
 Atomic weight (AW)           : 27.97734
 Atomic weight ratio (AWR)    : 27.73700
 Temperature                  : 300.0 Kelvin
 XS temperature               : 300.0 Kelvin
 Minimum and maximum energy   : 1.00000E-11 1.50000E+02
 Half-life                    : stable
 Specific ingestion toxicity  : N/A
 Specific inhalation toxicity : N/A

 - Nuclide is not involved in burnup calculation
 - Nuclide has neutron transport data
 - Nuclide has no photon transport data
 - Nuclide has no S(a,b) data
 - Nuclide has no isomeric branching data
 - Nuclide is not fissile
 - Nuclide is not a delayed neutron precursor
 - Nuclide has no delayed neutron data
 - Nuclide has no ures ptable data
 - Nuclide temperature is not adjusted with TMS
 - Nuclide has no dosimetry data
 - Nuclide has decay data
 - Nuclide has no supplementary transmutation cross section data
 - Nuclide has no NFY data
 - Nuclide has no SFY data

 - 27 reaction channels
 - 37 special reactions
 - No transmutation reactions
 - No transmutation branch reactions
 - No decay reactions
 - No decay branch reactions
 - No transmutation paths

 27 reactions channel:

   1    MT =      2  Q =  0.00000E+00 MeV  Emin = 1.00000E-11 MeV  frac = 1.00000E+00  : elastic scattering
   2    MT =      5  Q =  0.00000E+00 MeV  Emin = 2.00000E+01 MeV  frac = 1.00000E+00  : anything
   3    MT =     16  Q = -1.71770E+01 MeV  Emin = 1.77970E+01 MeV  frac = 1.00000E+00  : (n,2n)
   4    MT =     22  Q = -9.98560E+00 MeV  Emin = 1.03460E+01 MeV  frac = 1.00000E+00  : (n,nalpha)
   5    MT =     28  Q = -1.15860E+01 MeV  Emin = 1.20040E+01 MeV  frac = 1.00000E+00  : (n,np)
   6    MT =     51  Q = -1.77900E+00 MeV  Emin = 1.84314E+00 MeV  frac = 1.00000E+00  : inelastic scatt. to 1. excited state
   7    MT =     52  Q = -4.61700E+00 MeV  Emin = 4.78350E+00 MeV  frac = 1.00000E+00  : inelastic scatt. to 2. excited state
   8    MT =     53  Q = -4.97900E+00 MeV  Emin = 5.15851E+00 MeV  frac = 1.00000E+00  : inelastic scatt. to 3. excited state
   9    MT =     54  Q = -6.27600E+00 MeV  Emin = 6.50230E+00 MeV  frac = 1.00000E+00  : inelastic scatt. to 4. excited state
  10    MT =     55  Q = -6.69100E+00 MeV  Emin = 6.93223E+00 MeV  frac = 1.00000E+00  : inelastic scatt. to 5. excited state
  11    MT =     56  Q = -6.87900E+00 MeV  Emin = 7.12701E+00 MeV  frac = 1.00000E+00  : inelastic scatt. to 6. excited state
  12    MT =     57  Q = -6.88900E+00 MeV  Emin = 7.13740E+00 MeV  frac = 1.00000E+00  : inelastic scatt. to 7. excited state
  13    MT =     58  Q = -7.38100E+00 MeV  Emin = 7.64711E+00 MeV  frac = 1.00000E+00  : inelastic scatt. to 8. excited state
  14    MT =     59  Q = -7.41700E+00 MeV  Emin = 7.68441E+00 MeV  frac = 1.00000E+00  : inelastic scatt. to 9. excited state
  15    MT =     60  Q = -7.79900E+00 MeV  Emin = 8.08020E+00 MeV  frac = 1.00000E+00  : inelastic scatt. to 10. excited state
  16    MT =     61  Q = -7.93300E+00 MeV  Emin = 8.21901E+00 MeV  frac = 1.00000E+00  : inelastic scatt. to 11. excited state
  17    MT =     62  Q = -8.25900E+00 MeV  Emin = 8.55680E+00 MeV  frac = 1.00000E+00  : inelastic scatt. to 12. excited state
  18    MT =     63  Q = -8.32800E+00 MeV  Emin = 8.62830E+00 MeV  frac = 1.00000E+00  : inelastic scatt. to 13. excited state
  19    MT =     64  Q = -8.41300E+00 MeV  Emin = 8.71631E+00 MeV  frac = 1.00000E+00  : inelastic scatt. to 14. excited state
  20    MT =     65  Q = -8.54300E+00 MeV  Emin = 8.85100E+00 MeV  frac = 1.00000E+00  : inelastic scatt. to 15. excited state
  21    MT =     66  Q = -8.58900E+00 MeV  Emin = 8.89870E+00 MeV  frac = 1.00000E+00  : inelastic scatt. to 16. excited state
  22    MT =     67  Q = -8.90400E+00 MeV  Emin = 9.22502E+00 MeV  frac = 1.00000E+00  : inelastic scatt. to 17. excited state
  23    MT =     91  Q = -9.00000E+00 MeV  Emin = 9.32450E+00 MeV  frac = 1.00000E+00  : inelastic scattering to continuum
  24    MT =    102  Q =  8.47390E+00 MeV  Emin = 1.00000E-11 MeV  frac = 1.00000E+00  : (n,gamma)
  25    MT =    103  Q = -3.86000E+00 MeV  Emin = 3.99917E+00 MeV  frac = 1.00000E+00  : (n,p)
  26    MT =    104  Q = -9.36130E+00 MeV  Emin = 1.05000E+01 MeV  frac = 1.00000E+00  : (n,d)
  27    MT =    107  Q = -2.65000E+00 MeV  Emin = 2.74554E+00 MeV  frac = 1.00000E+00  : (n,alpha)

 37 special reactions:

   1    MT =    203  Q =  0.00000E+00 MeV  Emin = 3.99916E+00 MeV  : total proton production
   2    MT =    204  Q =  0.00000E+00 MeV  Emin = 1.05000E+01 MeV  : total deuteron production
   3    MT =    205  Q =  0.00000E+00 MeV  Emin = 2.00000E+01 MeV  : total triton production
   4    MT =    207  Q =  0.00000E+00 MeV  Emin = 2.74554E+00 MeV  : total alpha production
   5    MT =    600  Q = -3.86000E+00 MeV  Emin = 3.99917E+00 MeV  : (n,p) to ground state
   6    MT =    601  Q = -3.89100E+00 MeV  Emin = 4.03128E+00 MeV  : (n,p1)
   7    MT =    602  Q = -4.83200E+00 MeV  Emin = 5.00621E+00 MeV  : (n,p2)
   8    MT =    603  Q = -4.87400E+00 MeV  Emin = 5.04972E+00 MeV  : (n,p3)
   9    MT =    604  Q = -5.23300E+00 MeV  Emin = 5.42167E+00 MeV  : (n,p4)
  10    MT =    605  Q = -5.48000E+00 MeV  Emin = 5.67757E+00 MeV  : (n,p5)
  11    MT =    606  Q = -5.48300E+00 MeV  Emin = 5.68068E+00 MeV  : (n,p6)
  12    MT =    607  Q = -5.99900E+00 MeV  Emin = 6.21528E+00 MeV  : (n,p7)
  13    MT =    608  Q = -6.06200E+00 MeV  Emin = 6.28055E+00 MeV  : (n,p8)
  14    MT =    609  Q = -6.13200E+00 MeV  Emin = 6.35308E+00 MeV  : (n,p9)
  15    MT =    610  Q = -6.34500E+00 MeV  Emin = 6.57376E+00 MeV  : (n,p10)
  16    MT =    611  Q = -6.44100E+00 MeV  Emin = 6.67322E+00 MeV  : (n,p11)
  17    MT =    612  Q = -6.51600E+00 MeV  Emin = 6.75092E+00 MeV  : (n,p12)
  18    MT =    613  Q = -6.84700E+00 MeV  Emin = 7.09385E+00 MeV  : (n,p13)
  19    MT =    649  Q = -6.86000E+00 MeV  Emin = 7.10732E+00 MeV  : (n,p) to continuum
  20    MT =    800  Q = -2.65000E+00 MeV  Emin = 2.74554E+00 MeV  : (n,alpha) to ground state
  21    MT =    801  Q = -3.23500E+00 MeV  Emin = 3.35163E+00 MeV  : (n,a1)
  22    MT =    802  Q = -3.62500E+00 MeV  Emin = 3.75569E+00 MeV  : (n,a2)
  23    MT =    803  Q = -4.26200E+00 MeV  Emin = 4.41566E+00 MeV  : (n,a3)
  24    MT =    804  Q = -4.61500E+00 MeV  Emin = 4.78139E+00 MeV  : (n,a4)
  25    MT =    805  Q = -5.21400E+00 MeV  Emin = 5.40198E+00 MeV  : (n,a5)
  26    MT =    806  Q = -5.38800E+00 MeV  Emin = 5.58225E+00 MeV  : (n,a6)
  27    MT =    807  Q = -5.45100E+00 MeV  Emin = 5.64752E+00 MeV  : (n,a7)
  28    MT =    808  Q = -6.05500E+00 MeV  Emin = 6.27330E+00 MeV  : (n,a8)
  29    MT =    809  Q = -6.06400E+00 MeV  Emin = 6.28263E+00 MeV  : (n,a9)
  30    MT =    810  Q = -6.55800E+00 MeV  Emin = 6.79444E+00 MeV  : (n,a10)
  31    MT =    811  Q = -6.62100E+00 MeV  Emin = 6.85971E+00 MeV  : (n,a11)
  32    MT =    812  Q = -6.71000E+00 MeV  Emin = 6.95192E+00 MeV  : (n,a12)
  33    MT =    813  Q = -6.92700E+00 MeV  Emin = 7.17674E+00 MeV  : (n,a13)
  34    MT =    814  Q = -7.00900E+00 MeV  Emin = 7.26170E+00 MeV  : (n,a14)
  35    MT =    815  Q = -7.36100E+00 MeV  Emin = 7.62640E+00 MeV  : (n,a15)
  36    MT =    849  Q = -7.45000E+00 MeV  Emin = 7.71860E+00 MeV  : (n,alpha) to continuum
  37    MT =      4  Q =  0.00000E+00 MeV  Emin = 1.84314E+00 MeV  : total inelastic scattering

 Nuclide   23 / 130 : 14029.03c -- silicon 29 (Si-29)

 Pointers                     : 205303 9279
 Primary type                 : Transport
 Nuclide ZAI                  : 140290
 Library ID                   : 03c
 Cross section data file      : /home/leonardo.zortea/mcnp/xs/acedata/14029ENDF7.ace
 Atomic weight (AW)           : 28.97693
 Atomic weight ratio (AWR)    : 28.72800
 Temperature                  : 300.0 Kelvin
 XS temperature               : 300.0 Kelvin
 Minimum and maximum energy   : 1.00000E-11 1.50000E+02
 Half-life                    : stable
 Specific ingestion toxicity  : N/A
 Specific inhalation toxicity : N/A

 - Nuclide is not involved in burnup calculation
 - Nuclide has neutron transport data
 - Nuclide has no photon transport data
 - Nuclide has no S(a,b) data
 - Nuclide has no isomeric branching data
 - Nuclide is not fissile
 - Nuclide is not a delayed neutron precursor
 - Nuclide has no delayed neutron data
 - Nuclide has no ures ptable data
 - Nuclide temperature is not adjusted with TMS
 - Nuclide has no dosimetry data
 - Nuclide has decay data
 - Nuclide has no supplementary transmutation cross section data
 - Nuclide has no NFY data
 - Nuclide has no SFY data

 - 23 reaction channels
 - 43 special reactions
 - No transmutation reactions
 - No transmutation branch reactions
 - No decay reactions
 - No decay branch reactions
 - No transmutation paths

 23 reactions channel:

   1    MT =      2  Q =  0.00000E+00 MeV  Emin = 1.00000E-11 MeV  frac = 1.00000E+00  : elastic scattering
   2    MT =      5  Q =  0.00000E+00 MeV  Emin = 2.00000E+01 MeV  frac = 1.00000E+00  : anything
   3    MT =     16  Q = -8.47390E+00 MeV  Emin = 8.76890E+00 MeV  frac = 1.00000E+00  : (n,2n)
   4    MT =     22  Q = -1.11280E+01 MeV  Emin = 1.15154E+01 MeV  frac = 1.00000E+00  : (n,nalpha)
   5    MT =     28  Q = -1.23350E+01 MeV  Emin = 1.27644E+01 MeV  frac = 1.00000E+00  : (n,np)
   6    MT =     51  Q = -1.27300E+00 MeV  Emin = 1.31731E+00 MeV  frac = 1.00000E+00  : inelastic scatt. to 1. excited state
   7    MT =     52  Q = -2.02800E+00 MeV  Emin = 2.09860E+00 MeV  frac = 1.00000E+00  : inelastic scatt. to 2. excited state
   8    MT =     53  Q = -2.42600E+00 MeV  Emin = 2.51045E+00 MeV  frac = 1.00000E+00  : inelastic scatt. to 3. excited state
   9    MT =     54  Q = -3.06700E+00 MeV  Emin = 3.17380E+00 MeV  frac = 1.00000E+00  : inelastic scatt. to 4. excited state
  10    MT =     55  Q = -3.62300E+00 MeV  Emin = 3.74912E+00 MeV  frac = 1.00000E+00  : inelastic scatt. to 5. excited state
  11    MT =     56  Q = -4.08000E+00 MeV  Emin = 4.22202E+00 MeV  frac = 1.00000E+00  : inelastic scatt. to 6. excited state
  12    MT =     57  Q = -4.74100E+00 MeV  Emin = 4.90603E+00 MeV  frac = 1.00000E+00  : inelastic scatt. to 7. excited state
  13    MT =     58  Q = -4.84000E+00 MeV  Emin = 5.00850E+00 MeV  frac = 1.00000E+00  : inelastic scatt. to 8. excited state
  14    MT =     59  Q = -4.89500E+00 MeV  Emin = 5.06540E+00 MeV  frac = 1.00000E+00  : inelastic scatt. to 9. excited state
  15    MT =     60  Q = -4.93400E+00 MeV  Emin = 5.10580E+00 MeV  frac = 1.00000E+00  : inelastic scatt. to 10. excited state
  16    MT =     61  Q = -5.25500E+00 MeV  Emin = 5.43792E+00 MeV  frac = 1.00000E+00  : inelastic scatt. to 11. excited state
  17    MT =     62  Q = -5.28600E+00 MeV  Emin = 5.47000E+00 MeV  frac = 1.00000E+00  : inelastic scatt. to 12. excited state
  18    MT =     63  Q = -5.65200E+00 MeV  Emin = 5.84874E+00 MeV  frac = 1.00000E+00  : inelastic scatt. to 13. excited state
  19    MT =     64  Q = -5.81300E+00 MeV  Emin = 6.01535E+00 MeV  frac = 1.00000E+00  : inelastic scatt. to 14. excited state
  20    MT =     91  Q = -6.00000E+00 MeV  Emin = 6.20890E+00 MeV  frac = 1.00000E+00  : inelastic scattering to continuum
  21    MT =    102  Q =  1.06100E+01 MeV  Emin = 1.00000E-11 MeV  frac = 1.00000E+00  : (n,gamma)
  22    MT =    103  Q = -2.89850E+00 MeV  Emin = 2.99940E+00 MeV  frac = 1.00000E+00  : (n,p)
  23    MT =    107  Q = -3.47000E-02 MeV  Emin = 1.30000E+00 MeV  frac = 1.00000E+00  : (n,alpha)

 43 special reactions:

   1    MT =    203  Q =  0.00000E+00 MeV  Emin = 2.99940E+00 MeV  : total proton production
   2    MT =    204  Q =  0.00000E+00 MeV  Emin = 2.00000E+01 MeV  : total deuteron production
   3    MT =    205  Q =  0.00000E+00 MeV  Emin = 2.00000E+01 MeV  : total triton production
   4    MT =    207  Q =  0.00000E+00 MeV  Emin = 1.30000E+00 MeV  : total alpha production
   5    MT =    600  Q = -2.89850E+00 MeV  Emin = 2.99940E+00 MeV  : (n,p) to ground state
   6    MT =    601  Q = -4.29650E+00 MeV  Emin = 4.44610E+00 MeV  : (n,p1)
   7    MT =    602  Q = -4.65250E+00 MeV  Emin = 4.81450E+00 MeV  : (n,p2)
   8    MT =    603  Q = -5.12250E+00 MeV  Emin = 5.30081E+00 MeV  : (n,p3)
   9    MT =    604  Q = -5.76350E+00 MeV  Emin = 5.96412E+00 MeV  : (n,p4)
  10    MT =    605  Q = -5.96050E+00 MeV  Emin = 6.16800E+00 MeV  : (n,p5)
  11    MT =    606  Q = -6.08250E+00 MeV  Emin = 6.29423E+00 MeV  : (n,p6)
  12    MT =    607  Q = -6.33150E+00 MeV  Emin = 6.55190E+00 MeV  : (n,p7)
  13    MT =    608  Q = -6.47650E+00 MeV  Emin = 6.70194E+00 MeV  : (n,p8)
  14    MT =    609  Q = -6.53950E+00 MeV  Emin = 6.76714E+00 MeV  : (n,p9)
  15    MT =    610  Q = -6.57050E+00 MeV  Emin = 6.79922E+00 MeV  : (n,p10)
  16    MT =    611  Q = -6.83350E+00 MeV  Emin = 7.07140E+00 MeV  : (n,p11)
  17    MT =    612  Q = -6.88350E+00 MeV  Emin = 7.12311E+00 MeV  : (n,p12)
  18    MT =    613  Q = -6.95550E+00 MeV  Emin = 7.19762E+00 MeV  : (n,p13)
  19    MT =    614  Q = -7.11850E+00 MeV  Emin = 7.36630E+00 MeV  : (n,p14)
  20    MT =    615  Q = -7.30150E+00 MeV  Emin = 7.55570E+00 MeV  : (n,p15)
  21    MT =    649  Q = -7.39850E+00 MeV  Emin = 7.65604E+00 MeV  : (n,p) to continuum
  22    MT =    800  Q = -3.47000E-02 MeV  Emin = 1.30000E+00 MeV  : (n,alpha) to ground state
  23    MT =    801  Q = -1.84370E+00 MeV  Emin = 1.90790E+00 MeV  : (n,a1)
  24    MT =    802  Q = -2.97270E+00 MeV  Emin = 3.07620E+00 MeV  : (n,a2)
  25    MT =    803  Q = -3.62270E+00 MeV  Emin = 3.74880E+00 MeV  : (n,a3)
  26    MT =    804  Q = -3.97570E+00 MeV  Emin = 4.11410E+00 MeV  : (n,a4)
  27    MT =    805  Q = -4.35470E+00 MeV  Emin = 4.50630E+00 MeV  : (n,a5)
  28    MT =    806  Q = -4.36670E+00 MeV  Emin = 4.51870E+00 MeV  : (n,a6)
  29    MT =    807  Q = -4.38470E+00 MeV  Emin = 4.53733E+00 MeV  : (n,a7)
  30    MT =    808  Q = -4.86970E+00 MeV  Emin = 5.03921E+00 MeV  : (n,a8)
  31    MT =    809  Q = -4.93570E+00 MeV  Emin = 5.10751E+00 MeV  : (n,a9)
  32    MT =    810  Q = -5.00670E+00 MeV  Emin = 5.18100E+00 MeV  : (n,a10)
  33    MT =    811  Q = -5.32570E+00 MeV  Emin = 5.51110E+00 MeV  : (n,a11)
  34    MT =    812  Q = -5.50870E+00 MeV  Emin = 5.70050E+00 MeV  : (n,a12)
  35    MT =    813  Q = -5.72470E+00 MeV  Emin = 5.92400E+00 MeV  : (n,a13)
  36    MT =    814  Q = -5.74970E+00 MeV  Emin = 5.94984E+00 MeV  : (n,a14)
  37    MT =    815  Q = -6.15970E+00 MeV  Emin = 6.37412E+00 MeV  : (n,a15)
  38    MT =    816  Q = -6.29070E+00 MeV  Emin = 6.50970E+00 MeV  : (n,a16)
  39    MT =    817  Q = -6.65570E+00 MeV  Emin = 6.88740E+00 MeV  : (n,a17)
  40    MT =    818  Q = -6.77870E+00 MeV  Emin = 7.01470E+00 MeV  : (n,a18)
  41    MT =    819  Q = -6.91270E+00 MeV  Emin = 7.15333E+00 MeV  : (n,a19)
  42    MT =    849  Q = -7.03470E+00 MeV  Emin = 7.27960E+00 MeV  : (n,alpha) to continuum
  43    MT =      4  Q =  0.00000E+00 MeV  Emin = 1.31731E+00 MeV  : total inelastic scattering

 Nuclide   24 / 130 : 14030.03c -- silicon 30 (Si-30)

 Pointers                     : 210160 9555
 Primary type                 : Transport
 Nuclide ZAI                  : 140300
 Library ID                   : 03c
 Cross section data file      : /home/leonardo.zortea/mcnp/xs/acedata/14030ENDF7.ace
 Atomic weight (AW)           : 29.97349
 Atomic weight ratio (AWR)    : 29.71600
 Temperature                  : 300.0 Kelvin
 XS temperature               : 300.0 Kelvin
 Minimum and maximum energy   : 1.00000E-11 1.50000E+02
 Half-life                    : stable
 Specific ingestion toxicity  : N/A
 Specific inhalation toxicity : N/A

 - Nuclide is not involved in burnup calculation
 - Nuclide has neutron transport data
 - Nuclide has no photon transport data
 - Nuclide has no S(a,b) data
 - Nuclide has no isomeric branching data
 - Nuclide is not fissile
 - Nuclide is not a delayed neutron precursor
 - Nuclide has no delayed neutron data
 - Nuclide has no ures ptable data
 - Nuclide temperature is not adjusted with TMS
 - Nuclide has no dosimetry data
 - Nuclide has decay data
 - Nuclide has no supplementary transmutation cross section data
 - Nuclide has no NFY data
 - Nuclide has no SFY data

 - 15 reaction channels
 - 25 special reactions
 - No transmutation reactions
 - No transmutation branch reactions
 - No decay reactions
 - No decay branch reactions
 - No transmutation paths

 15 reactions channel:

   1    MT =      2  Q =  0.00000E+00 MeV  Emin = 1.00000E-11 MeV  frac = 1.00000E+00  : elastic scattering
   2    MT =      5  Q =  0.00000E+00 MeV  Emin = 2.00000E+01 MeV  frac = 1.00000E+00  : anything
   3    MT =     16  Q = -1.06100E+01 MeV  Emin = 1.09671E+01 MeV  frac = 1.00000E+00  : (n,2n)
   4    MT =     22  Q = -1.06440E+01 MeV  Emin = 1.10022E+01 MeV  frac = 1.00000E+00  : (n,nalpha)
   5    MT =     28  Q = -1.35080E+01 MeV  Emin = 1.39630E+01 MeV  frac = 1.00000E+00  : (n,np)
   6    MT =     51  Q = -2.23500E+00 MeV  Emin = 2.31021E+00 MeV  frac = 1.00000E+00  : inelastic scatt. to 1. excited state
   7    MT =     52  Q = -3.49800E+00 MeV  Emin = 3.61571E+00 MeV  frac = 1.00000E+00  : inelastic scatt. to 2. excited state
   8    MT =     53  Q = -3.77000E+00 MeV  Emin = 3.89690E+00 MeV  frac = 1.00000E+00  : inelastic scatt. to 3. excited state
   9    MT =     54  Q = -3.78800E+00 MeV  Emin = 3.91550E+00 MeV  frac = 1.00000E+00  : inelastic scatt. to 4. excited state
  10    MT =     55  Q = -4.80900E+00 MeV  Emin = 4.97083E+00 MeV  frac = 1.00000E+00  : inelastic scatt. to 5. excited state
  11    MT =     56  Q = -4.83000E+00 MeV  Emin = 4.99254E+00 MeV  frac = 1.00000E+00  : inelastic scatt. to 6. excited state
  12    MT =     91  Q = -5.00000E+00 MeV  Emin = 5.16830E+00 MeV  frac = 1.00000E+00  : inelastic scattering to continuum
  13    MT =    102  Q =  6.59200E+00 MeV  Emin = 1.00000E-11 MeV  frac = 1.00000E+00  : (n,gamma)
  14    MT =    103  Q = -7.75160E+00 MeV  Emin = 8.01250E+00 MeV  frac = 1.00000E+00  : (n,p)
  15    MT =    107  Q = -4.20020E+00 MeV  Emin = 4.34155E+00 MeV  frac = 1.00000E+00  : (n,alpha)

 25 special reactions:

   1    MT =    203  Q =  0.00000E+00 MeV  Emin = 8.01250E+00 MeV  : total proton production
   2    MT =    204  Q =  0.00000E+00 MeV  Emin = 2.00000E+01 MeV  : total deuteron production
   3    MT =    205  Q =  0.00000E+00 MeV  Emin = 2.00000E+01 MeV  : total triton production
   4    MT =    207  Q =  0.00000E+00 MeV  Emin = 4.34155E+00 MeV  : total alpha production
   5    MT =    600  Q = -7.75160E+00 MeV  Emin = 8.01250E+00 MeV  : (n,p) to ground state
   6    MT =    601  Q = -8.00160E+00 MeV  Emin = 8.27090E+00 MeV  : (n,p1)
   7    MT =    602  Q = -8.44560E+00 MeV  Emin = 8.72981E+00 MeV  : (n,p2)
   8    MT =    603  Q = -8.75160E+00 MeV  Emin = 9.04611E+00 MeV  : (n,p3)
   9    MT =    604  Q = -8.88660E+00 MeV  Emin = 9.18565E+00 MeV  : (n,p4)
  10    MT =    605  Q = -9.01360E+00 MeV  Emin = 9.31693E+00 MeV  : (n,p5)
  11    MT =    649  Q = -9.15160E+00 MeV  Emin = 9.45960E+00 MeV  : (n,p) to continuum
  12    MT =    800  Q = -4.20020E+00 MeV  Emin = 4.34155E+00 MeV  : (n,alpha) to ground state
  13    MT =    801  Q = -5.18520E+00 MeV  Emin = 5.35970E+00 MeV  : (n,a1)
  14    MT =    802  Q = -5.89820E+00 MeV  Emin = 6.09670E+00 MeV  : (n,a2)
  15    MT =    803  Q = -6.14020E+00 MeV  Emin = 6.34683E+00 MeV  : (n,a3)
  16    MT =    804  Q = -7.30920E+00 MeV  Emin = 7.55520E+00 MeV  : (n,a4)
  17    MT =    805  Q = -7.62720E+00 MeV  Emin = 7.88390E+00 MeV  : (n,a5)
  18    MT =    806  Q = -7.67620E+00 MeV  Emin = 7.93452E+00 MeV  : (n,a6)
  19    MT =    807  Q = -7.68520E+00 MeV  Emin = 7.94382E+00 MeV  : (n,a7)
  20    MT =    808  Q = -7.76120E+00 MeV  Emin = 8.02240E+00 MeV  : (n,a8)
  21    MT =    809  Q = -7.96020E+00 MeV  Emin = 8.22810E+00 MeV  : (n,a9)
  22    MT =    810  Q = -7.98620E+00 MeV  Emin = 8.25495E+00 MeV  : (n,a10)
  23    MT =    811  Q = -8.08420E+00 MeV  Emin = 8.35625E+00 MeV  : (n,a11)
  24    MT =    849  Q = -8.20020E+00 MeV  Emin = 8.47620E+00 MeV  : (n,alpha) to continuum
  25    MT =      4  Q =  0.00000E+00 MeV  Emin = 2.31021E+00 MeV  : total inelastic scattering

 Nuclide   25 / 130 : 15031.03c -- phosphorus 31 (P-31)

 Pointers                     : 583420 9831
 Primary type                 : Transport
 Nuclide ZAI                  : 150310
 Library ID                   : 03c
 Cross section data file      : /home/leonardo.zortea/mcnp/xs/acedata/15031ENDF7.ace
 Atomic weight (AW)           : 30.97408
 Atomic weight ratio (AWR)    : 30.70800
 Temperature                  : 300.0 Kelvin
 XS temperature               : 300.0 Kelvin
 Minimum and maximum energy   : 1.00000E-11 1.50000E+02
 Half-life                    : stable
 Specific ingestion toxicity  : N/A
 Specific inhalation toxicity : N/A

 - Nuclide is not involved in burnup calculation
 - Nuclide has neutron transport data
 - Nuclide has no photon transport data
 - Nuclide has no S(a,b) data
 - Nuclide has no isomeric branching data
 - Nuclide is not fissile
 - Nuclide is not a delayed neutron precursor
 - Nuclide has no delayed neutron data
 - Nuclide has no ures ptable data
 - Nuclide temperature is not adjusted with TMS
 - Nuclide has no dosimetry data
 - Nuclide has decay data
 - Nuclide has no supplementary transmutation cross section data
 - Nuclide has no NFY data
 - Nuclide has no SFY data

 - 8 reaction channels
 - 4 special reactions
 - No transmutation reactions
 - No transmutation branch reactions
 - No decay reactions
 - No decay branch reactions
 - No transmutation paths

 8 reactions channel:

   1    MT =      2  Q =  0.00000E+00 MeV  Emin = 1.00000E-11 MeV  frac = 1.00000E+00  : elastic scattering
   2    MT =      5  Q =  0.00000E+00 MeV  Emin = 2.00000E+01 MeV  frac = 1.00000E+00  : anything
   3    MT =     16  Q = -1.23100E+01 MeV  Emin = 1.27110E+01 MeV  frac = 1.00000E+00  : (n,2n)
   4    MT =     28  Q = -7.30000E+00 MeV  Emin = 7.53772E+00 MeV  frac = 1.00000E+00  : (n,np)
   5    MT =     91  Q = -1.26869E+00 MeV  Emin = 1.31001E+00 MeV  frac = 1.00000E+00  : inelastic scattering to continuum
   6    MT =    102  Q =  7.93000E+00 MeV  Emin = 1.00000E-11 MeV  frac = 1.00000E+00  : (n,gamma)
   7    MT =    103  Q = -7.10000E-01 MeV  Emin = 1.50000E+00 MeV  frac = 1.00000E+00  : (n,p)
   8    MT =    107  Q = -1.94000E+00 MeV  Emin = 3.00000E+00 MeV  frac = 1.00000E+00  : (n,alpha)

 4 special reactions:

   1    MT =    203  Q =  0.00000E+00 MeV  Emin = 1.50000E+00 MeV  : total proton production
   2    MT =    204  Q =  0.00000E+00 MeV  Emin = 2.00000E+01 MeV  : total deuteron production
   3    MT =    207  Q =  0.00000E+00 MeV  Emin = 3.00000E+00 MeV  : total alpha production
   4    MT =      4  Q =  0.00000E+00 MeV  Emin = 1.31001E+00 MeV  : total inelastic scattering

 Nuclide   26 / 130 : 16032.03c -- sulfur 32 (S-32)

 Pointers                     : 510465 10383
 Primary type                 : Transport
 Nuclide ZAI                  : 160320
 Library ID                   : 03c
 Cross section data file      : /home/leonardo.zortea/mcnp/xs/acedata/16032ENDF7.ace
 Atomic weight (AW)           : 31.97196
 Atomic weight ratio (AWR)    : 31.69730
 Temperature                  : 300.0 Kelvin
 XS temperature               : 300.0 Kelvin
 Minimum and maximum energy   : 1.00000E-11 2.00000E+01
 Half-life                    : stable
 Specific ingestion toxicity  : N/A
 Specific inhalation toxicity : N/A

 - Nuclide is not involved in burnup calculation
 - Nuclide has neutron transport data
 - Nuclide has no photon transport data
 - Nuclide has no S(a,b) data
 - Nuclide has no isomeric branching data
 - Nuclide is not fissile
 - Nuclide is not a delayed neutron precursor
 - Nuclide has no delayed neutron data
 - Nuclide has no ures ptable data
 - Nuclide temperature is not adjusted with TMS
 - Nuclide has no dosimetry data
 - Nuclide has decay data
 - Nuclide has no supplementary transmutation cross section data
 - Nuclide has no NFY data
 - Nuclide has no SFY data

 - 14 reaction channels
 - 3 special reactions
 - No transmutation reactions
 - No transmutation branch reactions
 - No decay reactions
 - No decay branch reactions
 - No transmutation paths

 14 reactions channel:

   1    MT =      2  Q =  0.00000E+00 MeV  Emin = 1.00000E-11 MeV  frac = 1.00000E+00  : elastic scattering
   2    MT =     16  Q = -1.50880E+01 MeV  Emin = 1.55640E+01 MeV  frac = 1.00000E+00  : (n,2n)
   3    MT =     22  Q = -6.94813E+00 MeV  Emin = 7.20000E+00 MeV  frac = 1.00000E+00  : (n,nalpha)
   4    MT =     28  Q = -8.86391E+00 MeV  Emin = 9.20000E+00 MeV  frac = 1.00000E+00  : (n,np)
   5    MT =     51  Q = -2.23000E+00 MeV  Emin = 2.30035E+00 MeV  frac = 1.00000E+00  : inelastic scatt. to 1. excited state
   6    MT =     52  Q = -3.77899E+00 MeV  Emin = 3.89822E+00 MeV  frac = 1.00000E+00  : inelastic scatt. to 2. excited state
   7    MT =     53  Q = -4.27999E+00 MeV  Emin = 4.41503E+00 MeV  frac = 1.00000E+00  : inelastic scatt. to 3. excited state
   8    MT =     54  Q = -4.45899E+00 MeV  Emin = 4.59967E+00 MeV  frac = 1.00000E+00  : inelastic scatt. to 4. excited state
   9    MT =     55  Q = -4.69499E+00 MeV  Emin = 4.84312E+00 MeV  frac = 1.00000E+00  : inelastic scatt. to 5. excited state
  10    MT =     56  Q = -5.00599E+00 MeV  Emin = 5.16393E+00 MeV  frac = 1.00000E+00  : inelastic scatt. to 6. excited state
  11    MT =     91  Q = -5.39999E+00 MeV  Emin = 5.57036E+00 MeV  frac = 1.00000E+00  : inelastic scattering to continuum
  12    MT =    102  Q =  8.64299E+00 MeV  Emin = 1.00000E-11 MeV  frac = 1.00000E+00  : (n,gamma)
  13    MT =    103  Q = -9.27629E-01 MeV  Emin = 9.56895E-01 MeV  frac = 1.00000E+00  : (n,p)
  14    MT =    107  Q =  1.52575E+00 MeV  Emin = 1.00000E-11 MeV  frac = 1.00000E+00  : (n,alpha)

 3 special reactions:

   1    MT =    203  Q =  0.00000E+00 MeV  Emin = 9.55755E-01 MeV  : total proton production
   2    MT =    207  Q =  0.00000E+00 MeV  Emin = 1.00000E-11 MeV  : total alpha production
   3    MT =      4  Q =  0.00000E+00 MeV  Emin = 2.30035E+00 MeV  : total inelastic scattering

 Nuclide   27 / 130 : 16033.03c -- sulfur 33 (S-33)

 Pointers                     : 511794 10659
 Primary type                 : Transport
 Nuclide ZAI                  : 160330
 Library ID                   : 03c
 Cross section data file      : /home/leonardo.zortea/mcnp/xs/acedata/16033ENDF7.ace
 Atomic weight (AW)           : 32.97104
 Atomic weight ratio (AWR)    : 32.68780
 Temperature                  : 300.0 Kelvin
 XS temperature               : 300.0 Kelvin
 Minimum and maximum energy   : 1.00000E-11 2.00000E+01
 Half-life                    : stable
 Specific ingestion toxicity  : N/A
 Specific inhalation toxicity : N/A

 - Nuclide is not involved in burnup calculation
 - Nuclide has neutron transport data
 - Nuclide has no photon transport data
 - Nuclide has no S(a,b) data
 - Nuclide has no isomeric branching data
 - Nuclide is not fissile
 - Nuclide is not a delayed neutron precursor
 - Nuclide has no delayed neutron data
 - Nuclide has no ures ptable data
 - Nuclide temperature is not adjusted with TMS
 - Nuclide has no dosimetry data
 - Nuclide has decay data
 - Nuclide has no supplementary transmutation cross section data
 - Nuclide has no NFY data
 - Nuclide has no SFY data

 - 15 reaction channels
 - 3 special reactions
 - No transmutation reactions
 - No transmutation branch reactions
 - No decay reactions
 - No decay branch reactions
 - No transmutation paths

 15 reactions channel:

   1    MT =      2  Q =  0.00000E+00 MeV  Emin = 1.00000E-11 MeV  frac = 1.00000E+00  : elastic scattering
   2    MT =     16  Q = -8.64338E+00 MeV  Emin = 9.20000E+00 MeV  frac = 1.00000E+00  : (n,2n)
   3    MT =     22  Q = -7.11763E+00 MeV  Emin = 7.33538E+00 MeV  frac = 1.00000E+00  : (n,nalpha)
   4    MT =     28  Q = -9.57101E+00 MeV  Emin = 9.86382E+00 MeV  frac = 1.00000E+00  : (n,np)
   5    MT =     51  Q = -8.39999E-01 MeV  Emin = 8.65698E-01 MeV  frac = 1.00000E+00  : inelastic scatt. to 1. excited state
   6    MT =     52  Q = -1.96600E+00 MeV  Emin = 2.02615E+00 MeV  frac = 1.00000E+00  : inelastic scatt. to 2. excited state
   7    MT =     53  Q = -2.31300E+00 MeV  Emin = 2.38376E+00 MeV  frac = 1.00000E+00  : inelastic scatt. to 3. excited state
   8    MT =     54  Q = -2.86600E+00 MeV  Emin = 2.95368E+00 MeV  frac = 1.00000E+00  : inelastic scatt. to 4. excited state
   9    MT =     55  Q = -2.93400E+00 MeV  Emin = 3.02376E+00 MeV  frac = 1.00000E+00  : inelastic scatt. to 5. excited state
  10    MT =     56  Q = -2.96900E+00 MeV  Emin = 3.05983E+00 MeV  frac = 1.00000E+00  : inelastic scatt. to 6. excited state
  11    MT =     57  Q = -3.22000E+00 MeV  Emin = 3.31851E+00 MeV  frac = 1.00000E+00  : inelastic scatt. to 7. excited state
  12    MT =     91  Q = -3.59999E+00 MeV  Emin = 3.71013E+00 MeV  frac = 1.00000E+00  : inelastic scattering to continuum
  13    MT =    102  Q =  1.14170E+01 MeV  Emin = 1.00000E-11 MeV  frac = 1.00000E+00  : (n,gamma)
  14    MT =    103  Q =  5.33469E-01 MeV  Emin = 1.00000E-11 MeV  frac = 1.00000E+00  : (n,p)
  15    MT =    107  Q =  3.49204E+00 MeV  Emin = 1.00000E-11 MeV  frac = 1.00000E+00  : (n,alpha)

 3 special reactions:

   1    MT =    203  Q =  0.00000E+00 MeV  Emin = 1.00000E-11 MeV  : total proton production
   2    MT =    207  Q =  0.00000E+00 MeV  Emin = 1.00000E-11 MeV  : total alpha production
   3    MT =      4  Q =  0.00000E+00 MeV  Emin = 8.65698E-01 MeV  : total inelastic scattering

 Nuclide   28 / 130 : 16034.03c -- sulfur 34 (S-34)

 Pointers                     : 513195 10935
 Primary type                 : Transport
 Nuclide ZAI                  : 160340
 Library ID                   : 03c
 Cross section data file      : /home/leonardo.zortea/mcnp/xs/acedata/16034ENDF7.ace
 Atomic weight (AW)           : 33.96800
 Atomic weight ratio (AWR)    : 33.67620
 Temperature                  : 300.0 Kelvin
 XS temperature               : 300.0 Kelvin
 Minimum and maximum energy   : 1.00000E-11 2.00000E+01
 Half-life                    : stable
 Specific ingestion toxicity  : N/A
 Specific inhalation toxicity : N/A

 - Nuclide is not involved in burnup calculation
 - Nuclide has neutron transport data
 - Nuclide has no photon transport data
 - Nuclide has no S(a,b) data
 - Nuclide has no isomeric branching data
 - Nuclide is not fissile
 - Nuclide is not a delayed neutron precursor
 - Nuclide has no delayed neutron data
 - Nuclide has no ures ptable data
 - Nuclide temperature is not adjusted with TMS
 - Nuclide has no dosimetry data
 - Nuclide has decay data
 - Nuclide has no supplementary transmutation cross section data
 - Nuclide has no NFY data
 - Nuclide has no SFY data

 - 13 reaction channels
 - 3 special reactions
 - No transmutation reactions
 - No transmutation branch reactions
 - No decay reactions
 - No decay branch reactions
 - No transmutation paths

 13 reactions channel:

   1    MT =      2  Q =  0.00000E+00 MeV  Emin = 1.00000E-11 MeV  frac = 1.00000E+00  : elastic scattering
   2    MT =     16  Q = -1.14149E+01 MeV  Emin = 1.17539E+01 MeV  frac = 1.00000E+00  : (n,2n)
   3    MT =     22  Q = -7.92283E+00 MeV  Emin = 8.20000E+00 MeV  frac = 1.00000E+00  : (n,nalpha)
   4    MT =     28  Q = -1.08814E+01 MeV  Emin = 1.12045E+01 MeV  frac = 1.00000E+00  : (n,np)
   5    MT =     51  Q = -2.12700E+00 MeV  Emin = 2.19016E+00 MeV  frac = 1.00000E+00  : inelastic scatt. to 1. excited state
   6    MT =     52  Q = -3.30400E+00 MeV  Emin = 3.40211E+00 MeV  frac = 1.00000E+00  : inelastic scatt. to 2. excited state
   7    MT =     53  Q = -3.91399E+00 MeV  Emin = 4.03022E+00 MeV  frac = 1.00000E+00  : inelastic scatt. to 3. excited state
   8    MT =     54  Q = -4.07199E+00 MeV  Emin = 4.19292E+00 MeV  frac = 1.00000E+00  : inelastic scatt. to 4. excited state
   9    MT =     55  Q = -4.11499E+00 MeV  Emin = 4.23719E+00 MeV  frac = 1.00000E+00  : inelastic scatt. to 5. excited state
  10    MT =     91  Q = -4.49999E+00 MeV  Emin = 4.63363E+00 MeV  frac = 1.00000E+00  : inelastic scattering to continuum
  11    MT =    102  Q =  6.98699E+00 MeV  Emin = 1.00000E-11 MeV  frac = 1.00000E+00  : (n,gamma)
  12    MT =    103  Q = -4.31672E+00 MeV  Emin = 4.50000E+00 MeV  frac = 1.00000E+00  : (n,p)
  13    MT =    107  Q = -1.33455E+00 MeV  Emin = 2.00000E+00 MeV  frac = 1.00000E+00  : (n,alpha)

 3 special reactions:

   1    MT =    203  Q =  0.00000E+00 MeV  Emin = 4.50000E+00 MeV  : total proton production
   2    MT =    207  Q =  0.00000E+00 MeV  Emin = 2.00000E+00 MeV  : total alpha production
   3    MT =      4  Q =  0.00000E+00 MeV  Emin = 2.19016E+00 MeV  : total inelastic scattering

 Nuclide   29 / 130 : 16036.03c -- sulfur 36 (S-36)

 Pointers                     : 514452 11211
 Primary type                 : Transport
 Nuclide ZAI                  : 160360
 Library ID                   : 03c
 Cross section data file      : /home/leonardo.zortea/mcnp/xs/acedata/16036ENDF7.ace
 Atomic weight (AW)           : 35.96698
 Atomic weight ratio (AWR)    : 35.65800
 Temperature                  : 300.0 Kelvin
 XS temperature               : 300.0 Kelvin
 Minimum and maximum energy   : 1.00000E-11 2.00000E+01
 Half-life                    : stable
 Specific ingestion toxicity  : N/A
 Specific inhalation toxicity : N/A

 - Nuclide is not involved in burnup calculation
 - Nuclide has neutron transport data
 - Nuclide has no photon transport data
 - Nuclide has no S(a,b) data
 - Nuclide has no isomeric branching data
 - Nuclide is not fissile
 - Nuclide is not a delayed neutron precursor
 - Nuclide has no delayed neutron data
 - Nuclide has no ures ptable data
 - Nuclide temperature is not adjusted with TMS
 - Nuclide has no dosimetry data
 - Nuclide has decay data
 - Nuclide has no supplementary transmutation cross section data
 - Nuclide has no NFY data
 - Nuclide has no SFY data

 - 13 reaction channels
 - 3 special reactions
 - No transmutation reactions
 - No transmutation branch reactions
 - No decay reactions
 - No decay branch reactions
 - No transmutation paths

 13 reactions channel:

   1    MT =      2  Q =  0.00000E+00 MeV  Emin = 1.00000E-11 MeV  frac = 1.00000E+00  : elastic scattering
   2    MT =     16  Q = -9.89198E+00 MeV  Emin = 1.02000E+01 MeV  frac = 1.00000E+00  : (n,2n)
   3    MT =     22  Q = -8.99983E+00 MeV  Emin = 1.02000E+01 MeV  frac = 1.00000E+00  : (n,nalpha)
   4    MT =     28  Q = -1.30419E+01 MeV  Emin = 1.34077E+01 MeV  frac = 1.00000E+00  : (n,np)
   5    MT =     51  Q = -3.29100E+00 MeV  Emin = 3.38329E+00 MeV  frac = 1.00000E+00  : inelastic scatt. to 1. excited state
   6    MT =     52  Q = -3.34600E+00 MeV  Emin = 3.43984E+00 MeV  frac = 1.00000E+00  : inelastic scatt. to 2. excited state
   7    MT =     53  Q = -4.19199E+00 MeV  Emin = 4.30956E+00 MeV  frac = 1.00000E+00  : inelastic scatt. to 3. excited state
   8    MT =     54  Q = -4.52299E+00 MeV  Emin = 4.64984E+00 MeV  frac = 1.00000E+00  : inelastic scatt. to 4. excited state
   9    MT =     55  Q = -4.57499E+00 MeV  Emin = 4.70330E+00 MeV  frac = 1.00000E+00  : inelastic scatt. to 5. excited state
  10    MT =     91  Q = -4.99999E+00 MeV  Emin = 5.14022E+00 MeV  frac = 1.00000E+00  : inelastic scattering to continuum
  11    MT =    102  Q =  4.31399E+00 MeV  Emin = 1.00000E-11 MeV  frac = 1.00000E+00  : (n,gamma)
  12    MT =    103  Q = -8.99092E+00 MeV  Emin = 9.24307E+00 MeV  frac = 1.00000E+00  : (n,p)
  13    MT =    107  Q = -3.95404E+00 MeV  Emin = 5.00000E+00 MeV  frac = 1.00000E+00  : (n,alpha)

 3 special reactions:

   1    MT =    203  Q =  0.00000E+00 MeV  Emin = 9.00000E+00 MeV  : total proton production
   2    MT =    207  Q =  0.00000E+00 MeV  Emin = 5.00000E+00 MeV  : total alpha production
   3    MT =      4  Q =  0.00000E+00 MeV  Emin = 3.38329E+00 MeV  : total inelastic scattering

 Nuclide   30 / 130 : 18036.03c -- argon 36 (Ar-36)

 Pointers                     : 575113 12315
 Primary type                 : Transport
 Nuclide ZAI                  : 180360
 Library ID                   : 03c
 Cross section data file      : /home/leonardo.zortea/mcnp/xs/acedata/18036ENDF7.ace
 Atomic weight (AW)           : 35.96748
 Atomic weight ratio (AWR)    : 35.65850
 Temperature                  : 300.0 Kelvin
 XS temperature               : 300.0 Kelvin
 Minimum and maximum energy   : 1.00000E-11 2.00000E+01
 Half-life                    : stable
 Specific ingestion toxicity  : N/A
 Specific inhalation toxicity : N/A

 - Nuclide is not involved in burnup calculation
 - Nuclide has neutron transport data
 - Nuclide has no photon transport data
 - Nuclide has no S(a,b) data
 - Nuclide has no isomeric branching data
 - Nuclide is not fissile
 - Nuclide is not a delayed neutron precursor
 - Nuclide has no delayed neutron data
 - Nuclide uses ures ptable data between 4.65000E-02 and 1.00000E+00 MeV
 - Nuclide temperature is not adjusted with TMS
 - Nuclide has no dosimetry data
 - Nuclide has decay data
 - Nuclide has no supplementary transmutation cross section data
 - Nuclide has no NFY data
 - Nuclide has no SFY data

 - 31 reaction channels
 - 4 special reactions
 - No transmutation reactions
 - No transmutation branch reactions
 - No decay reactions
 - No decay branch reactions
 - No transmutation paths

 31 reactions channel:

   1    MT =      2  Q =  0.00000E+00 MeV  Emin = 1.00000E-11 MeV  frac = 1.00000E+00  : elastic scattering
   2    MT =     16  Q = -1.48380E+01 MeV  Emin = 1.52541E+01 MeV  frac = 1.00000E+00  : (n,2n)
   3    MT =     22  Q = -6.64100E+00 MeV  Emin = 6.82724E+00 MeV  frac = 1.00000E+00  : (n,nalpha)
   4    MT =     28  Q = -8.50700E+00 MeV  Emin = 8.74600E+00 MeV  frac = 1.00000E+00  : (n,np)
   5    MT =     51  Q = -1.97000E+00 MeV  Emin = 2.02525E+00 MeV  frac = 1.00000E+00  : inelastic scatt. to 1. excited state
   6    MT =     52  Q = -4.17800E+00 MeV  Emin = 4.29517E+00 MeV  frac = 1.00000E+00  : inelastic scatt. to 2. excited state
   7    MT =     53  Q = -4.32900E+00 MeV  Emin = 4.45040E+00 MeV  frac = 1.00000E+00  : inelastic scatt. to 3. excited state
   8    MT =     54  Q = -4.41400E+00 MeV  Emin = 4.53779E+00 MeV  frac = 1.00000E+00  : inelastic scatt. to 4. excited state
   9    MT =     55  Q = -4.44100E+00 MeV  Emin = 4.56554E+00 MeV  frac = 1.00000E+00  : inelastic scatt. to 5. excited state
  10    MT =     56  Q = -4.95100E+00 MeV  Emin = 5.08985E+00 MeV  frac = 1.00000E+00  : inelastic scatt. to 6. excited state
  11    MT =     57  Q = -4.97400E+00 MeV  Emin = 5.11349E+00 MeV  frac = 1.00000E+00  : inelastic scatt. to 7. excited state
  12    MT =     58  Q = -5.17100E+00 MeV  Emin = 5.31602E+00 MeV  frac = 1.00000E+00  : inelastic scatt. to 8. excited state
  13    MT =     59  Q = -5.19400E+00 MeV  Emin = 5.33966E+00 MeV  frac = 1.00000E+00  : inelastic scatt. to 9. excited state
  14    MT =     60  Q = -5.83600E+00 MeV  Emin = 5.99967E+00 MeV  frac = 1.00000E+00  : inelastic scatt. to 10. excited state
  15    MT =     61  Q = -5.85700E+00 MeV  Emin = 6.02125E+00 MeV  frac = 1.00000E+00  : inelastic scatt. to 11. excited state
  16    MT =     62  Q = -5.89600E+00 MeV  Emin = 6.06135E+00 MeV  frac = 1.00000E+00  : inelastic scatt. to 12. excited state
  17    MT =     63  Q = -6.13700E+00 MeV  Emin = 6.30911E+00 MeV  frac = 1.00000E+00  : inelastic scatt. to 13. excited state
  18    MT =     64  Q = -6.21700E+00 MeV  Emin = 6.39135E+00 MeV  frac = 1.00000E+00  : inelastic scatt. to 14. excited state
  19    MT =     65  Q = -6.35600E+00 MeV  Emin = 6.53425E+00 MeV  frac = 1.00000E+00  : inelastic scatt. to 15. excited state
  20    MT =     66  Q = -6.61100E+00 MeV  Emin = 6.79640E+00 MeV  frac = 1.00000E+00  : inelastic scatt. to 16. excited state
  21    MT =     67  Q = -6.64600E+00 MeV  Emin = 6.83238E+00 MeV  frac = 1.00000E+00  : inelastic scatt. to 17. excited state
  22    MT =     68  Q = -6.73000E+00 MeV  Emin = 6.91874E+00 MeV  frac = 1.00000E+00  : inelastic scatt. to 18. excited state
  23    MT =     69  Q = -6.83500E+00 MeV  Emin = 7.02668E+00 MeV  frac = 1.00000E+00  : inelastic scatt. to 19. excited state
  24    MT =     70  Q = -6.83700E+00 MeV  Emin = 7.02874E+00 MeV  frac = 1.00000E+00  : inelastic scatt. to 20. excited state
  25    MT =     71  Q = -6.86700E+00 MeV  Emin = 7.05958E+00 MeV  frac = 1.00000E+00  : inelastic scatt. to 21. excited state
  26    MT =     91  Q = -6.90000E+00 MeV  Emin = 7.09350E+00 MeV  frac = 1.00000E+00  : inelastic scattering to continuum
  27    MT =    102  Q =  8.78800E+00 MeV  Emin = 1.00000E-11 MeV  frac = 1.00000E+00  : (n,gamma)
  28    MT =    103  Q = -6.80900E-01 MeV  Emin = 7.00000E-01 MeV  frac = 1.00000E+00  : (n,p)
  29    MT =    104  Q = -5.83630E+00 MeV  Emin = 6.00000E+00 MeV  frac = 1.00000E+00  : (n,d)
  30    MT =    107  Q = -4.86400E-01 MeV  Emin = 5.00041E-01 MeV  frac = 1.00000E+00  : (n,alpha)
  31    MT =    108  Q = -5.11600E+00 MeV  Emin = 5.25947E+00 MeV  frac = 1.00000E+00  : (n,2alpha)

 4 special reactions:

   1    MT =    203  Q =  0.00000E+00 MeV  Emin = 7.00000E-01 MeV  : total proton production
   2    MT =    204  Q =  0.00000E+00 MeV  Emin = 6.00000E+00 MeV  : total deuteron production
   3    MT =    207  Q =  0.00000E+00 MeV  Emin = 5.00041E-01 MeV  : total alpha production
   4    MT =      4  Q =  0.00000E+00 MeV  Emin = 2.02525E+00 MeV  : total inelastic scattering

 Nuclide   31 / 130 : 18038.03c -- argon 38 (Ar-38)

 Pointers                     : 577738 12591
 Primary type                 : Transport
 Nuclide ZAI                  : 180380
 Library ID                   : 03c
 Cross section data file      : /home/leonardo.zortea/mcnp/xs/acedata/18038ENDF7.ace
 Atomic weight (AW)           : 37.96272
 Atomic weight ratio (AWR)    : 37.63660
 Temperature                  : 300.0 Kelvin
 XS temperature               : 300.0 Kelvin
 Minimum and maximum energy   : 1.00000E-11 2.00000E+01
 Half-life                    : stable
 Specific ingestion toxicity  : N/A
 Specific inhalation toxicity : N/A

 - Nuclide is not involved in burnup calculation
 - Nuclide has neutron transport data
 - Nuclide has no photon transport data
 - Nuclide has no S(a,b) data
 - Nuclide has no isomeric branching data
 - Nuclide is not fissile
 - Nuclide is not a delayed neutron precursor
 - Nuclide has no delayed neutron data
 - Nuclide uses ures ptable data between 3.00000E-01 and 1.00000E+00 MeV
 - Nuclide temperature is not adjusted with TMS
 - Nuclide has no dosimetry data
 - Nuclide has decay data
 - Nuclide has no supplementary transmutation cross section data
 - Nuclide has no NFY data
 - Nuclide has no SFY data

 - 29 reaction channels
 - 4 special reactions
 - No transmutation reactions
 - No transmutation branch reactions
 - No decay reactions
 - No decay branch reactions
 - No transmutation paths

 29 reactions channel:

   1    MT =      2  Q =  0.00000E+00 MeV  Emin = 1.00000E-11 MeV  frac = 1.00000E+00  : elastic scattering
   2    MT =     16  Q = -1.16890E+01 MeV  Emin = 1.20000E+01 MeV  frac = 1.00000E+00  : (n,2n)
   3    MT =     22  Q = -7.20900E+00 MeV  Emin = 9.00000E+00 MeV  frac = 1.00000E+00  : (n,nalpha)
   4    MT =     28  Q = -1.02400E+01 MeV  Emin = 1.10000E+01 MeV  frac = 1.00000E+00  : (n,np)
   5    MT =     51  Q = -2.16800E+00 MeV  Emin = 2.22560E+00 MeV  frac = 1.00000E+00  : inelastic scatt. to 1. excited state
   6    MT =     52  Q = -3.37800E+00 MeV  Emin = 3.46775E+00 MeV  frac = 1.00000E+00  : inelastic scatt. to 2. excited state
   7    MT =     53  Q = -3.81000E+00 MeV  Emin = 3.91123E+00 MeV  frac = 1.00000E+00  : inelastic scatt. to 3. excited state
   8    MT =     54  Q = -3.93700E+00 MeV  Emin = 4.04161E+00 MeV  frac = 1.00000E+00  : inelastic scatt. to 4. excited state
   9    MT =     55  Q = -4.48000E+00 MeV  Emin = 4.59903E+00 MeV  frac = 1.00000E+00  : inelastic scatt. to 5. excited state
  10    MT =     56  Q = -4.56500E+00 MeV  Emin = 4.68629E+00 MeV  frac = 1.00000E+00  : inelastic scatt. to 6. excited state
  11    MT =     57  Q = -4.58600E+00 MeV  Emin = 4.70785E+00 MeV  frac = 1.00000E+00  : inelastic scatt. to 7. excited state
  12    MT =     58  Q = -4.71000E+00 MeV  Emin = 4.83514E+00 MeV  frac = 1.00000E+00  : inelastic scatt. to 8. excited state
  13    MT =     59  Q = -4.87700E+00 MeV  Emin = 5.00658E+00 MeV  frac = 1.00000E+00  : inelastic scatt. to 9. excited state
  14    MT =     60  Q = -5.08400E+00 MeV  Emin = 5.21908E+00 MeV  frac = 1.00000E+00  : inelastic scatt. to 10. excited state
  15    MT =     61  Q = -5.15700E+00 MeV  Emin = 5.29402E+00 MeV  frac = 1.00000E+00  : inelastic scatt. to 11. excited state
  16    MT =     62  Q = -5.35000E+00 MeV  Emin = 5.49215E+00 MeV  frac = 1.00000E+00  : inelastic scatt. to 12. excited state
  17    MT =     63  Q = -5.51300E+00 MeV  Emin = 5.65948E+00 MeV  frac = 1.00000E+00  : inelastic scatt. to 13. excited state
  18    MT =     64  Q = -5.55200E+00 MeV  Emin = 5.69952E+00 MeV  frac = 1.00000E+00  : inelastic scatt. to 14. excited state
  19    MT =     65  Q = -5.59500E+00 MeV  Emin = 5.74366E+00 MeV  frac = 1.00000E+00  : inelastic scatt. to 15. excited state
  20    MT =     66  Q = -5.65800E+00 MeV  Emin = 5.80833E+00 MeV  frac = 1.00000E+00  : inelastic scatt. to 16. excited state
  21    MT =     67  Q = -5.73400E+00 MeV  Emin = 5.88635E+00 MeV  frac = 1.00000E+00  : inelastic scatt. to 17. excited state
  22    MT =     68  Q = -5.82500E+00 MeV  Emin = 5.97977E+00 MeV  frac = 1.00000E+00  : inelastic scatt. to 18. excited state
  23    MT =     69  Q = -5.85700E+00 MeV  Emin = 6.01262E+00 MeV  frac = 1.00000E+00  : inelastic scatt. to 19. excited state
  24    MT =     91  Q = -5.90000E+00 MeV  Emin = 6.05676E+00 MeV  frac = 1.00000E+00  : inelastic scattering to continuum
  25    MT =    102  Q =  6.59970E+00 MeV  Emin = 1.00000E-11 MeV  frac = 1.00000E+00  : (n,gamma)
  26    MT =    103  Q = -4.87060E+00 MeV  Emin = 5.00001E+00 MeV  frac = 1.00000E+00  : (n,p)
  27    MT =    104  Q = -7.79290E+00 MeV  Emin = 8.00000E+00 MeV  frac = 1.00000E+00  : (n,d)
  28    MT =    107  Q = -2.22200E-01 MeV  Emin = 2.28104E-01 MeV  frac = 1.00000E+00  : (n,alpha)
  29    MT =    108  Q = -8.54500E+00 MeV  Emin = 8.77204E+00 MeV  frac = 1.00000E+00  : (n,2alpha)

 4 special reactions:

   1    MT =    203  Q =  0.00000E+00 MeV  Emin = 5.00001E+00 MeV  : total proton production
   2    MT =    204  Q =  0.00000E+00 MeV  Emin = 8.00000E+00 MeV  : total deuteron production
   3    MT =    207  Q =  0.00000E+00 MeV  Emin = 2.28104E-01 MeV  : total alpha production
   4    MT =      4  Q =  0.00000E+00 MeV  Emin = 2.22560E+00 MeV  : total inelastic scattering

 Nuclide   32 / 130 : 18040.03c -- argon 40 (Ar-40)

 Pointers                     : 580219 12867
 Primary type                 : Transport
 Nuclide ZAI                  : 180400
 Library ID                   : 03c
 Cross section data file      : /home/leonardo.zortea/mcnp/xs/acedata/18040ENDF7.ace
 Atomic weight (AW)           : 39.96240
 Atomic weight ratio (AWR)    : 39.61910
 Temperature                  : 300.0 Kelvin
 XS temperature               : 300.0 Kelvin
 Minimum and maximum energy   : 1.00000E-11 2.00000E+01
 Half-life                    : stable
 Specific ingestion toxicity  : N/A
 Specific inhalation toxicity : N/A

 - Nuclide is not involved in burnup calculation
 - Nuclide has neutron transport data
 - Nuclide has no photon transport data
 - Nuclide has no S(a,b) data
 - Nuclide has no isomeric branching data
 - Nuclide is not fissile
 - Nuclide is not a delayed neutron precursor
 - Nuclide has no delayed neutron data
 - Nuclide has no ures ptable data
 - Nuclide temperature is not adjusted with TMS
 - Nuclide has no dosimetry data
 - Nuclide has decay data
 - Nuclide has no supplementary transmutation cross section data
 - Nuclide has no NFY data
 - Nuclide has no SFY data

 - 37 reaction channels
 - 6 special reactions
 - No transmutation reactions
 - No transmutation branch reactions
 - No decay reactions
 - No decay branch reactions
 - No transmutation paths

 37 reactions channel:

   1    MT =      2  Q =  0.00000E+00 MeV  Emin = 1.00000E-11 MeV  frac = 1.00000E+00  : elastic scattering
   2    MT =     16  Q = -9.87088E+00 MeV  Emin = 1.01200E+01 MeV  frac = 1.00000E+00  : (n,2n)
   3    MT =     17  Q = -1.64682E+01 MeV  Emin = 1.68839E+01 MeV  frac = 1.00000E+00  : (n,3n)
   4    MT =     22  Q = -6.79823E+00 MeV  Emin = 7.00000E+00 MeV  frac = 1.00000E+00  : (n,nalpha)
   5    MT =     28  Q = -1.25264E+01 MeV  Emin = 1.30000E+01 MeV  frac = 1.00000E+00  : (n,np)
   6    MT =     51  Q = -1.46090E+00 MeV  Emin = 1.49778E+00 MeV  frac = 1.00000E+00  : inelastic scatt. to 1. excited state
   7    MT =     52  Q = -2.12080E+00 MeV  Emin = 2.17433E+00 MeV  frac = 1.00000E+00  : inelastic scatt. to 2. excited state
   8    MT =     53  Q = -2.52410E+00 MeV  Emin = 2.58781E+00 MeV  frac = 1.00000E+00  : inelastic scatt. to 3. excited state
   9    MT =     54  Q = -2.89300E+00 MeV  Emin = 2.96602E+00 MeV  frac = 1.00000E+00  : inelastic scatt. to 4. excited state
  10    MT =     55  Q = -3.20830E+00 MeV  Emin = 3.28928E+00 MeV  frac = 1.00000E+00  : inelastic scatt. to 5. excited state
  11    MT =     56  Q = -3.46449E+00 MeV  Emin = 3.55194E+00 MeV  frac = 1.00000E+00  : inelastic scatt. to 6. excited state
  12    MT =     57  Q = -3.51129E+00 MeV  Emin = 3.59992E+00 MeV  frac = 1.00000E+00  : inelastic scatt. to 7. excited state
  13    MT =     58  Q = -3.51499E+00 MeV  Emin = 3.60371E+00 MeV  frac = 1.00000E+00  : inelastic scatt. to 8. excited state
  14    MT =     59  Q = -3.68099E+00 MeV  Emin = 3.77390E+00 MeV  frac = 1.00000E+00  : inelastic scatt. to 9. excited state
  15    MT =     60  Q = -3.91879E+00 MeV  Emin = 4.01770E+00 MeV  frac = 1.00000E+00  : inelastic scatt. to 10. excited state
  16    MT =     61  Q = -3.94199E+00 MeV  Emin = 4.04149E+00 MeV  frac = 1.00000E+00  : inelastic scatt. to 11. excited state
  17    MT =     62  Q = -4.04199E+00 MeV  Emin = 4.14401E+00 MeV  frac = 1.00000E+00  : inelastic scatt. to 12. excited state
  18    MT =     63  Q = -4.08249E+00 MeV  Emin = 4.18553E+00 MeV  frac = 1.00000E+00  : inelastic scatt. to 13. excited state
  19    MT =     64  Q = -4.17899E+00 MeV  Emin = 4.28447E+00 MeV  frac = 1.00000E+00  : inelastic scatt. to 14. excited state
  20    MT =     65  Q = -4.22599E+00 MeV  Emin = 4.33266E+00 MeV  frac = 1.00000E+00  : inelastic scatt. to 15. excited state
  21    MT =     66  Q = -4.22899E+00 MeV  Emin = 4.33573E+00 MeV  frac = 1.00000E+00  : inelastic scatt. to 16. excited state
  22    MT =     67  Q = -4.30119E+00 MeV  Emin = 4.40975E+00 MeV  frac = 1.00000E+00  : inelastic scatt. to 17. excited state
  23    MT =     68  Q = -4.32449E+00 MeV  Emin = 4.43364E+00 MeV  frac = 1.00000E+00  : inelastic scatt. to 18. excited state
  24    MT =     69  Q = -4.35799E+00 MeV  Emin = 4.46799E+00 MeV  frac = 1.00000E+00  : inelastic scatt. to 19. excited state
  25    MT =     70  Q = -4.41899E+00 MeV  Emin = 4.53053E+00 MeV  frac = 1.00000E+00  : inelastic scatt. to 20. excited state
  26    MT =     71  Q = -4.42699E+00 MeV  Emin = 4.53873E+00 MeV  frac = 1.00000E+00  : inelastic scatt. to 21. excited state
  27    MT =     72  Q = -4.48099E+00 MeV  Emin = 4.59409E+00 MeV  frac = 1.00000E+00  : inelastic scatt. to 22. excited state
  28    MT =     73  Q = -4.49399E+00 MeV  Emin = 4.60742E+00 MeV  frac = 1.00000E+00  : inelastic scatt. to 23. excited state
  29    MT =     74  Q = -4.56199E+00 MeV  Emin = 4.67714E+00 MeV  frac = 1.00000E+00  : inelastic scatt. to 24. excited state
  30    MT =     75  Q = -4.57799E+00 MeV  Emin = 4.69354E+00 MeV  frac = 1.00000E+00  : inelastic scatt. to 25. excited state
  31    MT =     91  Q = -4.57999E+00 MeV  Emin = 4.69559E+00 MeV  frac = 1.00000E+00  : inelastic scattering to continuum
  32    MT =    102  Q =  6.09939E+00 MeV  Emin = 1.00000E-11 MeV  frac = 1.00000E+00  : (n,gamma)
  33    MT =    103  Q = -6.71672E+00 MeV  Emin = 7.00000E+00 MeV  frac = 1.00000E+00  : (n,p)
  34    MT =    104  Q = -1.03018E+01 MeV  Emin = 1.05618E+01 MeV  frac = 1.00000E+00  : (n,d)
  35    MT =    105  Q = -1.21179E+01 MeV  Emin = 1.24238E+01 MeV  frac = 1.00000E+00  : (n,t)
  36    MT =    106  Q = -1.50362E+01 MeV  Emin = 1.60000E+01 MeV  frac = 1.00000E+00  : (n,He-3)
  37    MT =    107  Q = -2.48545E+00 MeV  Emin = 3.00000E+00 MeV  frac = 1.00000E+00  : (n,alpha)

 6 special reactions:

   1    MT =    203  Q =  0.00000E+00 MeV  Emin = 7.00000E+00 MeV  : total proton production
   2    MT =    204  Q =  0.00000E+00 MeV  Emin = 1.05618E+01 MeV  : total deuteron production
   3    MT =    205  Q =  0.00000E+00 MeV  Emin = 1.24238E+01 MeV  : total triton production
   4    MT =    206  Q =  0.00000E+00 MeV  Emin = 1.60000E+01 MeV  : total He-3 production
   5    MT =    207  Q =  0.00000E+00 MeV  Emin = 3.00000E+00 MeV  : total alpha production
   6    MT =      4  Q =  0.00000E+00 MeV  Emin = 1.49778E+00 MeV  : total inelastic scattering

 Nuclide   33 / 130 : 19039.03c -- potassium 39 (K-39)

 Pointers                     : 585646 13419
 Primary type                 : Transport
 Nuclide ZAI                  : 190390
 Library ID                   : 03c
 Cross section data file      : /home/leonardo.zortea/mcnp/xs/acedata/19039ENDF7.ace
 Atomic weight (AW)           : 38.96402
 Atomic weight ratio (AWR)    : 38.62930
 Temperature                  : 300.0 Kelvin
 XS temperature               : 300.0 Kelvin
 Minimum and maximum energy   : 1.00000E-11 2.00000E+01
 Half-life                    : stable
 Specific ingestion toxicity  : N/A
 Specific inhalation toxicity : N/A

 - Nuclide is not involved in burnup calculation
 - Nuclide has neutron transport data
 - Nuclide has no photon transport data
 - Nuclide has no S(a,b) data
 - Nuclide has no isomeric branching data
 - Nuclide is not fissile
 - Nuclide is not a delayed neutron precursor
 - Nuclide has no delayed neutron data
 - Nuclide has no ures ptable data
 - Nuclide temperature is not adjusted with TMS
 - Nuclide has no dosimetry data
 - Nuclide has decay data
 - Nuclide has no supplementary transmutation cross section data
 - Nuclide has no NFY data
 - Nuclide has no SFY data

 - 12 reaction channels
 - 3 special reactions
 - No transmutation reactions
 - No transmutation branch reactions
 - No decay reactions
 - No decay branch reactions
 - No transmutation paths

 12 reactions channel:

   1    MT =      2  Q =  0.00000E+00 MeV  Emin = 1.00000E-11 MeV  frac = 1.00000E+00  : elastic scattering
   2    MT =     16  Q = -1.30850E+01 MeV  Emin = 1.35000E+01 MeV  frac = 1.00000E+00  : (n,2n)
   3    MT =     22  Q = -7.21723E+00 MeV  Emin = 7.50000E+00 MeV  frac = 1.00000E+00  : (n,nalpha)
   4    MT =     28  Q = -6.38011E+00 MeV  Emin = 6.60000E+00 MeV  frac = 1.00000E+00  : (n,np)
   5    MT =     51  Q = -2.52300E+00 MeV  Emin = 2.58831E+00 MeV  frac = 1.00000E+00  : inelastic scatt. to 1. excited state
   6    MT =     52  Q = -2.81400E+00 MeV  Emin = 2.88685E+00 MeV  frac = 1.00000E+00  : inelastic scatt. to 2. excited state
   7    MT =     53  Q = -3.01900E+00 MeV  Emin = 3.09715E+00 MeV  frac = 1.00000E+00  : inelastic scatt. to 3. excited state
   8    MT =     54  Q = -3.59799E+00 MeV  Emin = 3.69114E+00 MeV  frac = 1.00000E+00  : inelastic scatt. to 4. excited state
   9    MT =     91  Q = -3.79999E+00 MeV  Emin = 3.89837E+00 MeV  frac = 1.00000E+00  : inelastic scattering to continuum
  10    MT =    102  Q =  7.80099E+00 MeV  Emin = 1.00000E-11 MeV  frac = 1.00000E+00  : (n,gamma)
  11    MT =    103  Q =  2.17170E-01 MeV  Emin = 9.99999E-01 MeV  frac = 1.00000E+00  : (n,p)
  12    MT =    107  Q =  1.36325E+00 MeV  Emin = 1.00000E-11 MeV  frac = 1.00000E+00  : (n,alpha)

 3 special reactions:

   1    MT =    203  Q =  0.00000E+00 MeV  Emin = 9.00000E-01 MeV  : total proton production
   2    MT =    207  Q =  0.00000E+00 MeV  Emin = 1.00000E-11 MeV  : total alpha production
   3    MT =      4  Q =  0.00000E+00 MeV  Emin = 2.58831E+00 MeV  : total inelastic scattering

 Nuclide   34 / 130 : 19040.03c -- potassium 40 (K-40)

 Pointers                     : 586831 13695
 Primary type                 : Transport
 Nuclide ZAI                  : 190400
 Library ID                   : 03c
 Cross section data file      : /home/leonardo.zortea/mcnp/xs/acedata/19040ENDF7.ace
 Atomic weight (AW)           : 39.96401
 Atomic weight ratio (AWR)    : 39.62070
 Temperature                  : 300.0 Kelvin
 XS temperature               : 300.0 Kelvin
 Minimum and maximum energy   : 1.00000E-11 2.00000E+01
 Half-life                    : 3.94E+16 seconds (1.25 billion years)
 Specific ingestion toxicity  : 6.20E-09 Sv/Bq
 Specific inhalation toxicity : 2.10E-09 Sv/Bq

 - Nuclide is not involved in burnup calculation
 - Nuclide has neutron transport data
 - Nuclide has no photon transport data
 - Nuclide has no S(a,b) data
 - Nuclide has no isomeric branching data
 - Nuclide is not fissile
 - Nuclide is not a delayed neutron precursor
 - Nuclide has no delayed neutron data
 - Nuclide has no ures ptable data
 - Nuclide temperature is not adjusted with TMS
 - Nuclide has no dosimetry data
 - Nuclide has decay data
 - Nuclide has no supplementary transmutation cross section data
 - Nuclide has no NFY data
 - Nuclide has no SFY data

 - 13 reaction channels
 - 3 special reactions
 - No transmutation reactions
 - No transmutation branch reactions
 - 2 decay reactions
 - No decay branch reactions
 - No transmutation paths
 - All reaction paths linked to target

 13 reactions channel:

   1    MT =      2  Q =  0.00000E+00 MeV  Emin = 1.00000E-11 MeV  frac = 1.00000E+00  : elastic scattering
   2    MT =     16  Q = -7.80048E+00 MeV  Emin = 8.00000E+00 MeV  frac = 1.00000E+00  : (n,2n)
   3    MT =     22  Q = -6.43723E+00 MeV  Emin = 8.00000E+00 MeV  frac = 1.00000E+00  : (n,nalpha)
   4    MT =     28  Q = -7.58331E+00 MeV  Emin = 8.00000E+00 MeV  frac = 1.00000E+00  : (n,np)
   5    MT =     51  Q = -3.00000E-02 MeV  Emin = 3.07572E-02 MeV  frac = 1.00000E+00  : inelastic scatt. to 1. excited state
   6    MT =     52  Q = -7.99999E-01 MeV  Emin = 8.20191E-01 MeV  frac = 1.00000E+00  : inelastic scatt. to 2. excited state
   7    MT =     53  Q = -8.91999E-01 MeV  Emin = 9.14513E-01 MeV  frac = 1.00000E+00  : inelastic scatt. to 3. excited state
   8    MT =     54  Q = -1.64400E+00 MeV  Emin = 1.68549E+00 MeV  frac = 1.00000E+00  : inelastic scatt. to 4. excited state
   9    MT =     55  Q = -1.95900E+00 MeV  Emin = 2.00845E+00 MeV  frac = 1.00000E+00  : inelastic scatt. to 5. excited state
  10    MT =     91  Q = -2.10000E+00 MeV  Emin = 2.15300E+00 MeV  frac = 1.00000E+00  : inelastic scattering to continuum
  11    MT =    102  Q =  1.00960E+01 MeV  Emin = 1.00000E-11 MeV  frac = 1.00000E+00  : (n,gamma)
  12    MT =    103  Q =  2.28757E+00 MeV  Emin = 1.00000E-11 MeV  frac = 1.00000E+00  : (n,p)
  13    MT =    107  Q =  3.87414E+00 MeV  Emin = 1.00000E-11 MeV  frac = 1.00000E+00  : (n,alpha)

 3 special reactions:

   1    MT =    203  Q =  0.00000E+00 MeV  Emin = 1.00000E-11 MeV  : total proton production
   2    MT =    207  Q =  0.00000E+00 MeV  Emin = 1.00000E-11 MeV  : total alpha production
   3    MT =      4  Q =  0.00000E+00 MeV  Emin = 3.07572E-02 MeV  : total inelastic scattering

 2 decay reactions:

   1  RTYP = 2     Q =  1.50469E+00 MeV  frac = 1.08600E-01  : EC/beta+
   2  RTYP = 1     Q =  1.31107E+00 MeV  frac = 8.91400E-01  : beta-

 Nuclide   35 / 130 : 19041.03c -- potassium 41 (K-41)

 Pointers                     : 588405 13971
 Primary type                 : Transport
 Nuclide ZAI                  : 190410
 Library ID                   : 03c
 Cross section data file      : /home/leonardo.zortea/mcnp/xs/acedata/19041ENDF7.ace
 Atomic weight (AW)           : 40.96198
 Atomic weight ratio (AWR)    : 40.61010
 Temperature                  : 300.0 Kelvin
 XS temperature               : 300.0 Kelvin
 Minimum and maximum energy   : 1.00000E-11 2.00000E+01
 Half-life                    : stable
 Specific ingestion toxicity  : N/A
 Specific inhalation toxicity : N/A

 - Nuclide is not involved in burnup calculation
 - Nuclide has neutron transport data
 - Nuclide has no photon transport data
 - Nuclide has no S(a,b) data
 - Nuclide has no isomeric branching data
 - Nuclide is not fissile
 - Nuclide is not a delayed neutron precursor
 - Nuclide has no delayed neutron data
 - Nuclide has no ures ptable data
 - Nuclide temperature is not adjusted with TMS
 - Nuclide has no dosimetry data
 - Nuclide has decay data
 - Nuclide has no supplementary transmutation cross section data
 - Nuclide has no NFY data
 - Nuclide has no SFY data

 - 10 reaction channels
 - 3 special reactions
 - No transmutation reactions
 - No transmutation branch reactions
 - No decay reactions
 - No decay branch reactions
 - No transmutation paths

 10 reactions channel:

   1    MT =      2  Q =  0.00000E+00 MeV  Emin = 1.00000E-11 MeV  frac = 1.00000E+00  : elastic scattering
   2    MT =     16  Q = -1.00959E+01 MeV  Emin = 1.03445E+01 MeV  frac = 1.00000E+00  : (n,2n)
   3    MT =     22  Q = -6.22173E+00 MeV  Emin = 6.40000E+00 MeV  frac = 1.00000E+00  : (n,nalpha)
   4    MT =     28  Q = -7.80831E+00 MeV  Emin = 8.00059E+00 MeV  frac = 1.00000E+00  : (n,np)
   5    MT =     51  Q = -9.79999E-01 MeV  Emin = 1.00413E+00 MeV  frac = 1.00000E+00  : inelastic scatt. to 1. excited state
   6    MT =     52  Q = -1.29400E+00 MeV  Emin = 1.32587E+00 MeV  frac = 1.00000E+00  : inelastic scatt. to 2. excited state
   7    MT =     91  Q = -1.50000E+00 MeV  Emin = 1.53694E+00 MeV  frac = 1.00000E+00  : inelastic scattering to continuum
   8    MT =    102  Q =  7.53499E+00 MeV  Emin = 1.00000E-11 MeV  frac = 1.00000E+00  : (n,gamma)
   9    MT =    103  Q = -1.70973E+00 MeV  Emin = 1.75183E+00 MeV  frac = 1.00000E+00  : (n,p)
  10    MT =    107  Q = -1.11550E-01 MeV  Emin = 1.14297E-01 MeV  frac = 1.00000E+00  : (n,alpha)

 3 special reactions:

   1    MT =    203  Q =  0.00000E+00 MeV  Emin = 1.75183E+00 MeV  : total proton production
   2    MT =    207  Q =  0.00000E+00 MeV  Emin = 1.14297E-01 MeV  : total alpha production
   3    MT =      4  Q =  0.00000E+00 MeV  Emin = 1.00413E+00 MeV  : total inelastic scattering

 Nuclide   36 / 130 : 20040.03c -- calcium 40 (Ca-40)

 Pointers                     : 454145 14523
 Primary type                 : Transport
 Nuclide ZAI                  : 200400
 Library ID                   : 03c
 Cross section data file      : /home/leonardo.zortea/mcnp/xs/acedata/20040ENDF7.ace
 Atomic weight (AW)           : 39.96260
 Atomic weight ratio (AWR)    : 39.61930
 Temperature                  : 300.0 Kelvin
 XS temperature               : 300.0 Kelvin
 Minimum and maximum energy   : 1.00000E-11 2.00000E+02
 Half-life                    : stable
 Specific ingestion toxicity  : N/A
 Specific inhalation toxicity : N/A

 - Nuclide is not involved in burnup calculation
 - Nuclide has neutron transport data
 - Nuclide has no photon transport data
 - Nuclide has no S(a,b) data
 - Nuclide has no isomeric branching data
 - Nuclide is not fissile
 - Nuclide is not a delayed neutron precursor
 - Nuclide has no delayed neutron data
 - Nuclide has no ures ptable data
 - Nuclide temperature is not adjusted with TMS
 - Nuclide has no dosimetry data
 - Nuclide has decay data
 - Nuclide has no supplementary transmutation cross section data
 - Nuclide has no NFY data
 - Nuclide has no SFY data

 - 40 reaction channels
 - 51 special reactions
 - No transmutation reactions
 - No transmutation branch reactions
 - No decay reactions
 - No decay branch reactions
 - No transmutation paths

 40 reactions channel:

   1    MT =      2  Q =  0.00000E+00 MeV  Emin = 1.00000E-11 MeV  frac = 1.00000E+00  : elastic scattering
   2    MT =      5  Q =  0.00000E+00 MeV  Emin = 5.00000E-01 MeV  frac = 1.00000E+00  : anything
   3    MT =     16  Q = -1.56412E+01 MeV  Emin = 1.60360E+01 MeV  frac = 1.00000E+00  : (n,2n)
   4    MT =     22  Q = -7.04058E+00 MeV  Emin = 8.00000E+00 MeV  frac = 1.00000E+00  : (n,nalpha)
   5    MT =     28  Q = -8.32824E+00 MeV  Emin = 8.53845E+00 MeV  frac = 1.00000E+00  : (n,np)
   6    MT =     29  Q = -1.36800E+01 MeV  Emin = 1.70000E+01 MeV  frac = 1.00000E+00  : (n,n2alpha)
   7    MT =     44  Q = -1.47093E+01 MeV  Emin = 1.50806E+01 MeV  frac = 1.00000E+00  : (n,n2p)
   8    MT =     45  Q = -1.55465E+01 MeV  Emin = 1.70000E+01 MeV  frac = 1.00000E+00  : (n,npalpha)
   9    MT =     51  Q = -3.35262E+00 MeV  Emin = 3.43724E+00 MeV  frac = 1.00000E+00  : inelastic scatt. to 1. excited state
  10    MT =     52  Q = -3.73669E+00 MeV  Emin = 3.83101E+00 MeV  frac = 1.00000E+00  : inelastic scatt. to 2. excited state
  11    MT =     53  Q = -3.90438E+00 MeV  Emin = 4.00293E+00 MeV  frac = 1.00000E+00  : inelastic scatt. to 3. excited state
  12    MT =     54  Q = -4.49143E+00 MeV  Emin = 4.60480E+00 MeV  frac = 1.00000E+00  : inelastic scatt. to 4. excited state
  13    MT =     55  Q = -5.21156E+00 MeV  Emin = 5.34310E+00 MeV  frac = 1.00000E+00  : inelastic scatt. to 5. excited state
  14    MT =     56  Q = -5.24879E+00 MeV  Emin = 5.38127E+00 MeV  frac = 1.00000E+00  : inelastic scatt. to 6. excited state
  15    MT =     57  Q = -5.27880E+00 MeV  Emin = 5.41204E+00 MeV  frac = 1.00000E+00  : inelastic scatt. to 7. excited state
  16    MT =     58  Q = -5.61352E+00 MeV  Emin = 5.75521E+00 MeV  frac = 1.00000E+00  : inelastic scatt. to 8. excited state
  17    MT =     59  Q = -5.62941E+00 MeV  Emin = 5.77150E+00 MeV  frac = 1.00000E+00  : inelastic scatt. to 9. excited state
  18    MT =     60  Q = -5.90263E+00 MeV  Emin = 6.05161E+00 MeV  frac = 1.00000E+00  : inelastic scatt. to 10. excited state
  19    MT =     61  Q = -6.02547E+00 MeV  Emin = 6.17756E+00 MeV  frac = 1.00000E+00  : inelastic scatt. to 11. excited state
  20    MT =     62  Q = -6.02971E+00 MeV  Emin = 6.18190E+00 MeV  frac = 1.00000E+00  : inelastic scatt. to 12. excited state
  21    MT =     63  Q = -6.28515E+00 MeV  Emin = 6.44379E+00 MeV  frac = 1.00000E+00  : inelastic scatt. to 13. excited state
  22    MT =     64  Q = -6.42240E+00 MeV  Emin = 6.58450E+00 MeV  frac = 1.00000E+00  : inelastic scatt. to 14. excited state
  23    MT =     65  Q = -6.50787E+00 MeV  Emin = 6.67213E+00 MeV  frac = 1.00000E+00  : inelastic scatt. to 15. excited state
  24    MT =     66  Q = -6.54280E+00 MeV  Emin = 6.70794E+00 MeV  frac = 1.00000E+00  : inelastic scatt. to 16. excited state
  25    MT =     67  Q = -6.58247E+00 MeV  Emin = 6.74861E+00 MeV  frac = 1.00000E+00  : inelastic scatt. to 17. excited state
  26    MT =     68  Q = -6.75041E+00 MeV  Emin = 6.92079E+00 MeV  frac = 1.00000E+00  : inelastic scatt. to 18. excited state
  27    MT =     69  Q = -6.90870E+00 MeV  Emin = 7.08308E+00 MeV  frac = 1.00000E+00  : inelastic scatt. to 19. excited state
  28    MT =     70  Q = -6.93020E+00 MeV  Emin = 7.10512E+00 MeV  frac = 1.00000E+00  : inelastic scatt. to 20. excited state
  29    MT =     91  Q = -6.93020E+00 MeV  Emin = 7.10512E+00 MeV  frac = 1.00000E+00  : inelastic scattering to continuum
  30    MT =    102  Q =  8.36270E+00 MeV  Emin = 1.00000E-11 MeV  frac = 1.00000E+00  : (n,gamma)
  31    MT =    103  Q = -5.28741E-01 MeV  Emin = 8.00000E-01 MeV  frac = 1.00000E+00  : (n,p)
  32    MT =    104  Q = -6.10367E+00 MeV  Emin = 6.40000E+00 MeV  frac = 1.00000E+00  : (n,d)
  33    MT =    105  Q = -1.29229E+01 MeV  Emin = 1.35000E+01 MeV  frac = 1.00000E+00  : (n,t)
  34    MT =    106  Q = -6.99123E+00 MeV  Emin = 7.80000E+00 MeV  frac = 1.00000E+00  : (n,He-3)
  35    MT =    107  Q =  1.74833E+00 MeV  Emin = 1.00000E-11 MeV  frac = 1.00000E+00  : (n,alpha)
  36    MT =    108  Q = -5.03838E+00 MeV  Emin = 7.80000E+00 MeV  frac = 1.00000E+00  : (n,2alpha)
  37    MT =    111  Q = -8.11089E+00 MeV  Emin = 8.50000E+00 MeV  frac = 1.00000E+00  : (n,2p)
  38    MT =    112  Q = -6.96678E+00 MeV  Emin = 8.50000E+00 MeV  frac = 1.00000E+00  : (n,palpha)
  39    MT =    115  Q = -1.24847E+01 MeV  Emin = 1.30000E+01 MeV  frac = 1.00000E+00  : (n,pd)
  40    MT =    117  Q = -1.33219E+01 MeV  Emin = 1.50000E+01 MeV  frac = 1.00000E+00  : (n,dalpha)

 51 special reactions:

   1    MT =    203  Q =  0.00000E+00 MeV  Emin = 8.00000E-01 MeV  : total proton production
   2    MT =    204  Q =  0.00000E+00 MeV  Emin = 6.40000E+00 MeV  : total deuteron production
   3    MT =    205  Q =  0.00000E+00 MeV  Emin = 1.32560E+01 MeV  : total triton production
   4    MT =    206  Q =  0.00000E+00 MeV  Emin = 7.78000E+00 MeV  : total He-3 production
   5    MT =    207  Q =  0.00000E+00 MeV  Emin = 1.00000E-11 MeV  : total alpha production
   6    MT =    600  Q = -5.28741E-01 MeV  Emin = 8.00000E-01 MeV  : (n,p) to ground state
   7    MT =    601  Q = -5.58571E-01 MeV  Emin = 8.00000E-01 MeV  : (n,p1)
   8    MT =    602  Q = -1.32888E+00 MeV  Emin = 1.60000E+00 MeV  : (n,p2)
   9    MT =    603  Q = -1.42014E+00 MeV  Emin = 1.60000E+00 MeV  : (n,p3)
  10    MT =    604  Q = -2.17239E+00 MeV  Emin = 2.40000E+00 MeV  : (n,p4)
  11    MT =    605  Q = -2.48782E+00 MeV  Emin = 2.80000E+00 MeV  : (n,p5)
  12    MT =    606  Q = -2.57609E+00 MeV  Emin = 2.80000E+00 MeV  : (n,p6)
  13    MT =    607  Q = -2.59855E+00 MeV  Emin = 2.80000E+00 MeV  : (n,p7)
  14    MT =    608  Q = -2.63241E+00 MeV  Emin = 3.00000E+00 MeV  : (n,p8)
  15    MT =    609  Q = -2.78914E+00 MeV  Emin = 3.00000E+00 MeV  : (n,p9)
  16    MT =    610  Q = -2.81862E+00 MeV  Emin = 3.00000E+00 MeV  : (n,p10)
  17    MT =    649  Q = -2.81862E+00 MeV  Emin = 3.20000E+00 MeV  : (n,p) to continuum
  18    MT =    650  Q = -6.10367E+00 MeV  Emin = 6.40000E+00 MeV  : (n,d) to ground state
  19    MT =    651  Q = -8.62617E+00 MeV  Emin = 8.84390E+00 MeV  : (n,d1)
  20    MT =    652  Q = -8.91797E+00 MeV  Emin = 9.14306E+00 MeV  : (n,d2)
  21    MT =    653  Q = -9.12287E+00 MeV  Emin = 9.50000E+00 MeV  : (n,d3)
  22    MT =    654  Q = -9.70117E+00 MeV  Emin = 9.94603E+00 MeV  : (n,d4)
  23    MT =    655  Q = -9.98677E+00 MeV  Emin = 1.02388E+01 MeV  : (n,d5)
  24    MT =    699  Q = -9.98677E+00 MeV  Emin = 1.10000E+01 MeV  : (n,d) to continuum
  25    MT =    700  Q = -1.29229E+01 MeV  Emin = 1.35000E+01 MeV  : (n,t) to ground state
  26    MT =    701  Q = -1.30533E+01 MeV  Emin = 1.35000E+01 MeV  : (n,t1)
  27    MT =    702  Q = -1.33816E+01 MeV  Emin = 1.40000E+01 MeV  : (n,t2)
  28    MT =    703  Q = -1.46212E+01 MeV  Emin = 1.49902E+01 MeV  : (n,t3)
  29    MT =    704  Q = -1.53253E+01 MeV  Emin = 1.57121E+01 MeV  : (n,t4)
  30    MT =    705  Q = -1.55358E+01 MeV  Emin = 1.60000E+01 MeV  : (n,t5)
  31    MT =    749  Q = -1.55358E+01 MeV  Emin = 1.60000E+01 MeV  : (n,t) to continuum
  32    MT =    750  Q = -6.99123E+00 MeV  Emin = 7.80000E+00 MeV  : (n,He-3) to ground state
  33    MT =    751  Q = -9.15870E+00 MeV  Emin = 9.38987E+00 MeV  : (n,He-3_1)
  34    MT =    752  Q = -1.03687E+01 MeV  Emin = 1.10000E+01 MeV  : (n,He-3_2)
  35    MT =    753  Q = -1.08014E+01 MeV  Emin = 1.15000E+01 MeV  : (n,He-3_3)
  36    MT =    754  Q = -1.09279E+01 MeV  Emin = 1.20000E+01 MeV  : (n,He-3_4)
  37    MT =    755  Q = -1.14712E+01 MeV  Emin = 1.25000E+01 MeV  : (n,He-3_5)
  38    MT =    799  Q = -1.14712E+01 MeV  Emin = 1.25000E+01 MeV  : (n,He-3) to continuum
  39    MT =    800  Q =  1.74833E+00 MeV  Emin = 1.00000E-11 MeV  : (n,alpha) to ground state
  40    MT =    801  Q =  3.38514E-01 MeV  Emin = 4.99972E-01 MeV  : (n,a1)
  41    MT =    802  Q =  1.37064E-01 MeV  Emin = 4.99972E-01 MeV  : (n,a2)
  42    MT =    803  Q = -4.68766E-01 MeV  Emin = 1.20000E+00 MeV  : (n,a3)
  43    MT =    804  Q = -7.42266E-01 MeV  Emin = 1.40000E+00 MeV  : (n,a4)
  44    MT =    805  Q = -1.04777E+00 MeV  Emin = 1.80000E+00 MeV  : (n,a5)
  45    MT =    806  Q = -1.42297E+00 MeV  Emin = 2.20000E+00 MeV  : (n,a6)
  46    MT =    807  Q = -1.43677E+00 MeV  Emin = 2.20000E+00 MeV  : (n,a7)
  47    MT =    808  Q = -1.52557E+00 MeV  Emin = 2.20000E+00 MeV  : (n,a8)
  48    MT =    809  Q = -1.76997E+00 MeV  Emin = 2.60000E+00 MeV  : (n,a9)
  49    MT =    810  Q = -1.77887E+00 MeV  Emin = 2.60000E+00 MeV  : (n,a10)
  50    MT =    849  Q = -1.77887E+00 MeV  Emin = 3.20000E+00 MeV  : (n,alpha) to continuum
  51    MT =      4  Q =  0.00000E+00 MeV  Emin = 3.43724E+00 MeV  : total inelastic scattering

 Nuclide   37 / 130 : 20042.03c -- calcium 42 (Ca-42)

 Pointers                     : 460802 14799
 Primary type                 : Transport
 Nuclide ZAI                  : 200420
 Library ID                   : 03c
 Cross section data file      : /home/leonardo.zortea/mcnp/xs/acedata/20042ENDF7.ace
 Atomic weight (AW)           : 41.95863
 Atomic weight ratio (AWR)    : 41.59818
 Temperature                  : 300.0 Kelvin
 XS temperature               : 300.0 Kelvin
 Minimum and maximum energy   : 1.00000E-11 2.00000E+02
 Half-life                    : stable
 Specific ingestion toxicity  : N/A
 Specific inhalation toxicity : N/A

 - Nuclide is not involved in burnup calculation
 - Nuclide has neutron transport data
 - Nuclide has no photon transport data
 - Nuclide has no S(a,b) data
 - Nuclide has no isomeric branching data
 - Nuclide is not fissile
 - Nuclide is not a delayed neutron precursor
 - Nuclide has no delayed neutron data
 - Nuclide has no ures ptable data
 - Nuclide temperature is not adjusted with TMS
 - Nuclide has no dosimetry data
 - Nuclide has decay data
 - Nuclide has no supplementary transmutation cross section data
 - Nuclide has no NFY data
 - Nuclide has no SFY data

 - 39 reaction channels
 - 51 special reactions
 - No transmutation reactions
 - No transmutation branch reactions
 - No decay reactions
 - No decay branch reactions
 - No transmutation paths

 39 reactions channel:

   1    MT =      2  Q =  0.00000E+00 MeV  Emin = 1.00000E-11 MeV  frac = 1.00000E+00  : elastic scattering
   2    MT =      5  Q =  0.00000E+00 MeV  Emin = 3.00000E-01 MeV  frac = 1.00000E+00  : anything
   3    MT =     16  Q = -1.14806E+01 MeV  Emin = 1.17566E+01 MeV  frac = 1.00000E+00  : (n,2n)
   4    MT =     22  Q = -6.25691E+00 MeV  Emin = 7.20000E+00 MeV  frac = 1.00000E+00  : (n,nalpha)
   5    MT =     28  Q = -1.02769E+01 MeV  Emin = 1.05240E+01 MeV  frac = 1.00000E+00  : (n,np)
   6    MT =     29  Q = -1.34647E+01 MeV  Emin = 1.60000E+01 MeV  frac = 1.00000E+00  : (n,n2alpha)
   7    MT =     32  Q = -1.81475E+01 MeV  Emin = 1.85838E+01 MeV  frac = 1.00000E+00  : (n,nd)
   8    MT =     51  Q = -1.52473E+00 MeV  Emin = 1.56139E+00 MeV  frac = 1.00000E+00  : inelastic scatt. to 1. excited state
   9    MT =     52  Q = -1.83730E+00 MeV  Emin = 1.88147E+00 MeV  frac = 1.00000E+00  : inelastic scatt. to 2. excited state
  10    MT =     53  Q = -2.42417E+00 MeV  Emin = 2.48245E+00 MeV  frac = 1.00000E+00  : inelastic scatt. to 3. excited state
  11    MT =     54  Q = -2.75241E+00 MeV  Emin = 2.81858E+00 MeV  frac = 1.00000E+00  : inelastic scatt. to 4. excited state
  12    MT =     55  Q = -3.18933E+00 MeV  Emin = 3.26600E+00 MeV  frac = 1.00000E+00  : inelastic scatt. to 5. excited state
  13    MT =     56  Q = -3.25390E+00 MeV  Emin = 3.33212E+00 MeV  frac = 1.00000E+00  : inelastic scatt. to 6. excited state
  14    MT =     57  Q = -3.30000E+00 MeV  Emin = 3.37933E+00 MeV  frac = 1.00000E+00  : inelastic scatt. to 7. excited state
  15    MT =     58  Q = -3.39200E+00 MeV  Emin = 3.47354E+00 MeV  frac = 1.00000E+00  : inelastic scatt. to 8. excited state
  16    MT =     59  Q = -3.44696E+00 MeV  Emin = 3.52982E+00 MeV  frac = 1.00000E+00  : inelastic scatt. to 9. excited state
  17    MT =     60  Q = -3.65400E+00 MeV  Emin = 3.74184E+00 MeV  frac = 1.00000E+00  : inelastic scatt. to 10. excited state
  18    MT =     61  Q = -3.88500E+00 MeV  Emin = 3.97839E+00 MeV  frac = 1.00000E+00  : inelastic scatt. to 11. excited state
  19    MT =     62  Q = -3.95441E+00 MeV  Emin = 4.04947E+00 MeV  frac = 1.00000E+00  : inelastic scatt. to 12. excited state
  20    MT =     63  Q = -3.99967E+00 MeV  Emin = 4.09582E+00 MeV  frac = 1.00000E+00  : inelastic scatt. to 13. excited state
  21    MT =     64  Q = -4.04700E+00 MeV  Emin = 4.14429E+00 MeV  frac = 1.00000E+00  : inelastic scatt. to 14. excited state
  22    MT =     65  Q = -4.09970E+00 MeV  Emin = 4.19826E+00 MeV  frac = 1.00000E+00  : inelastic scatt. to 15. excited state
  23    MT =     66  Q = -4.11700E+00 MeV  Emin = 4.21597E+00 MeV  frac = 1.00000E+00  : inelastic scatt. to 16. excited state
  24    MT =     67  Q = -4.23200E+00 MeV  Emin = 4.33374E+00 MeV  frac = 1.00000E+00  : inelastic scatt. to 17. excited state
  25    MT =     68  Q = -4.35400E+00 MeV  Emin = 4.45867E+00 MeV  frac = 1.00000E+00  : inelastic scatt. to 18. excited state
  26    MT =     69  Q = -4.41800E+00 MeV  Emin = 4.52421E+00 MeV  frac = 1.00000E+00  : inelastic scatt. to 19. excited state
  27    MT =     70  Q = -4.44300E+00 MeV  Emin = 4.54981E+00 MeV  frac = 1.00000E+00  : inelastic scatt. to 20. excited state
  28    MT =     91  Q = -4.44300E+00 MeV  Emin = 4.54981E+00 MeV  frac = 1.00000E+00  : inelastic scattering to continuum
  29    MT =    102  Q =  7.93300E+00 MeV  Emin = 1.00000E-11 MeV  frac = 1.00000E+00  : (n,gamma)
  30    MT =    103  Q = -2.74309E+00 MeV  Emin = 3.00000E+00 MeV  frac = 1.00000E+00  : (n,p)
  31    MT =    104  Q = -8.05229E+00 MeV  Emin = 8.50000E+00 MeV  frac = 1.00000E+00  : (n,d)
  32    MT =    105  Q = -1.18902E+01 MeV  Emin = 1.21761E+01 MeV  frac = 1.00000E+00  : (n,t)
  33    MT =    106  Q = -1.03668E+01 MeV  Emin = 1.10000E+01 MeV  frac = 1.00000E+00  : (n,He-3)
  34    MT =    107  Q =  3.41482E-01 MeV  Emin = 2.99981E-01 MeV  frac = 1.00000E+00  : (n,alpha)
  35    MT =    108  Q = -6.47890E+00 MeV  Emin = 9.50000E+00 MeV  frac = 1.00000E+00  : (n,2alpha)
  36    MT =    111  Q = -1.19861E+01 MeV  Emin = 1.25000E+01 MeV  frac = 1.00000E+00  : (n,2p)
  37    MT =    112  Q = -1.03913E+01 MeV  Emin = 1.20000E+01 MeV  frac = 1.00000E+00  : (n,palpha)
  38    MT =    115  Q = -1.58602E+01 MeV  Emin = 1.70000E+01 MeV  frac = 1.00000E+00  : (n,pd)
  39    MT =    117  Q = -1.42746E+01 MeV  Emin = 1.60000E+01 MeV  frac = 1.00000E+00  : (n,dalpha)

 51 special reactions:

   1    MT =    203  Q =  0.00000E+00 MeV  Emin = 3.00000E+00 MeV  : total proton production
   2    MT =    204  Q =  0.00000E+00 MeV  Emin = 8.50000E+00 MeV  : total deuteron production
   3    MT =    205  Q =  0.00000E+00 MeV  Emin = 1.21761E+01 MeV  : total triton production
   4    MT =    206  Q =  0.00000E+00 MeV  Emin = 1.10000E+01 MeV  : total He-3 production
   5    MT =    207  Q =  0.00000E+00 MeV  Emin = 2.99981E-01 MeV  : total alpha production
   6    MT =    600  Q = -2.74309E+00 MeV  Emin = 3.00000E+00 MeV  : (n,p) to ground state
   7    MT =    601  Q = -2.84992E+00 MeV  Emin = 3.20000E+00 MeV  : (n,p1)
   8    MT =    602  Q = -3.00135E+00 MeV  Emin = 3.20000E+00 MeV  : (n,p2)
   9    MT =    603  Q = -3.38182E+00 MeV  Emin = 3.60000E+00 MeV  : (n,p3)
  10    MT =    604  Q = -3.42504E+00 MeV  Emin = 3.80000E+00 MeV  : (n,p4)
  11    MT =    605  Q = -3.44217E+00 MeV  Emin = 3.80000E+00 MeV  : (n,p5)
  12    MT =    606  Q = -3.52696E+00 MeV  Emin = 3.80000E+00 MeV  : (n,p6)
  13    MT =    607  Q = -3.58503E+00 MeV  Emin = 3.80000E+00 MeV  : (n,p7)
  14    MT =    608  Q = -3.85384E+00 MeV  Emin = 4.20000E+00 MeV  : (n,p8)
  15    MT =    609  Q = -3.88668E+00 MeV  Emin = 4.20000E+00 MeV  : (n,p9)
  16    MT =    610  Q = -3.94099E+00 MeV  Emin = 4.20000E+00 MeV  : (n,p10)
  17    MT =    649  Q = -3.94099E+00 MeV  Emin = 4.40000E+00 MeV  : (n,p) to continuum
  18    MT =    650  Q = -8.05229E+00 MeV  Emin = 8.50000E+00 MeV  : (n,d) to ground state
  19    MT =    651  Q = -9.03277E+00 MeV  Emin = 9.24991E+00 MeV  : (n,d1)
  20    MT =    652  Q = -9.34590E+00 MeV  Emin = 9.57057E+00 MeV  : (n,d2)
  21    MT =    653  Q = -9.61219E+00 MeV  Emin = 1.00000E+01 MeV  : (n,d3)
  22    MT =    654  Q = -9.63429E+00 MeV  Emin = 1.00000E+01 MeV  : (n,d4)
  23    MT =    655  Q = -9.64540E+00 MeV  Emin = 1.00000E+01 MeV  : (n,d5)
  24    MT =    699  Q = -9.64540E+00 MeV  Emin = 1.00000E+01 MeV  : (n,d) to continuum
  25    MT =    700  Q = -1.18902E+01 MeV  Emin = 1.21761E+01 MeV  : (n,t) to ground state
  26    MT =    701  Q = -1.19201E+01 MeV  Emin = 1.25000E+01 MeV  : (n,t1)
  27    MT =    702  Q = -1.26904E+01 MeV  Emin = 1.30000E+01 MeV  : (n,t2)
  28    MT =    703  Q = -1.27816E+01 MeV  Emin = 1.30889E+01 MeV  : (n,t3)
  29    MT =    704  Q = -1.35339E+01 MeV  Emin = 1.38593E+01 MeV  : (n,t4)
  30    MT =    705  Q = -1.38493E+01 MeV  Emin = 1.41822E+01 MeV  : (n,t5)
  31    MT =    749  Q = -1.38493E+01 MeV  Emin = 1.50000E+01 MeV  : (n,t) to continuum
  32    MT =    750  Q = -1.03668E+01 MeV  Emin = 1.10000E+01 MeV  : (n,He-3) to ground state
  33    MT =    751  Q = -1.18276E+01 MeV  Emin = 1.21119E+01 MeV  : (n,He-3_1)
  34    MT =    752  Q = -1.24876E+01 MeV  Emin = 1.30000E+01 MeV  : (n,He-3_2)
  35    MT =    753  Q = -1.28909E+01 MeV  Emin = 1.40000E+01 MeV  : (n,He-3_3)
  36    MT =    754  Q = -1.32594E+01 MeV  Emin = 1.40000E+01 MeV  : (n,He-3_4)
  37    MT =    755  Q = -1.35748E+01 MeV  Emin = 1.45000E+01 MeV  : (n,He-3_5)
  38    MT =    799  Q = -1.35748E+01 MeV  Emin = 1.50000E+01 MeV  : (n,He-3) to continuum
  39    MT =    800  Q =  3.41482E-01 MeV  Emin = 2.99981E-01 MeV  : (n,alpha) to ground state
  40    MT =    801  Q = -9.25728E-01 MeV  Emin = 1.60000E+00 MeV  : (n,a1)
  41    MT =    802  Q = -1.17606E+00 MeV  Emin = 2.00000E+00 MeV  : (n,a2)
  42    MT =    803  Q = -1.75127E+00 MeV  Emin = 2.60000E+00 MeV  : (n,a3)
  43    MT =    804  Q = -2.00072E+00 MeV  Emin = 2.80000E+00 MeV  : (n,a4)
  44    MT =    805  Q = -2.01680E+00 MeV  Emin = 2.80000E+00 MeV  : (n,a5)
  45    MT =    806  Q = -2.09200E+00 MeV  Emin = 2.80000E+00 MeV  : (n,a6)
  46    MT =    807  Q = -2.14001E+00 MeV  Emin = 3.00000E+00 MeV  : (n,a7)
  47    MT =    808  Q = -2.16194E+00 MeV  Emin = 3.00000E+00 MeV  : (n,a8)
  48    MT =    809  Q = -2.18226E+00 MeV  Emin = 3.00000E+00 MeV  : (n,a9)
  49    MT =    810  Q = -2.29008E+00 MeV  Emin = 3.00000E+00 MeV  : (n,a10)
  50    MT =    849  Q = -2.29008E+00 MeV  Emin = 4.00000E+00 MeV  : (n,alpha) to continuum
  51    MT =      4  Q =  0.00000E+00 MeV  Emin = 1.56139E+00 MeV  : total inelastic scattering

 Nuclide   38 / 130 : 20043.03c -- calcium 43 (Ca-43)

 Pointers                     : 467387 15075
 Primary type                 : Transport
 Nuclide ZAI                  : 200430
 Library ID                   : 03c
 Cross section data file      : /home/leonardo.zortea/mcnp/xs/acedata/20043ENDF7.ace
 Atomic weight (AW)           : 42.95877
 Atomic weight ratio (AWR)    : 42.58973
 Temperature                  : 300.0 Kelvin
 XS temperature               : 300.0 Kelvin
 Minimum and maximum energy   : 1.00000E-11 2.00000E+02
 Half-life                    : stable
 Specific ingestion toxicity  : N/A
 Specific inhalation toxicity : N/A

 - Nuclide is not involved in burnup calculation
 - Nuclide has neutron transport data
 - Nuclide has no photon transport data
 - Nuclide has no S(a,b) data
 - Nuclide has no isomeric branching data
 - Nuclide is not fissile
 - Nuclide is not a delayed neutron precursor
 - Nuclide has no delayed neutron data
 - Nuclide has no ures ptable data
 - Nuclide temperature is not adjusted with TMS
 - Nuclide has no dosimetry data
 - Nuclide has decay data
 - Nuclide has no supplementary transmutation cross section data
 - Nuclide has no NFY data
 - Nuclide has no SFY data

 - 39 reaction channels
 - 51 special reactions
 - No transmutation reactions
 - No transmutation branch reactions
 - No decay reactions
 - No decay branch reactions
 - No transmutation paths

 39 reactions channel:

   1    MT =      2  Q =  0.00000E+00 MeV  Emin = 1.00000E-11 MeV  frac = 1.00000E+00  : elastic scattering
   2    MT =      5  Q =  0.00000E+00 MeV  Emin = 4.00000E-02 MeV  frac = 1.00000E+00  : anything
   3    MT =     16  Q = -7.93300E+00 MeV  Emin = 8.11927E+00 MeV  frac = 1.00000E+00  : (n,2n)
   4    MT =     17  Q = -1.94136E+01 MeV  Emin = 1.98694E+01 MeV  frac = 1.00000E+00  : (n,3n)
   5    MT =     22  Q = -7.59152E+00 MeV  Emin = 8.50000E+00 MeV  frac = 1.00000E+00  : (n,nalpha)
   6    MT =     24  Q = -1.41899E+01 MeV  Emin = 1.50000E+01 MeV  frac = 1.00000E+00  : (n,2nalpha)
   7    MT =     28  Q = -1.06761E+01 MeV  Emin = 1.10000E+01 MeV  frac = 1.00000E+00  : (n,np)
   8    MT =     32  Q = -1.59853E+01 MeV  Emin = 1.63606E+01 MeV  frac = 1.00000E+00  : (n,nd)
   9    MT =     41  Q = -1.82099E+01 MeV  Emin = 1.86375E+01 MeV  frac = 1.00000E+00  : (n,2np)
  10    MT =     51  Q = -3.72762E-01 MeV  Emin = 3.81514E-01 MeV  frac = 1.00000E+00  : inelastic scatt. to 1. excited state
  11    MT =     52  Q = -5.93394E-01 MeV  Emin = 6.07327E-01 MeV  frac = 1.00000E+00  : inelastic scatt. to 2. excited state
  12    MT =     53  Q = -9.90257E-01 MeV  Emin = 1.01351E+00 MeV  frac = 1.00000E+00  : inelastic scatt. to 3. excited state
  13    MT =     54  Q = -1.39447E+00 MeV  Emin = 1.42721E+00 MeV  frac = 1.00000E+00  : inelastic scatt. to 4. excited state
  14    MT =     55  Q = -1.67780E+00 MeV  Emin = 1.71720E+00 MeV  frac = 1.00000E+00  : inelastic scatt. to 5. excited state
  15    MT =     56  Q = -1.90180E+00 MeV  Emin = 1.94646E+00 MeV  frac = 1.00000E+00  : inelastic scatt. to 6. excited state
  16    MT =     57  Q = -1.93130E+00 MeV  Emin = 1.97665E+00 MeV  frac = 1.00000E+00  : inelastic scatt. to 7. excited state
  17    MT =     58  Q = -1.95740E+00 MeV  Emin = 2.00336E+00 MeV  frac = 1.00000E+00  : inelastic scatt. to 8. excited state
  18    MT =     59  Q = -2.04625E+00 MeV  Emin = 2.09430E+00 MeV  frac = 1.00000E+00  : inelastic scatt. to 9. excited state
  19    MT =     60  Q = -2.06730E+00 MeV  Emin = 2.11584E+00 MeV  frac = 1.00000E+00  : inelastic scatt. to 10. excited state
  20    MT =     61  Q = -2.09390E+00 MeV  Emin = 2.14306E+00 MeV  frac = 1.00000E+00  : inelastic scatt. to 11. excited state
  21    MT =     62  Q = -2.10270E+00 MeV  Emin = 2.15207E+00 MeV  frac = 1.00000E+00  : inelastic scatt. to 12. excited state
  22    MT =     63  Q = -2.22400E+00 MeV  Emin = 2.27622E+00 MeV  frac = 1.00000E+00  : inelastic scatt. to 13. excited state
  23    MT =     64  Q = -2.24900E+00 MeV  Emin = 2.30181E+00 MeV  frac = 1.00000E+00  : inelastic scatt. to 14. excited state
  24    MT =     65  Q = -2.27270E+00 MeV  Emin = 2.32606E+00 MeV  frac = 1.00000E+00  : inelastic scatt. to 15. excited state
  25    MT =     66  Q = -2.40980E+00 MeV  Emin = 2.46638E+00 MeV  frac = 1.00000E+00  : inelastic scatt. to 16. excited state
  26    MT =     67  Q = -2.52300E+00 MeV  Emin = 2.58224E+00 MeV  frac = 1.00000E+00  : inelastic scatt. to 17. excited state
  27    MT =     68  Q = -2.61100E+00 MeV  Emin = 2.67231E+00 MeV  frac = 1.00000E+00  : inelastic scatt. to 18. excited state
  28    MT =     69  Q = -2.67370E+00 MeV  Emin = 2.73648E+00 MeV  frac = 1.00000E+00  : inelastic scatt. to 19. excited state
  29    MT =     70  Q = -2.69690E+00 MeV  Emin = 2.76022E+00 MeV  frac = 1.00000E+00  : inelastic scatt. to 20. excited state
  30    MT =     91  Q = -2.69690E+00 MeV  Emin = 2.76022E+00 MeV  frac = 1.00000E+00  : inelastic scattering to continuum
  31    MT =    102  Q =  1.11320E+01 MeV  Emin = 1.00000E-11 MeV  frac = 1.00000E+00  : (n,gamma)
  32    MT =    103  Q = -1.03305E+00 MeV  Emin = 1.20000E+00 MeV  frac = 1.00000E+00  : (n,p)
  33    MT =    104  Q = -8.45152E+00 MeV  Emin = 8.64996E+00 MeV  frac = 1.00000E+00  : (n,d)
  34    MT =    105  Q = -9.72804E+00 MeV  Emin = 1.00000E+01 MeV  frac = 1.00000E+00  : (n,t)
  35    MT =    106  Q = -1.22011E+01 MeV  Emin = 1.30000E+01 MeV  frac = 1.00000E+00  : (n,He-3)
  36    MT =    107  Q =  2.27786E+00 MeV  Emin = 1.00000E-11 MeV  frac = 1.00000E+00  : (n,alpha)
  37    MT =    108  Q = -4.52299E+00 MeV  Emin = 7.40000E+00 MeV  frac = 1.00000E+00  : (n,2alpha)
  38    MT =    111  Q = -1.04930E+01 MeV  Emin = 1.10000E+01 MeV  frac = 1.00000E+00  : (n,2p)
  39    MT =    112  Q = -1.02503E+01 MeV  Emin = 1.20000E+01 MeV  frac = 1.00000E+00  : (n,palpha)

 51 special reactions:

   1    MT =    203  Q =  0.00000E+00 MeV  Emin = 1.20000E+00 MeV  : total proton production
   2    MT =    204  Q =  0.00000E+00 MeV  Emin = 8.64996E+00 MeV  : total deuteron production
   3    MT =    205  Q =  0.00000E+00 MeV  Emin = 1.00000E+01 MeV  : total triton production
   4    MT =    206  Q =  0.00000E+00 MeV  Emin = 1.30000E+01 MeV  : total He-3 production
   5    MT =    207  Q =  0.00000E+00 MeV  Emin = 1.00000E-11 MeV  : total alpha production
   6    MT =    600  Q = -1.03305E+00 MeV  Emin = 1.20000E+00 MeV  : (n,p) to ground state
   7    MT =    601  Q = -1.59425E+00 MeV  Emin = 1.80000E+00 MeV  : (n,p1)
   8    MT =    602  Q = -1.77115E+00 MeV  Emin = 2.00000E+00 MeV  : (n,p2)
   9    MT =    603  Q = -2.00805E+00 MeV  Emin = 2.20000E+00 MeV  : (n,p3)
  10    MT =    604  Q = -2.14335E+00 MeV  Emin = 2.40000E+00 MeV  : (n,p4)
  11    MT =    605  Q = -2.23995E+00 MeV  Emin = 2.40000E+00 MeV  : (n,p5)
  12    MT =    606  Q = -2.54295E+00 MeV  Emin = 2.60266E+00 MeV  : (n,p6)
  13    MT =    607  Q = -2.58265E+00 MeV  Emin = 2.80000E+00 MeV  : (n,p7)
  14    MT =    608  Q = -2.84805E+00 MeV  Emin = 2.91492E+00 MeV  : (n,p8)
  15    MT =    609  Q = -2.88315E+00 MeV  Emin = 3.00000E+00 MeV  : (n,p9)
  16    MT =    610  Q = -2.89905E+00 MeV  Emin = 3.00000E+00 MeV  : (n,p10)
  17    MT =    649  Q = -2.89905E+00 MeV  Emin = 3.20000E+00 MeV  : (n,p) to continuum
  18    MT =    650  Q = -8.45152E+00 MeV  Emin = 8.64996E+00 MeV  : (n,d) to ground state
  19    MT =    651  Q = -8.55835E+00 MeV  Emin = 9.00000E+00 MeV  : (n,d1)
  20    MT =    652  Q = -8.70978E+00 MeV  Emin = 9.00000E+00 MeV  : (n,d2)
  21    MT =    653  Q = -9.09025E+00 MeV  Emin = 9.30369E+00 MeV  : (n,d3)
  22    MT =    654  Q = -9.13346E+00 MeV  Emin = 9.50000E+00 MeV  : (n,d4)
  23    MT =    655  Q = -9.15060E+00 MeV  Emin = 9.50000E+00 MeV  : (n,d5)
  24    MT =    699  Q = -9.15060E+00 MeV  Emin = 9.50000E+00 MeV  : (n,d) to continuum
  25    MT =    700  Q = -9.72804E+00 MeV  Emin = 1.00000E+01 MeV  : (n,t) to ground state
  26    MT =    701  Q = -1.07085E+01 MeV  Emin = 1.09600E+01 MeV  : (n,t1)
  27    MT =    702  Q = -1.10217E+01 MeV  Emin = 1.15000E+01 MeV  : (n,t2)
  28    MT =    703  Q = -1.12879E+01 MeV  Emin = 1.15530E+01 MeV  : (n,t3)
  29    MT =    704  Q = -1.13100E+01 MeV  Emin = 1.15756E+01 MeV  : (n,t4)
  30    MT =    705  Q = -1.13212E+01 MeV  Emin = 1.15870E+01 MeV  : (n,t5)
  31    MT =    749  Q = -1.13212E+01 MeV  Emin = 1.20000E+01 MeV  : (n,t) to continuum
  32    MT =    750  Q = -1.22011E+01 MeV  Emin = 1.30000E+01 MeV  : (n,He-3) to ground state
  33    MT =    751  Q = -1.23684E+01 MeV  Emin = 1.35000E+01 MeV  : (n,He-3_1)
  34    MT =    752  Q = -1.27171E+01 MeV  Emin = 1.35000E+01 MeV  : (n,He-3_2)
  35    MT =    753  Q = -1.32358E+01 MeV  Emin = 1.40000E+01 MeV  : (n,He-3_3)
  36    MT =    754  Q = -1.35551E+01 MeV  Emin = 1.45000E+01 MeV  : (n,He-3_4)
  37    MT =    755  Q = -1.38361E+01 MeV  Emin = 1.50000E+01 MeV  : (n,He-3_5)
  38    MT =    799  Q = -1.38361E+01 MeV  Emin = 1.50000E+01 MeV  : (n,He-3) to continuum
  39    MT =    800  Q =  2.27786E+00 MeV  Emin = 1.00000E-11 MeV  : (n,alpha) to ground state
  40    MT =    801  Q =  8.16999E-01 MeV  Emin = 1.00000E-11 MeV  : (n,a1)
  41    MT =    802  Q =  1.57059E-01 MeV  Emin = 3.99947E-02 MeV  : (n,a2)
  42    MT =    803  Q = -2.46241E-01 MeV  Emin = 1.00000E+00 MeV  : (n,a3)
  43    MT =    804  Q = -6.14741E-01 MeV  Emin = 1.40000E+00 MeV  : (n,a4)
  44    MT =    805  Q = -9.30141E-01 MeV  Emin = 1.60000E+00 MeV  : (n,a5)
  45    MT =    806  Q = -1.18662E+00 MeV  Emin = 2.00000E+00 MeV  : (n,a6)
  46    MT =    807  Q = -1.23344E+00 MeV  Emin = 2.00000E+00 MeV  : (n,a7)
  47    MT =    808  Q = -1.23714E+00 MeV  Emin = 2.00000E+00 MeV  : (n,a8)
  48    MT =    809  Q = -1.40294E+00 MeV  Emin = 2.20000E+00 MeV  : (n,a9)
  49    MT =    810  Q = -1.64094E+00 MeV  Emin = 2.40000E+00 MeV  : (n,a10)
  50    MT =    849  Q = -1.64094E+00 MeV  Emin = 2.60000E+00 MeV  : (n,alpha) to continuum
  51    MT =      4  Q =  0.00000E+00 MeV  Emin = 3.81514E-01 MeV  : total inelastic scattering

 Nuclide   39 / 130 : 20044.03c -- calcium 44 (Ca-44)

 Pointers                     : 473972 15351
 Primary type                 : Transport
 Nuclide ZAI                  : 200440
 Library ID                   : 03c
 Cross section data file      : /home/leonardo.zortea/mcnp/xs/acedata/20044ENDF7.ace
 Atomic weight (AW)           : 43.95548
 Atomic weight ratio (AWR)    : 43.57788
 Temperature                  : 300.0 Kelvin
 XS temperature               : 300.0 Kelvin
 Minimum and maximum energy   : 1.00000E-11 2.00000E+02
 Half-life                    : stable
 Specific ingestion toxicity  : N/A
 Specific inhalation toxicity : N/A

 - Nuclide is not involved in burnup calculation
 - Nuclide has neutron transport data
 - Nuclide has no photon transport data
 - Nuclide has no S(a,b) data
 - Nuclide has no isomeric branching data
 - Nuclide is not fissile
 - Nuclide is not a delayed neutron precursor
 - Nuclide has no delayed neutron data
 - Nuclide has no ures ptable data
 - Nuclide temperature is not adjusted with TMS
 - Nuclide has no dosimetry data
 - Nuclide has decay data
 - Nuclide has no supplementary transmutation cross section data
 - Nuclide has no NFY data
 - Nuclide has no SFY data

 - 35 reaction channels
 - 47 special reactions
 - No transmutation reactions
 - No transmutation branch reactions
 - No decay reactions
 - No decay branch reactions
 - No transmutation paths

 35 reactions channel:

   1    MT =      2  Q =  0.00000E+00 MeV  Emin = 1.00000E-11 MeV  frac = 1.00000E+00  : elastic scattering
   2    MT =      5  Q =  0.00000E+00 MeV  Emin = 5.00000E-01 MeV  frac = 1.00000E+00  : anything
   3    MT =     16  Q = -1.11320E+01 MeV  Emin = 1.13875E+01 MeV  frac = 1.00000E+00  : (n,2n)
   4    MT =     17  Q = -1.90650E+01 MeV  Emin = 1.95025E+01 MeV  frac = 1.00000E+00  : (n,3n)
   5    MT =     22  Q = -8.85411E+00 MeV  Emin = 9.50000E+00 MeV  frac = 1.00000E+00  : (n,nalpha)
   6    MT =     28  Q = -1.21650E+01 MeV  Emin = 1.25000E+01 MeV  frac = 1.00000E+00  : (n,np)
   7    MT =     51  Q = -1.15705E+00 MeV  Emin = 1.18360E+00 MeV  frac = 1.00000E+00  : inelastic scatt. to 1. excited state
   8    MT =     52  Q = -1.88351E+00 MeV  Emin = 1.92673E+00 MeV  frac = 1.00000E+00  : inelastic scatt. to 2. excited state
   9    MT =     53  Q = -2.28314E+00 MeV  Emin = 2.33553E+00 MeV  frac = 1.00000E+00  : inelastic scatt. to 3. excited state
  10    MT =     54  Q = -2.65650E+00 MeV  Emin = 2.71746E+00 MeV  frac = 1.00000E+00  : inelastic scatt. to 4. excited state
  11    MT =     55  Q = -3.04433E+00 MeV  Emin = 3.11419E+00 MeV  frac = 1.00000E+00  : inelastic scatt. to 5. excited state
  12    MT =     56  Q = -3.28500E+00 MeV  Emin = 3.36038E+00 MeV  frac = 1.00000E+00  : inelastic scatt. to 6. excited state
  13    MT =     57  Q = -3.30130E+00 MeV  Emin = 3.37706E+00 MeV  frac = 1.00000E+00  : inelastic scatt. to 7. excited state
  14    MT =     58  Q = -3.30786E+00 MeV  Emin = 3.38377E+00 MeV  frac = 1.00000E+00  : inelastic scatt. to 8. excited state
  15    MT =     59  Q = -3.35720E+00 MeV  Emin = 3.43424E+00 MeV  frac = 1.00000E+00  : inelastic scatt. to 9. excited state
  16    MT =     60  Q = -3.58040E+00 MeV  Emin = 3.66256E+00 MeV  frac = 1.00000E+00  : inelastic scatt. to 10. excited state
  17    MT =     61  Q = -3.66153E+00 MeV  Emin = 3.74555E+00 MeV  frac = 1.00000E+00  : inelastic scatt. to 11. excited state
  18    MT =     62  Q = -3.67607E+00 MeV  Emin = 3.76043E+00 MeV  frac = 1.00000E+00  : inelastic scatt. to 12. excited state
  19    MT =     63  Q = -3.71180E+00 MeV  Emin = 3.79698E+00 MeV  frac = 1.00000E+00  : inelastic scatt. to 13. excited state
  20    MT =     64  Q = -3.77620E+00 MeV  Emin = 3.86286E+00 MeV  frac = 1.00000E+00  : inelastic scatt. to 14. excited state
  21    MT =     65  Q = -3.86500E+00 MeV  Emin = 3.95369E+00 MeV  frac = 1.00000E+00  : inelastic scatt. to 15. excited state
  22    MT =     66  Q = -3.91355E+00 MeV  Emin = 4.00336E+00 MeV  frac = 1.00000E+00  : inelastic scatt. to 16. excited state
  23    MT =     67  Q = -3.92260E+00 MeV  Emin = 4.01262E+00 MeV  frac = 1.00000E+00  : inelastic scatt. to 17. excited state
  24    MT =     68  Q = -4.01140E+00 MeV  Emin = 4.10345E+00 MeV  frac = 1.00000E+00  : inelastic scatt. to 18. excited state
  25    MT =     69  Q = -4.09200E+00 MeV  Emin = 4.18590E+00 MeV  frac = 1.00000E+00  : inelastic scatt. to 19. excited state
  26    MT =     70  Q = -4.16900E+00 MeV  Emin = 4.26467E+00 MeV  frac = 1.00000E+00  : inelastic scatt. to 20. excited state
  27    MT =     91  Q = -4.16900E+00 MeV  Emin = 4.26467E+00 MeV  frac = 1.00000E+00  : inelastic scattering to continuum
  28    MT =    102  Q =  7.41477E+00 MeV  Emin = 1.00000E-11 MeV  frac = 1.00000E+00  : (n,gamma)
  29    MT =    103  Q = -4.87652E+00 MeV  Emin = 5.20000E+00 MeV  frac = 1.00000E+00  : (n,p)
  30    MT =    104  Q = -9.94044E+00 MeV  Emin = 1.01686E+01 MeV  frac = 1.00000E+00  : (n,d)
  31    MT =    105  Q = -1.33262E+01 MeV  Emin = 1.36320E+01 MeV  frac = 1.00000E+00  : (n,t)
  32    MT =    106  Q = -1.39069E+01 MeV  Emin = 1.50000E+01 MeV  frac = 1.00000E+00  : (n,He-3)
  33    MT =    107  Q = -2.75541E+00 MeV  Emin = 3.60000E+00 MeV  frac = 1.00000E+00  : (n,alpha)
  34    MT =    108  Q = -1.13514E+01 MeV  Emin = 1.50000E+01 MeV  frac = 1.00000E+00  : (n,2alpha)
  35    MT =    111  Q = -1.59982E+01 MeV  Emin = 1.70000E+01 MeV  frac = 1.00000E+00  : (n,2p)

 47 special reactions:

   1    MT =    203  Q =  0.00000E+00 MeV  Emin = 5.20000E+00 MeV  : total proton production
   2    MT =    204  Q =  0.00000E+00 MeV  Emin = 1.01686E+01 MeV  : total deuteron production
   3    MT =    205  Q =  0.00000E+00 MeV  Emin = 1.36320E+01 MeV  : total triton production
   4    MT =    206  Q =  0.00000E+00 MeV  Emin = 1.50000E+01 MeV  : total He-3 production
   5    MT =    207  Q =  0.00000E+00 MeV  Emin = 3.60000E+00 MeV  : total alpha production
   6    MT =    600  Q = -4.87652E+00 MeV  Emin = 5.20000E+00 MeV  : (n,p) to ground state
   7    MT =    601  Q = -5.05912E+00 MeV  Emin = 5.40000E+00 MeV  : (n,p1)
   8    MT =    602  Q = -5.25942E+00 MeV  Emin = 5.60000E+00 MeV  : (n,p2)
   9    MT =    603  Q = -5.39652E+00 MeV  Emin = 5.80000E+00 MeV  : (n,p3)
  10    MT =    604  Q = -5.68812E+00 MeV  Emin = 5.81865E+00 MeV  : (n,p4)
  11    MT =    605  Q = -5.84532E+00 MeV  Emin = 6.00000E+00 MeV  : (n,p5)
  12    MT =    606  Q = -5.88992E+00 MeV  Emin = 6.20000E+00 MeV  : (n,p6)
  13    MT =    607  Q = -5.92782E+00 MeV  Emin = 6.20000E+00 MeV  : (n,p7)
  14    MT =    608  Q = -5.95322E+00 MeV  Emin = 6.20000E+00 MeV  : (n,p8)
  15    MT =    609  Q = -6.11732E+00 MeV  Emin = 6.25770E+00 MeV  : (n,p9)
  16    MT =    610  Q = -6.24422E+00 MeV  Emin = 6.40000E+00 MeV  : (n,p10)
  17    MT =    649  Q = -6.24422E+00 MeV  Emin = 6.60000E+00 MeV  : (n,p) to continuum
  18    MT =    650  Q = -9.94044E+00 MeV  Emin = 1.01686E+01 MeV  : (n,d) to ground state
  19    MT =    651  Q = -1.05016E+01 MeV  Emin = 1.07426E+01 MeV  : (n,d1)
  20    MT =    652  Q = -1.06785E+01 MeV  Emin = 1.10000E+01 MeV  : (n,d2)
  21    MT =    653  Q = -1.09154E+01 MeV  Emin = 1.11659E+01 MeV  : (n,d3)
  22    MT =    654  Q = -1.10507E+01 MeV  Emin = 1.15000E+01 MeV  : (n,d4)
  23    MT =    655  Q = -1.11473E+01 MeV  Emin = 1.15000E+01 MeV  : (n,d5)
  24    MT =    699  Q = -1.11473E+01 MeV  Emin = 1.15000E+01 MeV  : (n,d) to continuum
  25    MT =    700  Q = -1.33262E+01 MeV  Emin = 1.36320E+01 MeV  : (n,t) to ground state
  26    MT =    701  Q = -1.34331E+01 MeV  Emin = 1.40000E+01 MeV  : (n,t1)
  27    MT =    702  Q = -1.35845E+01 MeV  Emin = 1.40000E+01 MeV  : (n,t2)
  28    MT =    703  Q = -1.39650E+01 MeV  Emin = 1.45000E+01 MeV  : (n,t3)
  29    MT =    704  Q = -1.40082E+01 MeV  Emin = 1.45000E+01 MeV  : (n,t4)
  30    MT =    705  Q = -1.40253E+01 MeV  Emin = 1.45000E+01 MeV  : (n,t5)
  31    MT =    749  Q = -1.40253E+01 MeV  Emin = 1.45000E+01 MeV  : (n,t) to continuum
  32    MT =    750  Q = -1.39069E+01 MeV  Emin = 1.50000E+01 MeV  : (n,He-3) to ground state
  33    MT =    751  Q = -1.51151E+01 MeV  Emin = 1.54620E+01 MeV  : (n,He-3_1)
  34    MT =    752  Q = -1.63219E+01 MeV  Emin = 1.70000E+01 MeV  : (n,He-3_2)
  35    MT =    800  Q = -2.75541E+00 MeV  Emin = 3.60000E+00 MeV  : (n,alpha) to ground state
  36    MT =    801  Q = -2.92271E+00 MeV  Emin = 3.80000E+00 MeV  : (n,a1)
  37    MT =    802  Q = -3.27141E+00 MeV  Emin = 4.00000E+00 MeV  : (n,a2)
  38    MT =    803  Q = -3.79011E+00 MeV  Emin = 4.60000E+00 MeV  : (n,a3)
  39    MT =    804  Q = -4.10942E+00 MeV  Emin = 5.00000E+00 MeV  : (n,a4)
  40    MT =    805  Q = -4.39042E+00 MeV  Emin = 5.20000E+00 MeV  : (n,a5)
  41    MT =    806  Q = -4.62441E+00 MeV  Emin = 5.40000E+00 MeV  : (n,a6)
  42    MT =    807  Q = -4.74042E+00 MeV  Emin = 5.60000E+00 MeV  : (n,a7)
  43    MT =    808  Q = -5.07642E+00 MeV  Emin = 6.00000E+00 MeV  : (n,a8)
  44    MT =    809  Q = -5.15372E+00 MeV  Emin = 6.00000E+00 MeV  : (n,a9)
  45    MT =    810  Q = -5.32442E+00 MeV  Emin = 6.20000E+00 MeV  : (n,a10)
  46    MT =    849  Q = -5.32442E+00 MeV  Emin = 7.00000E+00 MeV  : (n,alpha) to continuum
  47    MT =      4  Q =  0.00000E+00 MeV  Emin = 1.18360E+00 MeV  : total inelastic scattering

 Nuclide   40 / 130 : 20046.03c -- calcium 46 (Ca-46)

 Pointers                     : 479981 15627
 Primary type                 : Transport
 Nuclide ZAI                  : 200460
 Library ID                   : 03c
 Cross section data file      : /home/leonardo.zortea/mcnp/xs/acedata/20046ENDF7.ace
 Atomic weight (AW)           : 45.95370
 Atomic weight ratio (AWR)    : 45.55893
 Temperature                  : 300.0 Kelvin
 XS temperature               : 300.0 Kelvin
 Minimum and maximum energy   : 1.00000E-11 2.00000E+02
 Half-life                    : stable
 Specific ingestion toxicity  : N/A
 Specific inhalation toxicity : N/A

 - Nuclide is not involved in burnup calculation
 - Nuclide has neutron transport data
 - Nuclide has no photon transport data
 - Nuclide has no S(a,b) data
 - Nuclide has no isomeric branching data
 - Nuclide is not fissile
 - Nuclide is not a delayed neutron precursor
 - Nuclide has no delayed neutron data
 - Nuclide has no ures ptable data
 - Nuclide temperature is not adjusted with TMS
 - Nuclide has no dosimetry data
 - Nuclide has decay data
 - Nuclide has no supplementary transmutation cross section data
 - Nuclide has no NFY data
 - Nuclide has no SFY data

 - 32 reaction channels
 - 38 special reactions
 - No transmutation reactions
 - No transmutation branch reactions
 - 1 decay reactions
 - No decay branch reactions
 - No transmutation paths
 - All reaction paths linked to target

 32 reactions channel:

   1    MT =      2  Q =  0.00000E+00 MeV  Emin = 1.00000E-11 MeV  frac = 1.00000E+00  : elastic scattering
   2    MT =      5  Q =  0.00000E+00 MeV  Emin = 1.00000E-06 MeV  frac = 1.00000E+00  : anything
   3    MT =     16  Q = -1.03937E+01 MeV  Emin = 1.06219E+01 MeV  frac = 1.00000E+00  : (n,2n)
   4    MT =     17  Q = -1.78085E+01 MeV  Emin = 1.81994E+01 MeV  frac = 1.00000E+00  : (n,3n)
   5    MT =     22  Q = -1.11378E+01 MeV  Emin = 1.20000E+01 MeV  frac = 1.00000E+00  : (n,nalpha)
   6    MT =     28  Q = -1.38159E+01 MeV  Emin = 1.41192E+01 MeV  frac = 1.00000E+00  : (n,np)
   7    MT =     51  Q = -1.34600E+00 MeV  Emin = 1.37555E+00 MeV  frac = 1.00000E+00  : inelastic scatt. to 1. excited state
   8    MT =     52  Q = -2.42310E+00 MeV  Emin = 2.47629E+00 MeV  frac = 1.00000E+00  : inelastic scatt. to 2. excited state
   9    MT =     53  Q = -2.57470E+00 MeV  Emin = 2.63122E+00 MeV  frac = 1.00000E+00  : inelastic scatt. to 3. excited state
  10    MT =     54  Q = -2.97390E+00 MeV  Emin = 3.03918E+00 MeV  frac = 1.00000E+00  : inelastic scatt. to 4. excited state
  11    MT =     55  Q = -3.02260E+00 MeV  Emin = 3.08895E+00 MeV  frac = 1.00000E+00  : inelastic scatt. to 5. excited state
  12    MT =     56  Q = -3.61400E+00 MeV  Emin = 3.69333E+00 MeV  frac = 1.00000E+00  : inelastic scatt. to 6. excited state
  13    MT =     57  Q = -3.63890E+00 MeV  Emin = 3.71877E+00 MeV  frac = 1.00000E+00  : inelastic scatt. to 7. excited state
  14    MT =     58  Q = -3.85970E+00 MeV  Emin = 3.94442E+00 MeV  frac = 1.00000E+00  : inelastic scatt. to 8. excited state
  15    MT =     59  Q = -3.95200E+00 MeV  Emin = 4.03875E+00 MeV  frac = 1.00000E+00  : inelastic scatt. to 9. excited state
  16    MT =     60  Q = -3.98800E+00 MeV  Emin = 4.07554E+00 MeV  frac = 1.00000E+00  : inelastic scatt. to 10. excited state
  17    MT =     61  Q = -4.18450E+00 MeV  Emin = 4.27635E+00 MeV  frac = 1.00000E+00  : inelastic scatt. to 11. excited state
  18    MT =     62  Q = -4.26100E+00 MeV  Emin = 4.35453E+00 MeV  frac = 1.00000E+00  : inelastic scatt. to 12. excited state
  19    MT =     63  Q = -4.40700E+00 MeV  Emin = 4.50373E+00 MeV  frac = 1.00000E+00  : inelastic scatt. to 13. excited state
  20    MT =     64  Q = -4.43020E+00 MeV  Emin = 4.52744E+00 MeV  frac = 1.00000E+00  : inelastic scatt. to 14. excited state
  21    MT =     65  Q = -4.48940E+00 MeV  Emin = 4.58794E+00 MeV  frac = 1.00000E+00  : inelastic scatt. to 15. excited state
  22    MT =     66  Q = -4.72880E+00 MeV  Emin = 4.83260E+00 MeV  frac = 1.00000E+00  : inelastic scatt. to 16. excited state
  23    MT =     67  Q = -4.74490E+00 MeV  Emin = 4.84905E+00 MeV  frac = 1.00000E+00  : inelastic scatt. to 17. excited state
  24    MT =     68  Q = -4.75800E+00 MeV  Emin = 4.86244E+00 MeV  frac = 1.00000E+00  : inelastic scatt. to 18. excited state
  25    MT =     69  Q = -4.99470E+00 MeV  Emin = 5.10433E+00 MeV  frac = 1.00000E+00  : inelastic scatt. to 19. excited state
  26    MT =     70  Q = -5.01360E+00 MeV  Emin = 5.12365E+00 MeV  frac = 1.00000E+00  : inelastic scatt. to 20. excited state
  27    MT =     91  Q = -5.01360E+00 MeV  Emin = 5.12365E+00 MeV  frac = 1.00000E+00  : inelastic scattering to continuum
  28    MT =    102  Q =  7.27610E+00 MeV  Emin = 1.00000E-11 MeV  frac = 1.00000E+00  : (n,gamma)
  29    MT =    103  Q = -6.93363E+00 MeV  Emin = 7.20000E+00 MeV  frac = 1.00000E+00  : (n,p)
  30    MT =    104  Q = -1.15913E+01 MeV  Emin = 1.20000E+01 MeV  frac = 1.00000E+00  : (n,d)
  31    MT =    105  Q = -1.42032E+01 MeV  Emin = 1.45150E+01 MeV  frac = 1.00000E+00  : (n,t)
  32    MT =    107  Q = -5.51097E+00 MeV  Emin = 6.40000E+00 MeV  frac = 1.00000E+00  : (n,alpha)

 38 special reactions:

   1    MT =    203  Q =  0.00000E+00 MeV  Emin = 7.20000E+00 MeV  : total proton production
   2    MT =    204  Q =  0.00000E+00 MeV  Emin = 1.18457E+01 MeV  : total deuteron production
   3    MT =    205  Q =  0.00000E+00 MeV  Emin = 1.45149E+01 MeV  : total triton production
   4    MT =    206  Q =  0.00000E+00 MeV  Emin = 1.97673E+01 MeV  : total He-3 production
   5    MT =    207  Q =  0.00000E+00 MeV  Emin = 6.40000E+00 MeV  : total alpha production
   6    MT =    600  Q = -6.93363E+00 MeV  Emin = 7.20000E+00 MeV  : (n,p) to ground state
   7    MT =    601  Q = -7.52103E+00 MeV  Emin = 7.80000E+00 MeV  : (n,p1)
   8    MT =    602  Q = -7.62453E+00 MeV  Emin = 7.80000E+00 MeV  : (n,p2)
   9    MT =    603  Q = -7.81913E+00 MeV  Emin = 8.00000E+00 MeV  : (n,p3)
  10    MT =    604  Q = -8.30352E+00 MeV  Emin = 8.48578E+00 MeV  : (n,p4)
  11    MT =    605  Q = -8.67203E+00 MeV  Emin = 8.86238E+00 MeV  : (n,p5)
  12    MT =    606  Q = -8.87796E+00 MeV  Emin = 9.07283E+00 MeV  : (n,p6)
  13    MT =    607  Q = -9.15563E+00 MeV  Emin = 9.35659E+00 MeV  : (n,p7)
  14    MT =    608  Q = -9.72363E+00 MeV  Emin = 9.93706E+00 MeV  : (n,p8)
  15    MT =    609  Q = -9.90263E+00 MeV  Emin = 1.01200E+01 MeV  : (n,p9)
  16    MT =    610  Q = -1.03166E+01 MeV  Emin = 1.05431E+01 MeV  : (n,p10)
  17    MT =    649  Q = -1.03166E+01 MeV  Emin = 1.10000E+01 MeV  : (n,p) to continuum
  18    MT =    650  Q = -1.15913E+01 MeV  Emin = 1.20000E+01 MeV  : (n,d) to ground state
  19    MT =    651  Q = -1.20657E+01 MeV  Emin = 1.23306E+01 MeV  : (n,d1)
  20    MT =    652  Q = -1.26113E+01 MeV  Emin = 1.28881E+01 MeV  : (n,d2)
  21    MT =    653  Q = -1.26727E+01 MeV  Emin = 1.30000E+01 MeV  : (n,d3)
  22    MT =    654  Q = -1.30156E+01 MeV  Emin = 1.33013E+01 MeV  : (n,d4)
  23    MT =    655  Q = -1.30652E+01 MeV  Emin = 1.35000E+01 MeV  : (n,d5)
  24    MT =    699  Q = -1.30652E+01 MeV  Emin = 1.35000E+01 MeV  : (n,d) to continuum
  25    MT =    700  Q = -1.42032E+01 MeV  Emin = 1.45150E+01 MeV  : (n,t) to ground state
  26    MT =    701  Q = -1.43858E+01 MeV  Emin = 1.50000E+01 MeV  : (n,t1)
  27    MT =    702  Q = -1.45861E+01 MeV  Emin = 1.50000E+01 MeV  : (n,t2)
  28    MT =    703  Q = -1.47232E+01 MeV  Emin = 1.50464E+01 MeV  : (n,t3)
  29    MT =    704  Q = -1.50148E+01 MeV  Emin = 1.53444E+01 MeV  : (n,t4)
  30    MT =    705  Q = -1.51720E+01 MeV  Emin = 1.55050E+01 MeV  : (n,t5)
  31    MT =    749  Q = -1.51720E+01 MeV  Emin = 1.60000E+01 MeV  : (n,t) to continuum
  32    MT =    800  Q = -5.51097E+00 MeV  Emin = 6.40000E+00 MeV  : (n,alpha) to ground state
  33    MT =    801  Q = -7.25097E+00 MeV  Emin = 7.41013E+00 MeV  : (n,a1)
  34    MT =    802  Q = -8.06097E+00 MeV  Emin = 8.50000E+00 MeV  : (n,a2)
  35    MT =    803  Q = -9.07097E+00 MeV  Emin = 9.50000E+00 MeV  : (n,a3)
  36    MT =    804  Q = -1.02510E+01 MeV  Emin = 1.05000E+01 MeV  : (n,a4)
  37    MT =    849  Q = -1.02510E+01 MeV  Emin = 1.20000E+01 MeV  : (n,alpha) to continuum
  38    MT =      4  Q =  0.00000E+00 MeV  Emin = 1.37555E+00 MeV  : total inelastic scattering

 1 decay reaction:

   1  RTYP = 11    Q =  9.88350E-01 MeV  frac = 1.00000E+00  : beta- + beta-

 Nuclide   41 / 130 : 20048.03c -- calcium 48 (Ca-48)

 Pointers                     : 485198 15903
 Primary type                 : Transport
 Nuclide ZAI                  : 200480
 Library ID                   : 03c
 Cross section data file      : /home/leonardo.zortea/mcnp/xs/acedata/20048ENDF7.ace
 Atomic weight (AW)           : 47.95254
 Atomic weight ratio (AWR)    : 47.54060
 Temperature                  : 300.0 Kelvin
 XS temperature               : 300.0 Kelvin
 Minimum and maximum energy   : 1.00000E-11 2.00000E+02
 Half-life                    : 7.26E+26 seconds (2.3E+19 years)
 Specific ingestion toxicity  : 2.10E-08 Sv/Bq
 Specific inhalation toxicity : 1.10E-07 Sv/Bq

 - Nuclide is not involved in burnup calculation
 - Nuclide has neutron transport data
 - Nuclide has no photon transport data
 - Nuclide has no S(a,b) data
 - Nuclide has no isomeric branching data
 - Nuclide is not fissile
 - Nuclide is not a delayed neutron precursor
 - Nuclide has no delayed neutron data
 - Nuclide has no ures ptable data
 - Nuclide temperature is not adjusted with TMS
 - Nuclide has no dosimetry data
 - Nuclide has decay data
 - Nuclide has no supplementary transmutation cross section data
 - Nuclide has no NFY data
 - Nuclide has no SFY data

 - 32 reaction channels
 - 31 special reactions
 - No transmutation reactions
 - No transmutation branch reactions
 - 2 decay reactions
 - No decay branch reactions
 - No transmutation paths
 - All reaction paths linked to target

 32 reactions channel:

   1    MT =      2  Q =  0.00000E+00 MeV  Emin = 1.00000E-11 MeV  frac = 1.00000E+00  : elastic scattering
   2    MT =      5  Q =  0.00000E+00 MeV  Emin = 5.00000E-01 MeV  frac = 1.00000E+00  : anything
   3    MT =     16  Q = -9.94637E+00 MeV  Emin = 1.01556E+01 MeV  frac = 1.00000E+00  : (n,2n)
   4    MT =     17  Q = -1.72225E+01 MeV  Emin = 1.75848E+01 MeV  frac = 1.00000E+00  : (n,3n)
   5    MT =     22  Q = -1.43776E+01 MeV  Emin = 1.50000E+01 MeV  frac = 1.00000E+00  : (n,nalpha)
   6    MT =     28  Q = -1.58068E+01 MeV  Emin = 1.61393E+01 MeV  frac = 1.00000E+00  : (n,np)
   7    MT =     51  Q = -3.83172E+00 MeV  Emin = 3.91232E+00 MeV  frac = 1.00000E+00  : inelastic scatt. to 1. excited state
   8    MT =     52  Q = -4.28333E+00 MeV  Emin = 4.37343E+00 MeV  frac = 1.00000E+00  : inelastic scatt. to 2. excited state
   9    MT =     53  Q = -4.50334E+00 MeV  Emin = 4.59807E+00 MeV  frac = 1.00000E+00  : inelastic scatt. to 3. excited state
  10    MT =     54  Q = -4.50696E+00 MeV  Emin = 4.60176E+00 MeV  frac = 1.00000E+00  : inelastic scatt. to 4. excited state
  11    MT =     55  Q = -4.61200E+00 MeV  Emin = 4.70901E+00 MeV  frac = 1.00000E+00  : inelastic scatt. to 5. excited state
  12    MT =     56  Q = -5.14560E+00 MeV  Emin = 5.25384E+00 MeV  frac = 1.00000E+00  : inelastic scatt. to 6. excited state
  13    MT =     57  Q = -5.26060E+00 MeV  Emin = 5.37126E+00 MeV  frac = 1.00000E+00  : inelastic scatt. to 7. excited state
  14    MT =     58  Q = -5.31143E+00 MeV  Emin = 5.42316E+00 MeV  frac = 1.00000E+00  : inelastic scatt. to 8. excited state
  15    MT =     59  Q = -5.31400E+00 MeV  Emin = 5.42578E+00 MeV  frac = 1.00000E+00  : inelastic scatt. to 9. excited state
  16    MT =     60  Q = -5.36984E+00 MeV  Emin = 5.48279E+00 MeV  frac = 1.00000E+00  : inelastic scatt. to 10. excited state
  17    MT =     61  Q = -5.46100E+00 MeV  Emin = 5.57587E+00 MeV  frac = 1.00000E+00  : inelastic scatt. to 11. excited state
  18    MT =     62  Q = -5.72933E+00 MeV  Emin = 5.84985E+00 MeV  frac = 1.00000E+00  : inelastic scatt. to 12. excited state
  19    MT =     63  Q = -6.10483E+00 MeV  Emin = 6.23324E+00 MeV  frac = 1.00000E+00  : inelastic scatt. to 13. excited state
  20    MT =     64  Q = -6.33680E+00 MeV  Emin = 6.47009E+00 MeV  frac = 1.00000E+00  : inelastic scatt. to 14. excited state
  21    MT =     65  Q = -6.34501E+00 MeV  Emin = 6.47848E+00 MeV  frac = 1.00000E+00  : inelastic scatt. to 15. excited state
  22    MT =     66  Q = -6.48000E+00 MeV  Emin = 6.61631E+00 MeV  frac = 1.00000E+00  : inelastic scatt. to 16. excited state
  23    MT =     67  Q = -6.61420E+00 MeV  Emin = 6.75333E+00 MeV  frac = 1.00000E+00  : inelastic scatt. to 17. excited state
  24    MT =     68  Q = -6.64899E+00 MeV  Emin = 6.78885E+00 MeV  frac = 1.00000E+00  : inelastic scatt. to 18. excited state
  25    MT =     69  Q = -6.68580E+00 MeV  Emin = 6.82643E+00 MeV  frac = 1.00000E+00  : inelastic scatt. to 19. excited state
  26    MT =     70  Q = -6.79150E+00 MeV  Emin = 6.93436E+00 MeV  frac = 1.00000E+00  : inelastic scatt. to 20. excited state
  27    MT =     91  Q = -6.79150E+00 MeV  Emin = 6.93436E+00 MeV  frac = 1.00000E+00  : inelastic scattering to continuum
  28    MT =    102  Q =  5.14663E+00 MeV  Emin = 1.00000E-11 MeV  frac = 1.00000E+00  : (n,gamma)
  29    MT =    103  Q = -1.13079E+01 MeV  Emin = 1.15458E+01 MeV  frac = 1.00000E+00  : (n,p)
  30    MT =    104  Q = -1.35823E+01 MeV  Emin = 1.40000E+01 MeV  frac = 1.00000E+00  : (n,d)
  31    MT =    105  Q = -1.56743E+01 MeV  Emin = 1.60040E+01 MeV  frac = 1.00000E+00  : (n,t)
  32    MT =    107  Q = -8.84900E+00 MeV  Emin = 9.50000E+00 MeV  frac = 1.00000E+00  : (n,alpha)

 31 special reactions:

   1    MT =    203  Q =  0.00000E+00 MeV  Emin = 1.15458E+01 MeV  : total proton production
   2    MT =    204  Q =  0.00000E+00 MeV  Emin = 1.38680E+01 MeV  : total deuteron production
   3    MT =    205  Q =  0.00000E+00 MeV  Emin = 1.60040E+01 MeV  : total triton production
   4    MT =    206  Q =  0.00000E+00 MeV  Emin = 2.20000E+01 MeV  : total He-3 production
   5    MT =    207  Q =  0.00000E+00 MeV  Emin = 9.50000E+00 MeV  : total alpha production
   6    MT =    600  Q = -1.13079E+01 MeV  Emin = 1.15458E+01 MeV  : (n,p) to ground state
   7    MT =    601  Q = -1.16579E+01 MeV  Emin = 1.20000E+01 MeV  : (n,p1)
   8    MT =    602  Q = -1.18879E+01 MeV  Emin = 1.21380E+01 MeV  : (n,p2)
   9    MT =    603  Q = -1.21079E+01 MeV  Emin = 1.23626E+01 MeV  : (n,p3)
  10    MT =    604  Q = -1.34079E+01 MeV  Emin = 1.36899E+01 MeV  : (n,p4)
  11    MT =    649  Q = -1.34079E+01 MeV  Emin = 1.40000E+01 MeV  : (n,p) to continuum
  12    MT =    650  Q = -1.35823E+01 MeV  Emin = 1.40000E+01 MeV  : (n,d) to ground state
  13    MT =    651  Q = -1.39413E+01 MeV  Emin = 1.42346E+01 MeV  : (n,d1)
  14    MT =    652  Q = -1.56023E+01 MeV  Emin = 1.59305E+01 MeV  : (n,d2)
  15    MT =    653  Q = -1.69323E+01 MeV  Emin = 1.72885E+01 MeV  : (n,d3)
  16    MT =    654  Q = -1.70143E+01 MeV  Emin = 1.73722E+01 MeV  : (n,d4)
  17    MT =    655  Q = -1.73023E+01 MeV  Emin = 1.76663E+01 MeV  : (n,d5)
  18    MT =    699  Q = -1.73023E+01 MeV  Emin = 1.80000E+01 MeV  : (n,d) to continuum
  19    MT =    700  Q = -1.56743E+01 MeV  Emin = 1.60040E+01 MeV  : (n,t) to ground state
  20    MT =    701  Q = -1.62617E+01 MeV  Emin = 1.66038E+01 MeV  : (n,t1)
  21    MT =    702  Q = -1.63652E+01 MeV  Emin = 1.70000E+01 MeV  : (n,t2)
  22    MT =    703  Q = -1.65598E+01 MeV  Emin = 1.70000E+01 MeV  : (n,t3)
  23    MT =    704  Q = -1.70442E+01 MeV  Emin = 1.74027E+01 MeV  : (n,t4)
  24    MT =    705  Q = -1.74127E+01 MeV  Emin = 1.80000E+01 MeV  : (n,t5)
  25    MT =    749  Q = -1.74127E+01 MeV  Emin = 1.80000E+01 MeV  : (n,t) to continuum
  26    MT =    800  Q = -8.84900E+00 MeV  Emin = 9.50000E+00 MeV  : (n,alpha) to ground state
  27    MT =    801  Q = -1.05090E+01 MeV  Emin = 1.07301E+01 MeV  : (n,a1)
  28    MT =    802  Q = -1.12690E+01 MeV  Emin = 1.20000E+01 MeV  : (n,a2)
  29    MT =    803  Q = -1.20990E+01 MeV  Emin = 1.25000E+01 MeV  : (n,a3)
  30    MT =    849  Q = -1.20990E+01 MeV  Emin = 1.40000E+01 MeV  : (n,alpha) to continuum
  31    MT =      4  Q =  0.00000E+00 MeV  Emin = 3.91232E+00 MeV  : total inelastic scattering

 2 decay reactions:

   1  RTYP = 11    Q =  4.27360E+00 MeV  frac = 8.40000E-01  : beta- + beta-
   2  RTYP = 1     Q =  2.81972E-01 MeV  frac = 1.60000E-01  : beta-

 Nuclide   42 / 130 : 22046.03c -- titanium 46 (Ti-46)

 Pointers                     : 561072 16731
 Primary type                 : Transport
 Nuclide ZAI                  : 220460
 Library ID                   : 03c
 Cross section data file      : /home/leonardo.zortea/mcnp/xs/acedata/22046ENDF7.ace
 Atomic weight (AW)           : 45.95266
 Atomic weight ratio (AWR)    : 45.55790
 Temperature                  : 300.0 Kelvin
 XS temperature               : 300.0 Kelvin
 Minimum and maximum energy   : 1.00000E-11 2.00000E+01
 Half-life                    : stable
 Specific ingestion toxicity  : N/A
 Specific inhalation toxicity : N/A

 - Nuclide is not involved in burnup calculation
 - Nuclide has neutron transport data
 - Nuclide has no photon transport data
 - Nuclide has no S(a,b) data
 - Nuclide has no isomeric branching data
 - Nuclide is not fissile
 - Nuclide is not a delayed neutron precursor
 - Nuclide has no delayed neutron data
 - Nuclide has no ures ptable data
 - Nuclide temperature is not adjusted with TMS
 - Nuclide has no dosimetry data
 - Nuclide has decay data
 - Nuclide has no supplementary transmutation cross section data
 - Nuclide has no NFY data
 - Nuclide has no SFY data

 - 21 reaction channels
 - 6 special reactions
 - No transmutation reactions
 - No transmutation branch reactions
 - No decay reactions
 - No decay branch reactions
 - No transmutation paths

 21 reactions channel:

   1    MT =      2  Q =  0.00000E+00 MeV  Emin = 1.00000E-11 MeV  frac = 1.00000E+00  : elastic scattering
   2    MT =     16  Q = -1.31968E+01 MeV  Emin = 1.34865E+01 MeV  frac = 1.00000E+00  : (n,2n)
   3    MT =     22  Q = -8.01263E+00 MeV  Emin = 9.00000E+00 MeV  frac = 1.00000E+00  : (n,nalpha)
   4    MT =     28  Q = -1.03519E+01 MeV  Emin = 1.05791E+01 MeV  frac = 1.00000E+00  : (n,np)
   5    MT =     51  Q = -8.89300E-01 MeV  Emin = 9.08820E-01 MeV  frac = 1.00000E+00  : inelastic scatt. to 1. excited state
   6    MT =     52  Q = -2.00980E+00 MeV  Emin = 2.05392E+00 MeV  frac = 1.00000E+00  : inelastic scatt. to 2. excited state
   7    MT =     53  Q = -2.61120E+00 MeV  Emin = 2.66852E+00 MeV  frac = 1.00000E+00  : inelastic scatt. to 3. excited state
   8    MT =     54  Q = -2.96200E+00 MeV  Emin = 3.02702E+00 MeV  frac = 1.00000E+00  : inelastic scatt. to 4. excited state
   9    MT =     55  Q = -3.05850E+00 MeV  Emin = 3.12563E+00 MeV  frac = 1.00000E+00  : inelastic scatt. to 5. excited state
  10    MT =     56  Q = -3.16820E+00 MeV  Emin = 3.23774E+00 MeV  frac = 1.00000E+00  : inelastic scatt. to 6. excited state
  11    MT =     57  Q = -3.21330E+00 MeV  Emin = 3.28383E+00 MeV  frac = 1.00000E+00  : inelastic scatt. to 7. excited state
  12    MT =     58  Q = -3.23580E+00 MeV  Emin = 3.30683E+00 MeV  frac = 1.00000E+00  : inelastic scatt. to 8. excited state
  13    MT =     59  Q = -3.29900E+00 MeV  Emin = 3.37141E+00 MeV  frac = 1.00000E+00  : inelastic scatt. to 9. excited state
  14    MT =     91  Q = -3.29900E+00 MeV  Emin = 3.37141E+00 MeV  frac = 1.00000E+00  : inelastic scattering to continuum
  15    MT =    102  Q =  8.87740E+00 MeV  Emin = 1.00000E-11 MeV  frac = 1.00000E+00  : (n,gamma)
  16    MT =    103  Q = -1.58493E+00 MeV  Emin = 1.61972E+00 MeV  frac = 1.00000E+00  : (n,p)
  17    MT =    104  Q = -8.12731E+00 MeV  Emin = 1.00000E+01 MeV  frac = 1.00000E+00  : (n,d)
  18    MT =    105  Q = -1.31905E+01 MeV  Emin = 1.40000E+01 MeV  frac = 1.00000E+00  : (n,t)
  19    MT =    106  Q = -9.52221E+00 MeV  Emin = 1.30000E+01 MeV  frac = 1.00000E+00  : (n,He-3)
  20    MT =    107  Q = -8.00498E-02 MeV  Emin = 4.50000E+00 MeV  frac = 1.00000E+00  : (n,alpha)
  21    MT =    111  Q = -9.81870E+00 MeV  Emin = 1.00342E+01 MeV  frac = 1.00000E+00  : (n,2p)

 6 special reactions:

   1    MT =    203  Q =  0.00000E+00 MeV  Emin = 1.61972E+00 MeV  : total proton production
   2    MT =    204  Q =  0.00000E+00 MeV  Emin = 1.00000E+01 MeV  : total deuteron production
   3    MT =    205  Q =  0.00000E+00 MeV  Emin = 1.40000E+01 MeV  : total triton production
   4    MT =    206  Q =  0.00000E+00 MeV  Emin = 1.25000E+01 MeV  : total He-3 production
   5    MT =    207  Q =  0.00000E+00 MeV  Emin = 4.00000E+00 MeV  : total alpha production
   6    MT =      4  Q =  0.00000E+00 MeV  Emin = 9.08820E-01 MeV  : total inelastic scattering

 Nuclide   43 / 130 : 22047.03c -- titanium 47 (Ti-47)

 Pointers                     : 563121 17007
 Primary type                 : Transport
 Nuclide ZAI                  : 220470
 Library ID                   : 03c
 Cross section data file      : /home/leonardo.zortea/mcnp/xs/acedata/22047ENDF7.ace
 Atomic weight (AW)           : 46.95174
 Atomic weight ratio (AWR)    : 46.54840
 Temperature                  : 300.0 Kelvin
 XS temperature               : 300.0 Kelvin
 Minimum and maximum energy   : 1.00000E-11 2.00000E+01
 Half-life                    : stable
 Specific ingestion toxicity  : N/A
 Specific inhalation toxicity : N/A

 - Nuclide is not involved in burnup calculation
 - Nuclide has neutron transport data
 - Nuclide has no photon transport data
 - Nuclide has no S(a,b) data
 - Nuclide has no isomeric branching data
 - Nuclide is not fissile
 - Nuclide is not a delayed neutron precursor
 - Nuclide has no delayed neutron data
 - Nuclide has no ures ptable data
 - Nuclide temperature is not adjusted with TMS
 - Nuclide has no dosimetry data
 - Nuclide has decay data
 - Nuclide has no supplementary transmutation cross section data
 - Nuclide has no NFY data
 - Nuclide has no SFY data

 - 28 reaction channels
 - 6 special reactions
 - No transmutation reactions
 - No transmutation branch reactions
 - No decay reactions
 - No decay branch reactions
 - No transmutation paths

 28 reactions channel:

   1    MT =      2  Q =  0.00000E+00 MeV  Emin = 1.00000E-11 MeV  frac = 1.00000E+00  : elastic scattering
   2    MT =     16  Q = -8.87508E+00 MeV  Emin = 9.06575E+00 MeV  frac = 1.00000E+00  : (n,2n)
   3    MT =     22  Q = -8.95513E+00 MeV  Emin = 1.00000E+01 MeV  frac = 1.00000E+00  : (n,nalpha)
   4    MT =     28  Q = -1.04600E+01 MeV  Emin = 1.15000E+01 MeV  frac = 1.00000E+00  : (n,np)
   5    MT =     51  Q = -1.59400E-01 MeV  Emin = 1.62825E-01 MeV  frac = 1.00000E+00  : inelastic scatt. to 1. excited state
   6    MT =     52  Q = -1.25210E+00 MeV  Emin = 1.27900E+00 MeV  frac = 1.00000E+00  : inelastic scatt. to 2. excited state
   7    MT =     53  Q = -1.25400E+00 MeV  Emin = 1.28094E+00 MeV  frac = 1.00000E+00  : inelastic scatt. to 3. excited state
   8    MT =     54  Q = -1.44420E+00 MeV  Emin = 1.47523E+00 MeV  frac = 1.00000E+00  : inelastic scatt. to 4. excited state
   9    MT =     55  Q = -1.54990E+00 MeV  Emin = 1.58320E+00 MeV  frac = 1.00000E+00  : inelastic scatt. to 5. excited state
  10    MT =     56  Q = -1.67000E+00 MeV  Emin = 1.70588E+00 MeV  frac = 1.00000E+00  : inelastic scatt. to 6. excited state
  11    MT =     57  Q = -1.79410E+00 MeV  Emin = 1.83264E+00 MeV  frac = 1.00000E+00  : inelastic scatt. to 7. excited state
  12    MT =     58  Q = -1.82500E+00 MeV  Emin = 1.86421E+00 MeV  frac = 1.00000E+00  : inelastic scatt. to 8. excited state
  13    MT =     59  Q = -2.16300E+00 MeV  Emin = 2.20947E+00 MeV  frac = 1.00000E+00  : inelastic scatt. to 9. excited state
  14    MT =     60  Q = -2.16670E+00 MeV  Emin = 2.21325E+00 MeV  frac = 1.00000E+00  : inelastic scatt. to 10. excited state
  15    MT =     61  Q = -2.25950E+00 MeV  Emin = 2.30804E+00 MeV  frac = 1.00000E+00  : inelastic scatt. to 11. excited state
  16    MT =     62  Q = -2.29710E+00 MeV  Emin = 2.34645E+00 MeV  frac = 1.00000E+00  : inelastic scatt. to 12. excited state
  17    MT =     63  Q = -2.34400E+00 MeV  Emin = 2.39436E+00 MeV  frac = 1.00000E+00  : inelastic scatt. to 13. excited state
  18    MT =     64  Q = -2.36490E+00 MeV  Emin = 2.41571E+00 MeV  frac = 1.00000E+00  : inelastic scatt. to 14. excited state
  19    MT =     65  Q = -2.40620E+00 MeV  Emin = 2.45789E+00 MeV  frac = 1.00000E+00  : inelastic scatt. to 15. excited state
  20    MT =     66  Q = -2.41630E+00 MeV  Emin = 2.46821E+00 MeV  frac = 1.00000E+00  : inelastic scatt. to 16. excited state
  21    MT =     91  Q = -2.41600E+00 MeV  Emin = 2.46790E+00 MeV  frac = 1.00000E+00  : inelastic scattering to continuum
  22    MT =    102  Q =  1.16274E+01 MeV  Emin = 1.00000E-11 MeV  frac = 1.00000E+00  : (n,gamma)
  23    MT =    103  Q =  1.82300E-01 MeV  Emin = 6.60000E-01 MeV  frac = 1.00000E+00  : (n,p)
  24    MT =    104  Q = -8.23543E+00 MeV  Emin = 9.00000E+00 MeV  frac = 1.00000E+00  : (n,d)
  25    MT =    105  Q = -1.07448E+01 MeV  Emin = 1.20000E+01 MeV  frac = 1.00000E+00  : (n,t)
  26    MT =    106  Q = -1.09829E+01 MeV  Emin = 1.20000E+01 MeV  frac = 1.00000E+00  : (n,He-3)
  27    MT =    107  Q =  2.18115E+00 MeV  Emin = 1.00000E+00 MeV  frac = 1.00000E+00  : (n,alpha)
  28    MT =    111  Q = -8.29970E+00 MeV  Emin = 9.00000E+00 MeV  frac = 1.00000E+00  : (n,2p)

 6 special reactions:

   1    MT =    203  Q =  0.00000E+00 MeV  Emin = 6.60000E-01 MeV  : total proton production
   2    MT =    204  Q =  0.00000E+00 MeV  Emin = 9.00000E+00 MeV  : total deuteron production
   3    MT =    205  Q =  0.00000E+00 MeV  Emin = 1.20000E+01 MeV  : total triton production
   4    MT =    206  Q =  0.00000E+00 MeV  Emin = 1.20000E+01 MeV  : total He-3 production
   5    MT =    207  Q =  0.00000E+00 MeV  Emin = 9.60000E-01 MeV  : total alpha production
   6    MT =      4  Q =  0.00000E+00 MeV  Emin = 1.62825E-01 MeV  : total inelastic scattering

 Nuclide   44 / 130 : 22048.03c -- titanium 48 (Ti-48)

 Pointers                     : 565674 17283
 Primary type                 : Transport
 Nuclide ZAI                  : 220480
 Library ID                   : 03c
 Cross section data file      : /home/leonardo.zortea/mcnp/xs/acedata/22048ENDF7.ace
 Atomic weight (AW)           : 47.96807
 Atomic weight ratio (AWR)    : 47.55600
 Temperature                  : 300.0 Kelvin
 XS temperature               : 300.0 Kelvin
 Minimum and maximum energy   : 1.00000E-11 2.00000E+01
 Half-life                    : stable
 Specific ingestion toxicity  : N/A
 Specific inhalation toxicity : N/A

 - Nuclide is not involved in burnup calculation
 - Nuclide has neutron transport data
 - Nuclide has no photon transport data
 - Nuclide has no S(a,b) data
 - Nuclide has no isomeric branching data
 - Nuclide is not fissile
 - Nuclide is not a delayed neutron precursor
 - Nuclide has no delayed neutron data
 - Nuclide has no ures ptable data
 - Nuclide temperature is not adjusted with TMS
 - Nuclide has no dosimetry data
 - Nuclide has decay data
 - Nuclide has no supplementary transmutation cross section data
 - Nuclide has no NFY data
 - Nuclide has no SFY data

 - 29 reaction channels
 - 6 special reactions
 - No transmutation reactions
 - No transmutation branch reactions
 - No decay reactions
 - No decay branch reactions
 - No transmutation paths

 29 reactions channel:

   1    MT =      2  Q =  0.00000E+00 MeV  Emin = 1.00000E-11 MeV  frac = 1.00000E+00  : elastic scattering
   2    MT =     16  Q = -1.16281E+01 MeV  Emin = 1.18726E+01 MeV  frac = 1.00000E+00  : (n,2n)
   3    MT =     22  Q = -9.44693E+00 MeV  Emin = 1.10000E+01 MeV  frac = 1.00000E+00  : (n,nalpha)
   4    MT =     28  Q = -1.14450E+01 MeV  Emin = 1.16866E+01 MeV  frac = 1.00000E+00  : (n,np)
   5    MT =     51  Q = -9.83500E-01 MeV  Emin = 1.00419E+00 MeV  frac = 1.00000E+00  : inelastic scatt. to 1. excited state
   6    MT =     52  Q = -2.29560E+00 MeV  Emin = 2.34389E+00 MeV  frac = 1.00000E+00  : inelastic scatt. to 2. excited state
   7    MT =     53  Q = -2.42100E+00 MeV  Emin = 2.47191E+00 MeV  frac = 1.00000E+00  : inelastic scatt. to 3. excited state
   8    MT =     54  Q = -2.99730E+00 MeV  Emin = 3.06035E+00 MeV  frac = 1.00000E+00  : inelastic scatt. to 4. excited state
   9    MT =     55  Q = -3.22400E+00 MeV  Emin = 3.29182E+00 MeV  frac = 1.00000E+00  : inelastic scatt. to 5. excited state
  10    MT =     56  Q = -3.23980E+00 MeV  Emin = 3.30795E+00 MeV  frac = 1.00000E+00  : inelastic scatt. to 6. excited state
  11    MT =     57  Q = -3.33320E+00 MeV  Emin = 3.40332E+00 MeV  frac = 1.00000E+00  : inelastic scatt. to 7. excited state
  12    MT =     58  Q = -3.35880E+00 MeV  Emin = 3.42946E+00 MeV  frac = 1.00000E+00  : inelastic scatt. to 8. excited state
  13    MT =     59  Q = -3.37090E+00 MeV  Emin = 3.44181E+00 MeV  frac = 1.00000E+00  : inelastic scatt. to 9. excited state
  14    MT =     60  Q = -3.50850E+00 MeV  Emin = 3.58231E+00 MeV  frac = 1.00000E+00  : inelastic scatt. to 10. excited state
  15    MT =     61  Q = -3.61680E+00 MeV  Emin = 3.69289E+00 MeV  frac = 1.00000E+00  : inelastic scatt. to 11. excited state
  16    MT =     62  Q = -3.63360E+00 MeV  Emin = 3.71004E+00 MeV  frac = 1.00000E+00  : inelastic scatt. to 12. excited state
  17    MT =     63  Q = -3.69940E+00 MeV  Emin = 3.77722E+00 MeV  frac = 1.00000E+00  : inelastic scatt. to 13. excited state
  18    MT =     64  Q = -3.71100E+00 MeV  Emin = 3.78907E+00 MeV  frac = 1.00000E+00  : inelastic scatt. to 14. excited state
  19    MT =     65  Q = -3.73860E+00 MeV  Emin = 3.81725E+00 MeV  frac = 1.00000E+00  : inelastic scatt. to 15. excited state
  20    MT =     66  Q = -3.78250E+00 MeV  Emin = 3.86207E+00 MeV  frac = 1.00000E+00  : inelastic scatt. to 16. excited state
  21    MT =     67  Q = -3.80280E+00 MeV  Emin = 3.88280E+00 MeV  frac = 1.00000E+00  : inelastic scatt. to 17. excited state
  22    MT =     68  Q = -3.85220E+00 MeV  Emin = 3.93320E+00 MeV  frac = 1.00000E+00  : inelastic scatt. to 18. excited state
  23    MT =     91  Q = -3.85200E+00 MeV  Emin = 3.93303E+00 MeV  frac = 1.00000E+00  : inelastic scattering to continuum
  24    MT =    102  Q =  8.14240E+00 MeV  Emin = 1.00000E-11 MeV  frac = 1.00000E+00  : (n,gamma)
  25    MT =    103  Q = -3.20810E+00 MeV  Emin = 4.65000E+00 MeV  frac = 1.00000E+00  : (n,p)
  26    MT =    104  Q = -9.22131E+00 MeV  Emin = 9.41530E+00 MeV  frac = 1.00000E+00  : (n,d)
  27    MT =    105  Q = -1.36059E+01 MeV  Emin = 1.40000E+01 MeV  frac = 1.00000E+00  : (n,t)
  28    MT =    106  Q = -1.22076E+01 MeV  Emin = 1.30000E+01 MeV  frac = 1.00000E+00  : (n,He-3)
  29    MT =    107  Q = -2.03140E+00 MeV  Emin = 8.50000E+00 MeV  frac = 1.00000E+00  : (n,alpha)

 6 special reactions:

   1    MT =    203  Q =  0.00000E+00 MeV  Emin = 4.65000E+00 MeV  : total proton production
   2    MT =    204  Q =  0.00000E+00 MeV  Emin = 9.41530E+00 MeV  : total deuteron production
   3    MT =    205  Q =  0.00000E+00 MeV  Emin = 1.40000E+01 MeV  : total triton production
   4    MT =    206  Q =  0.00000E+00 MeV  Emin = 1.30000E+01 MeV  : total He-3 production
   5    MT =    207  Q =  0.00000E+00 MeV  Emin = 8.50000E+00 MeV  : total alpha production
   6    MT =      4  Q =  0.00000E+00 MeV  Emin = 1.00419E+00 MeV  : total inelastic scattering

 Nuclide   45 / 130 : 22049.03c -- titanium 49 (Ti-49)

 Pointers                     : 568299 17559
 Primary type                 : Transport
 Nuclide ZAI                  : 220490
 Library ID                   : 03c
 Cross section data file      : /home/leonardo.zortea/mcnp/xs/acedata/22049ENDF7.ace
 Atomic weight (AW)           : 48.94789
 Atomic weight ratio (AWR)    : 48.52740
 Temperature                  : 300.0 Kelvin
 XS temperature               : 300.0 Kelvin
 Minimum and maximum energy   : 1.00000E-11 2.00000E+01
 Half-life                    : stable
 Specific ingestion toxicity  : N/A
 Specific inhalation toxicity : N/A

 - Nuclide is not involved in burnup calculation
 - Nuclide has neutron transport data
 - Nuclide has no photon transport data
 - Nuclide has no S(a,b) data
 - Nuclide has no isomeric branching data
 - Nuclide is not fissile
 - Nuclide is not a delayed neutron precursor
 - Nuclide has no delayed neutron data
 - Nuclide has no ures ptable data
 - Nuclide temperature is not adjusted with TMS
 - Nuclide has no dosimetry data
 - Nuclide has decay data
 - Nuclide has no supplementary transmutation cross section data
 - Nuclide has no NFY data
 - Nuclide has no SFY data

 - 27 reaction channels
 - 6 special reactions
 - No transmutation reactions
 - No transmutation branch reactions
 - No decay reactions
 - No decay branch reactions
 - No transmutation paths

 27 reactions channel:

   1    MT =      2  Q =  0.00000E+00 MeV  Emin = 1.00000E-11 MeV  frac = 1.00000E+00  : elastic scattering
   2    MT =     16  Q = -8.14338E+00 MeV  Emin = 8.31120E+00 MeV  frac = 1.00000E+00  : (n,2n)
   3    MT =     22  Q = -1.01759E+01 MeV  Emin = 1.10000E+01 MeV  frac = 1.00000E+00  : (n,nalpha)
   4    MT =     28  Q = -1.13515E+01 MeV  Emin = 1.15854E+01 MeV  frac = 1.00000E+00  : (n,np)
   5    MT =     51  Q = -1.38180E+00 MeV  Emin = 1.41028E+00 MeV  frac = 1.00000E+00  : inelastic scatt. to 1. excited state
   6    MT =     52  Q = -1.54210E+00 MeV  Emin = 1.57388E+00 MeV  frac = 1.00000E+00  : inelastic scatt. to 2. excited state
   7    MT =     53  Q = -1.58600E+00 MeV  Emin = 1.61868E+00 MeV  frac = 1.00000E+00  : inelastic scatt. to 3. excited state
   8    MT =     54  Q = -1.62290E+00 MeV  Emin = 1.65634E+00 MeV  frac = 1.00000E+00  : inelastic scatt. to 4. excited state
   9    MT =     55  Q = -1.72350E+00 MeV  Emin = 1.75902E+00 MeV  frac = 1.00000E+00  : inelastic scatt. to 5. excited state
  10    MT =     56  Q = -1.76200E+00 MeV  Emin = 1.79831E+00 MeV  frac = 1.00000E+00  : inelastic scatt. to 6. excited state
  11    MT =     57  Q = -2.26130E+00 MeV  Emin = 2.30790E+00 MeV  frac = 1.00000E+00  : inelastic scatt. to 7. excited state
  12    MT =     58  Q = -2.47140E+00 MeV  Emin = 2.52233E+00 MeV  frac = 1.00000E+00  : inelastic scatt. to 8. excited state
  13    MT =     59  Q = -2.50440E+00 MeV  Emin = 2.55601E+00 MeV  frac = 1.00000E+00  : inelastic scatt. to 9. excited state
  14    MT =     60  Q = -2.50580E+00 MeV  Emin = 2.55744E+00 MeV  frac = 1.00000E+00  : inelastic scatt. to 10. excited state
  15    MT =     61  Q = -2.51350E+00 MeV  Emin = 2.56530E+00 MeV  frac = 1.00000E+00  : inelastic scatt. to 11. excited state
  16    MT =     62  Q = -2.51740E+00 MeV  Emin = 2.56928E+00 MeV  frac = 1.00000E+00  : inelastic scatt. to 12. excited state
  17    MT =     63  Q = -2.66430E+00 MeV  Emin = 2.71920E+00 MeV  frac = 1.00000E+00  : inelastic scatt. to 13. excited state
  18    MT =     64  Q = -2.72010E+00 MeV  Emin = 2.77615E+00 MeV  frac = 1.00000E+00  : inelastic scatt. to 14. excited state
  19    MT =     65  Q = -2.72130E+00 MeV  Emin = 2.77738E+00 MeV  frac = 1.00000E+00  : inelastic scatt. to 15. excited state
  20    MT =     91  Q = -2.72100E+00 MeV  Emin = 2.77707E+00 MeV  frac = 1.00000E+00  : inelastic scattering to continuum
  21    MT =    102  Q =  1.09394E+01 MeV  Emin = 1.00000E-11 MeV  frac = 1.00000E+00  : (n,gamma)
  22    MT =    103  Q = -1.22283E+00 MeV  Emin = 1.50000E+00 MeV  frac = 1.00000E+00  : (n,p)
  23    MT =    104  Q = -9.12691E+00 MeV  Emin = 9.31499E+00 MeV  frac = 1.00000E+00  : (n,d)
  24    MT =    105  Q = -1.11071E+01 MeV  Emin = 1.13360E+01 MeV  frac = 1.00000E+00  : (n,t)
  25    MT =    106  Q = -1.30743E+01 MeV  Emin = 1.40000E+01 MeV  frac = 1.00000E+00  : (n,He-3)
  26    MT =    107  Q =  2.27450E-01 MeV  Emin = 4.00000E+00 MeV  frac = 1.00000E+00  : (n,alpha)
  27    MT =    111  Q = -1.08487E+01 MeV  Emin = 1.10723E+01 MeV  frac = 1.00000E+00  : (n,2p)

 6 special reactions:

   1    MT =    203  Q =  0.00000E+00 MeV  Emin = 1.50000E+00 MeV  : total proton production
   2    MT =    204  Q =  0.00000E+00 MeV  Emin = 9.31499E+00 MeV  : total deuteron production
   3    MT =    205  Q =  0.00000E+00 MeV  Emin = 1.13360E+01 MeV  : total triton production
   4    MT =    206  Q =  0.00000E+00 MeV  Emin = 1.40000E+01 MeV  : total He-3 production
   5    MT =    207  Q =  0.00000E+00 MeV  Emin = 4.00000E+00 MeV  : total alpha production
   6    MT =      4  Q =  0.00000E+00 MeV  Emin = 1.41028E+00 MeV  : total inelastic scattering

 Nuclide   46 / 130 : 22050.03c -- titanium 50 (Ti-50)

 Pointers                     : 570780 17835
 Primary type                 : Transport
 Nuclide ZAI                  : 220500
 Library ID                   : 03c
 Cross section data file      : /home/leonardo.zortea/mcnp/xs/acedata/22050ENDF7.ace
 Atomic weight (AW)           : 49.94475
 Atomic weight ratio (AWR)    : 49.51570
 Temperature                  : 300.0 Kelvin
 XS temperature               : 300.0 Kelvin
 Minimum and maximum energy   : 1.00000E-11 2.00000E+01
 Half-life                    : stable
 Specific ingestion toxicity  : N/A
 Specific inhalation toxicity : N/A

 - Nuclide is not involved in burnup calculation
 - Nuclide has neutron transport data
 - Nuclide has no photon transport data
 - Nuclide has no S(a,b) data
 - Nuclide has no isomeric branching data
 - Nuclide is not fissile
 - Nuclide is not a delayed neutron precursor
 - Nuclide has no delayed neutron data
 - Nuclide has no ures ptable data
 - Nuclide temperature is not adjusted with TMS
 - Nuclide has no dosimetry data
 - Nuclide has decay data
 - Nuclide has no supplementary transmutation cross section data
 - Nuclide has no NFY data
 - Nuclide has no SFY data

 - 23 reaction channels
 - 6 special reactions
 - No transmutation reactions
 - No transmutation branch reactions
 - No decay reactions
 - No decay branch reactions
 - No transmutation paths

 23 reactions channel:

   1    MT =      2  Q =  0.00000E+00 MeV  Emin = 1.00000E-11 MeV  frac = 1.00000E+00  : elastic scattering
   2    MT =     16  Q = -1.09480E+01 MeV  Emin = 1.11691E+01 MeV  frac = 1.00000E+00  : (n,2n)
   3    MT =     17  Q = -1.90914E+01 MeV  Emin = 1.94770E+01 MeV  frac = 1.00000E+00  : (n,3n)
   4    MT =     22  Q = -1.07205E+01 MeV  Emin = 1.20000E+01 MeV  frac = 1.00000E+00  : (n,nalpha)
   5    MT =     28  Q = -1.21708E+01 MeV  Emin = 1.24166E+01 MeV  frac = 1.00000E+00  : (n,np)
   6    MT =     51  Q = -1.55380E+00 MeV  Emin = 1.58518E+00 MeV  frac = 1.00000E+00  : inelastic scatt. to 1. excited state
   7    MT =     52  Q = -2.67490E+00 MeV  Emin = 2.72892E+00 MeV  frac = 1.00000E+00  : inelastic scatt. to 2. excited state
   8    MT =     53  Q = -3.19870E+00 MeV  Emin = 3.26330E+00 MeV  frac = 1.00000E+00  : inelastic scatt. to 3. excited state
   9    MT =     54  Q = -3.77099E+00 MeV  Emin = 3.84716E+00 MeV  frac = 1.00000E+00  : inelastic scatt. to 4. excited state
  10    MT =     55  Q = -3.86809E+00 MeV  Emin = 3.94622E+00 MeV  frac = 1.00000E+00  : inelastic scatt. to 5. excited state
  11    MT =     56  Q = -3.97479E+00 MeV  Emin = 4.05507E+00 MeV  frac = 1.00000E+00  : inelastic scatt. to 6. excited state
  12    MT =     57  Q = -4.14729E+00 MeV  Emin = 4.23106E+00 MeV  frac = 1.00000E+00  : inelastic scatt. to 7. excited state
  13    MT =     58  Q = -4.17179E+00 MeV  Emin = 4.25605E+00 MeV  frac = 1.00000E+00  : inelastic scatt. to 8. excited state
  14    MT =     59  Q = -4.17229E+00 MeV  Emin = 4.25656E+00 MeV  frac = 1.00000E+00  : inelastic scatt. to 9. excited state
  15    MT =     60  Q = -4.31099E+00 MeV  Emin = 4.39806E+00 MeV  frac = 1.00000E+00  : inelastic scatt. to 10. excited state
  16    MT =     61  Q = -4.41049E+00 MeV  Emin = 4.49957E+00 MeV  frac = 1.00000E+00  : inelastic scatt. to 11. excited state
  17    MT =     91  Q = -4.41099E+00 MeV  Emin = 4.50008E+00 MeV  frac = 1.00000E+00  : inelastic scattering to continuum
  18    MT =    102  Q =  6.37239E+00 MeV  Emin = 1.00000E-11 MeV  frac = 1.00000E+00  : (n,gamma)
  19    MT =    103  Q = -6.10612E+00 MeV  Emin = 6.22945E+00 MeV  frac = 1.00000E+00  : (n,p)
  20    MT =    104  Q = -9.94621E+00 MeV  Emin = 1.01471E+01 MeV  frac = 1.00000E+00  : (n,d)
  21    MT =    105  Q = -1.38173E+01 MeV  Emin = 1.40964E+01 MeV  frac = 1.00000E+00  : (n,t)
  22    MT =    106  Q = -1.40716E+01 MeV  Emin = 1.50000E+01 MeV  frac = 1.00000E+00  : (n,He-3)
  23    MT =    107  Q = -3.44385E+00 MeV  Emin = 5.00000E+00 MeV  frac = 1.00000E+00  : (n,alpha)

 6 special reactions:

   1    MT =    203  Q =  0.00000E+00 MeV  Emin = 6.22945E+00 MeV  : total proton production
   2    MT =    204  Q =  0.00000E+00 MeV  Emin = 1.01471E+01 MeV  : total deuteron production
   3    MT =    205  Q =  0.00000E+00 MeV  Emin = 1.40964E+01 MeV  : total triton production
   4    MT =    206  Q =  0.00000E+00 MeV  Emin = 1.45000E+01 MeV  : total He-3 production
   5    MT =    207  Q =  0.00000E+00 MeV  Emin = 5.00000E+00 MeV  : total alpha production
   6    MT =      4  Q =  0.00000E+00 MeV  Emin = 1.58518E+00 MeV  : total inelastic scattering

 Nuclide   47 / 130 : 23000.03c -- natural vanadium (V-nat)

 Pointers                     : 436578 18111
 Primary type                 : Transport
 Nuclide ZAI                  : 230000
 Library ID                   : 03c
 Cross section data file      : /home/leonardo.zortea/mcnp/xs/acedata/23000ENDF7.ace
 Atomic weight (AW)           : 50.94162
 Atomic weight ratio (AWR)    : 50.50400
 Temperature                  : 300.0 Kelvin
 XS temperature               : 300.0 Kelvin
 Minimum and maximum energy   : 1.00000E-11 2.00000E+01
 Half-life                    : N/A
 Specific ingestion toxicity  : N/A
 Specific inhalation toxicity : N/A

 - Nuclide is not involved in burnup calculation
 - Nuclide has neutron transport data
 - Nuclide has no photon transport data
 - Nuclide has no S(a,b) data
 - Nuclide has no isomeric branching data
 - Nuclide is not fissile
 - Nuclide is not a delayed neutron precursor
 - Nuclide has no delayed neutron data
 - Nuclide has no ures ptable data
 - Nuclide temperature is not adjusted with TMS
 - Nuclide has no dosimetry data
 - Nuclide has no decay data
 - Nuclide has no supplementary transmutation cross section data
 - Nuclide has no NFY data
 - Nuclide has no SFY data

 - 38 reaction channels
 - 6 special reactions
 - No transmutation reactions
 - No transmutation branch reactions
 - No decay reactions
 - No decay branch reactions
 - No transmutation paths

 38 reactions channel:

   1    MT =      2  Q =  0.00000E+00 MeV  Emin = 1.00000E-11 MeV  frac = 1.00000E+00  : elastic scattering
   2    MT =     16  Q = -1.10510E+01 MeV  Emin = 1.12700E+01 MeV  frac = 1.00000E+00  : (n,2n)
   3    MT =     22  Q = -1.02940E+01 MeV  Emin = 1.04978E+01 MeV  frac = 1.00000E+00  : (n,nalpha)
   4    MT =     28  Q = -8.05700E+00 MeV  Emin = 8.21653E+00 MeV  frac = 1.00000E+00  : (n,np)
   5    MT =     32  Q = -1.67760E+01 MeV  Emin = 1.71082E+01 MeV  frac = 1.00000E+00  : (n,nd)
   6    MT =     51  Q = -3.20000E-01 MeV  Emin = 3.26336E-01 MeV  frac = 1.00000E+00  : inelastic scatt. to 1. excited state
   7    MT =     52  Q = -9.29000E-01 MeV  Emin = 9.47395E-01 MeV  frac = 1.00000E+00  : inelastic scatt. to 2. excited state
   8    MT =     53  Q = -1.60900E+00 MeV  Emin = 1.64100E+00 MeV  frac = 1.00000E+00  : inelastic scatt. to 3. excited state
   9    MT =     54  Q = -1.81300E+00 MeV  Emin = 1.84900E+00 MeV  frac = 1.00000E+00  : inelastic scatt. to 4. excited state
  10    MT =     55  Q = -2.41100E+00 MeV  Emin = 2.45874E+00 MeV  frac = 1.00000E+00  : inelastic scatt. to 5. excited state
  11    MT =     56  Q = -2.54700E+00 MeV  Emin = 2.59743E+00 MeV  frac = 1.00000E+00  : inelastic scatt. to 6. excited state
  12    MT =     57  Q = -2.67700E+00 MeV  Emin = 2.73001E+00 MeV  frac = 1.00000E+00  : inelastic scatt. to 7. excited state
  13    MT =     58  Q = -2.69900E+00 MeV  Emin = 2.75244E+00 MeV  frac = 1.00000E+00  : inelastic scatt. to 8. excited state
  14    MT =     59  Q = -3.08500E+00 MeV  Emin = 3.14608E+00 MeV  frac = 1.00000E+00  : inelastic scatt. to 9. excited state
  15    MT =     60  Q = -3.15000E+00 MeV  Emin = 3.21237E+00 MeV  frac = 1.00000E+00  : inelastic scatt. to 10. excited state
  16    MT =     61  Q = -3.19500E+00 MeV  Emin = 3.25826E+00 MeV  frac = 1.00000E+00  : inelastic scatt. to 11. excited state
  17    MT =     62  Q = -3.21500E+00 MeV  Emin = 3.27866E+00 MeV  frac = 1.00000E+00  : inelastic scatt. to 12. excited state
  18    MT =     63  Q = -3.26400E+00 MeV  Emin = 3.32863E+00 MeV  frac = 1.00000E+00  : inelastic scatt. to 13. excited state
  19    MT =     64  Q = -3.28000E+00 MeV  Emin = 3.34495E+00 MeV  frac = 1.00000E+00  : inelastic scatt. to 14. excited state
  20    MT =     65  Q = -3.37200E+00 MeV  Emin = 3.43877E+00 MeV  frac = 1.00000E+00  : inelastic scatt. to 15. excited state
  21    MT =     66  Q = -3.37700E+00 MeV  Emin = 3.44387E+00 MeV  frac = 1.00000E+00  : inelastic scatt. to 16. excited state
  22    MT =     67  Q = -3.37800E+00 MeV  Emin = 3.44489E+00 MeV  frac = 1.00000E+00  : inelastic scatt. to 17. excited state
  23    MT =     68  Q = -3.38100E+00 MeV  Emin = 3.44795E+00 MeV  frac = 1.00000E+00  : inelastic scatt. to 18. excited state
  24    MT =     69  Q = -3.38300E+00 MeV  Emin = 3.44999E+00 MeV  frac = 1.00000E+00  : inelastic scatt. to 19. excited state
  25    MT =     70  Q = -3.38600E+00 MeV  Emin = 3.45304E+00 MeV  frac = 1.00000E+00  : inelastic scatt. to 20. excited state
  26    MT =     71  Q = -3.39600E+00 MeV  Emin = 3.46324E+00 MeV  frac = 1.00000E+00  : inelastic scatt. to 21. excited state
  27    MT =     72  Q = -3.44400E+00 MeV  Emin = 3.51219E+00 MeV  frac = 1.00000E+00  : inelastic scatt. to 22. excited state
  28    MT =     73  Q = -3.44500E+00 MeV  Emin = 3.51321E+00 MeV  frac = 1.00000E+00  : inelastic scatt. to 23. excited state
  29    MT =     74  Q = -3.45400E+00 MeV  Emin = 3.52239E+00 MeV  frac = 1.00000E+00  : inelastic scatt. to 24. excited state
  30    MT =     91  Q = -3.38400E+00 MeV  Emin = 3.45101E+00 MeV  frac = 1.00000E+00  : inelastic scattering to continuum
  31    MT =    102  Q =  7.31130E+00 MeV  Emin = 1.00000E-11 MeV  frac = 1.00000E+00  : (n,gamma)
  32    MT =    103  Q = -1.68400E+00 MeV  Emin = 1.71734E+00 MeV  frac = 1.00000E+00  : (n,p)
  33    MT =    104  Q = -5.83200E+00 MeV  Emin = 5.94748E+00 MeV  frac = 1.00000E+00  : (n,d)
  34    MT =    105  Q = -1.05190E+01 MeV  Emin = 1.07300E+01 MeV  frac = 1.00000E+00  : (n,t)
  35    MT =    106  Q = -1.25040E+01 MeV  Emin = 1.27516E+01 MeV  frac = 1.00000E+00  : (n,He-3)
  36    MT =    107  Q = -2.05500E+00 MeV  Emin = 2.09569E+00 MeV  frac = 1.00000E+00  : (n,alpha)
  37    MT =    111  Q = -1.41690E+01 MeV  Emin = 1.44500E+01 MeV  frac = 1.00000E+00  : (n,2p)
  38    MT =    112  Q = -1.17255E+01 MeV  Emin = 1.19600E+01 MeV  frac = 1.00000E+00  : (n,palpha)

 6 special reactions:

   1    MT =    203  Q =  0.00000E+00 MeV  Emin = 1.71734E+00 MeV  : total proton production
   2    MT =    204  Q =  0.00000E+00 MeV  Emin = 5.94748E+00 MeV  : total deuteron production
   3    MT =    205  Q =  0.00000E+00 MeV  Emin = 1.07300E+01 MeV  : total triton production
   4    MT =    206  Q =  0.00000E+00 MeV  Emin = 1.27500E+01 MeV  : total He-3 production
   5    MT =    207  Q =  0.00000E+00 MeV  Emin = 2.09569E+00 MeV  : total alpha production
   6    MT =      4  Q =  0.00000E+00 MeV  Emin = 3.26336E-01 MeV  : total inelastic scattering

 Nuclide   48 / 130 : 24050.03c -- chromium 50 (Cr-50)

 Pointers                     : 393107 18939
 Primary type                 : Transport
 Nuclide ZAI                  : 240500
 Library ID                   : 03c
 Cross section data file      : /home/leonardo.zortea/mcnp/xs/acedata/24050ENDF7.ace
 Atomic weight (AW)           : 49.94606
 Atomic weight ratio (AWR)    : 49.51700
 Temperature                  : 300.0 Kelvin
 XS temperature               : 300.0 Kelvin
 Minimum and maximum energy   : 1.00000E-11 1.50000E+02
 Half-life                    : stable
 Specific ingestion toxicity  : 1.30E-09 Sv/Bq
 Specific inhalation toxicity : 1.30E-09 Sv/Bq

 - Nuclide is not involved in burnup calculation
 - Nuclide has neutron transport data
 - Nuclide has no photon transport data
 - Nuclide has no S(a,b) data
 - Nuclide has no isomeric branching data
 - Nuclide is not fissile
 - Nuclide is not a delayed neutron precursor
 - Nuclide has no delayed neutron data
 - Nuclide has no ures ptable data
 - Nuclide temperature is not adjusted with TMS
 - Nuclide has no dosimetry data
 - Nuclide has decay data
 - Nuclide has no supplementary transmutation cross section data
 - Nuclide has no NFY data
 - Nuclide has no SFY data

 - 16 reaction channels
 - 5 special reactions
 - No transmutation reactions
 - No transmutation branch reactions
 - No decay reactions
 - No decay branch reactions
 - No transmutation paths

 16 reactions channel:

   1    MT =      2  Q =  0.00000E+00 MeV  Emin = 1.00000E-11 MeV  frac = 1.00000E+00  : elastic scattering
   2    MT =      5  Q =  0.00000E+00 MeV  Emin = 2.00000E+01 MeV  frac = 1.00000E+00  : anything
   3    MT =     16  Q = -1.30000E+01 MeV  Emin = 1.32630E+01 MeV  frac = 1.00000E+00  : (n,2n)
   4    MT =     22  Q = -8.56000E+00 MeV  Emin = 8.73290E+00 MeV  frac = 1.00000E+00  : (n,nalpha)
   5    MT =     28  Q = -9.59000E+00 MeV  Emin = 9.78370E+00 MeV  frac = 1.00000E+00  : (n,np)
   6    MT =     51  Q = -7.83000E-01 MeV  Emin = 7.98813E-01 MeV  frac = 1.00000E+00  : inelastic scatt. to 1. excited state
   7    MT =     52  Q = -1.88100E+00 MeV  Emin = 1.91900E+00 MeV  frac = 1.00000E+00  : inelastic scatt. to 2. excited state
   8    MT =     53  Q = -2.92500E+00 MeV  Emin = 2.98410E+00 MeV  frac = 1.00000E+00  : inelastic scatt. to 3. excited state
   9    MT =     54  Q = -3.16100E+00 MeV  Emin = 3.22484E+00 MeV  frac = 1.00000E+00  : inelastic scatt. to 4. excited state
  10    MT =     55  Q = -3.16400E+00 MeV  Emin = 3.22790E+00 MeV  frac = 1.00000E+00  : inelastic scatt. to 5. excited state
  11    MT =     56  Q = -3.32500E+00 MeV  Emin = 3.39215E+00 MeV  frac = 1.00000E+00  : inelastic scatt. to 6. excited state
  12    MT =     91  Q = -3.59500E+00 MeV  Emin = 3.66760E+00 MeV  frac = 1.00000E+00  : inelastic scattering to continuum
  13    MT =    102  Q =  9.26170E+00 MeV  Emin = 1.00000E-11 MeV  frac = 1.00000E+00  : (n,gamma)
  14    MT =    103  Q = -2.56300E-01 MeV  Emin = 9.99999E-01 MeV  frac = 1.00000E+00  : (n,p)
  15    MT =    104  Q = -7.36400E+00 MeV  Emin = 7.51272E+00 MeV  frac = 1.00000E+00  : (n,d)
  16    MT =    107  Q =  3.19500E-01 MeV  Emin = 2.25000E+00 MeV  frac = 1.00000E+00  : (n,alpha)

 5 special reactions:

   1    MT =    203  Q =  0.00000E+00 MeV  Emin = 9.99999E-01 MeV  : total proton production
   2    MT =    204  Q =  0.00000E+00 MeV  Emin = 7.51272E+00 MeV  : total deuteron production
   3    MT =    205  Q =  0.00000E+00 MeV  Emin = 2.00000E+01 MeV  : total triton production
   4    MT =    207  Q =  0.00000E+00 MeV  Emin = 2.25000E+00 MeV  : total alpha production
   5    MT =      4  Q =  0.00000E+00 MeV  Emin = 7.98813E-01 MeV  : total inelastic scattering

 Nuclide   49 / 130 : 24052.03c -- chromium 52 (Cr-52)

 Pointers                     : 394724 19215
 Primary type                 : Transport
 Nuclide ZAI                  : 240520
 Library ID                   : 03c
 Cross section data file      : /home/leonardo.zortea/mcnp/xs/acedata/24052ENDF7.ace
 Atomic weight (AW)           : 51.94019
 Atomic weight ratio (AWR)    : 51.49400
 Temperature                  : 300.0 Kelvin
 XS temperature               : 300.0 Kelvin
 Minimum and maximum energy   : 1.00000E-11 1.50000E+02
 Half-life                    : stable
 Specific ingestion toxicity  : N/A
 Specific inhalation toxicity : N/A

 - Nuclide is not involved in burnup calculation
 - Nuclide has neutron transport data
 - Nuclide has no photon transport data
 - Nuclide has no S(a,b) data
 - Nuclide has no isomeric branching data
 - Nuclide is not fissile
 - Nuclide is not a delayed neutron precursor
 - Nuclide has no delayed neutron data
 - Nuclide has no ures ptable data
 - Nuclide temperature is not adjusted with TMS
 - Nuclide has no dosimetry data
 - Nuclide has decay data
 - Nuclide has no supplementary transmutation cross section data
 - Nuclide has no NFY data
 - Nuclide has no SFY data

 - 19 reaction channels
 - 5 special reactions
 - No transmutation reactions
 - No transmutation branch reactions
 - No decay reactions
 - No decay branch reactions
 - No transmutation paths

 19 reactions channel:

   1    MT =      2  Q =  0.00000E+00 MeV  Emin = 1.00000E-11 MeV  frac = 1.00000E+00  : elastic scattering
   2    MT =      5  Q =  0.00000E+00 MeV  Emin = 2.00000E+01 MeV  frac = 1.00000E+00  : anything
   3    MT =     16  Q = -1.20390E+01 MeV  Emin = 1.22730E+01 MeV  frac = 1.00000E+00  : (n,2n)
   4    MT =     22  Q = -9.35300E+00 MeV  Emin = 9.53463E+00 MeV  frac = 1.00000E+00  : (n,nalpha)
   5    MT =     28  Q = -1.05050E+01 MeV  Emin = 1.07090E+01 MeV  frac = 1.00000E+00  : (n,np)
   6    MT =     51  Q = -1.43400E+00 MeV  Emin = 1.46185E+00 MeV  frac = 1.00000E+00  : inelastic scatt. to 1. excited state
   7    MT =     52  Q = -2.37000E+00 MeV  Emin = 2.41603E+00 MeV  frac = 1.00000E+00  : inelastic scatt. to 2. excited state
   8    MT =     53  Q = -2.64700E+00 MeV  Emin = 2.69841E+00 MeV  frac = 1.00000E+00  : inelastic scatt. to 3. excited state
   9    MT =     54  Q = -2.76800E+00 MeV  Emin = 2.82180E+00 MeV  frac = 1.00000E+00  : inelastic scatt. to 4. excited state
  10    MT =     55  Q = -2.96500E+00 MeV  Emin = 3.02260E+00 MeV  frac = 1.00000E+00  : inelastic scatt. to 5. excited state
  11    MT =     56  Q = -3.11400E+00 MeV  Emin = 3.17450E+00 MeV  frac = 1.00000E+00  : inelastic scatt. to 6. excited state
  12    MT =     57  Q = -3.16200E+00 MeV  Emin = 3.22341E+00 MeV  frac = 1.00000E+00  : inelastic scatt. to 7. excited state
  13    MT =     58  Q = -3.41500E+00 MeV  Emin = 3.48132E+00 MeV  frac = 1.00000E+00  : inelastic scatt. to 8. excited state
  14    MT =     59  Q = -3.47200E+00 MeV  Emin = 3.53943E+00 MeV  frac = 1.00000E+00  : inelastic scatt. to 9. excited state
  15    MT =     60  Q = -3.61600E+00 MeV  Emin = 3.68622E+00 MeV  frac = 1.00000E+00  : inelastic scatt. to 10. excited state
  16    MT =     91  Q = -3.70000E+00 MeV  Emin = 3.77190E+00 MeV  frac = 1.00000E+00  : inelastic scattering to continuum
  17    MT =    102  Q =  7.93923E+00 MeV  Emin = 1.00000E-11 MeV  frac = 1.00000E+00  : (n,gamma)
  18    MT =    103  Q = -3.19400E+00 MeV  Emin = 3.25603E+00 MeV  frac = 1.00000E+00  : (n,p)
  19    MT =    107  Q = -1.21000E+00 MeV  Emin = 1.23350E+00 MeV  frac = 1.00000E+00  : (n,alpha)

 5 special reactions:

   1    MT =    203  Q =  0.00000E+00 MeV  Emin = 3.25603E+00 MeV  : total proton production
   2    MT =    204  Q =  0.00000E+00 MeV  Emin = 2.00000E+01 MeV  : total deuteron production
   3    MT =    205  Q =  0.00000E+00 MeV  Emin = 2.00000E+01 MeV  : total triton production
   4    MT =    207  Q =  0.00000E+00 MeV  Emin = 1.23350E+00 MeV  : total alpha production
   5    MT =      4  Q =  0.00000E+00 MeV  Emin = 1.46185E+00 MeV  : total inelastic scattering

 Nuclide   50 / 130 : 24053.03c -- chromium 53 (Cr-53)

 Pointers                     : 396557 19491
 Primary type                 : Transport
 Nuclide ZAI                  : 240530
 Library ID                   : 03c
 Cross section data file      : /home/leonardo.zortea/mcnp/xs/acedata/24053ENDF7.ace
 Atomic weight (AW)           : 52.94079
 Atomic weight ratio (AWR)    : 52.48600
 Temperature                  : 300.0 Kelvin
 XS temperature               : 300.0 Kelvin
 Minimum and maximum energy   : 1.00000E-11 1.50000E+02
 Half-life                    : stable
 Specific ingestion toxicity  : N/A
 Specific inhalation toxicity : N/A

 - Nuclide is not involved in burnup calculation
 - Nuclide has neutron transport data
 - Nuclide has no photon transport data
 - Nuclide has no S(a,b) data
 - Nuclide has no isomeric branching data
 - Nuclide is not fissile
 - Nuclide is not a delayed neutron precursor
 - Nuclide has no delayed neutron data
 - Nuclide has no ures ptable data
 - Nuclide temperature is not adjusted with TMS
 - Nuclide has no dosimetry data
 - Nuclide has decay data
 - Nuclide has no supplementary transmutation cross section data
 - Nuclide has no NFY data
 - Nuclide has no SFY data

 - 22 reaction channels
 - 5 special reactions
 - No transmutation reactions
 - No transmutation branch reactions
 - No decay reactions
 - No decay branch reactions
 - No transmutation paths

 22 reactions channel:

   1    MT =      2  Q =  0.00000E+00 MeV  Emin = 1.00000E-11 MeV  frac = 1.00000E+00  : elastic scattering
   2    MT =      5  Q =  0.00000E+00 MeV  Emin = 2.00000E+01 MeV  frac = 1.00000E+00  : anything
   3    MT =     16  Q = -7.94000E+00 MeV  Emin = 8.09130E+00 MeV  frac = 1.00000E+00  : (n,2n)
   4    MT =     22  Q = -9.15000E+00 MeV  Emin = 9.32433E+00 MeV  frac = 1.00000E+00  : (n,nalpha)
   5    MT =     28  Q = -1.11340E+01 MeV  Emin = 1.13461E+01 MeV  frac = 1.00000E+00  : (n,np)
   6    MT =     51  Q = -5.64000E-01 MeV  Emin = 5.74750E-01 MeV  frac = 1.00000E+00  : inelastic scatt. to 1. excited state
   7    MT =     52  Q = -1.00600E+00 MeV  Emin = 1.02520E+00 MeV  frac = 1.00000E+00  : inelastic scatt. to 2. excited state
   8    MT =     53  Q = -1.29000E+00 MeV  Emin = 1.31460E+00 MeV  frac = 1.00000E+00  : inelastic scatt. to 3. excited state
   9    MT =     54  Q = -1.53700E+00 MeV  Emin = 1.56630E+00 MeV  frac = 1.00000E+00  : inelastic scatt. to 4. excited state
  10    MT =     55  Q = -1.97400E+00 MeV  Emin = 2.01161E+00 MeV  frac = 1.00000E+00  : inelastic scatt. to 5. excited state
  11    MT =     56  Q = -2.17200E+00 MeV  Emin = 2.21340E+00 MeV  frac = 1.00000E+00  : inelastic scatt. to 6. excited state
  12    MT =     57  Q = -2.23300E+00 MeV  Emin = 2.27555E+00 MeV  frac = 1.00000E+00  : inelastic scatt. to 7. excited state
  13    MT =     58  Q = -2.32100E+00 MeV  Emin = 2.36522E+00 MeV  frac = 1.00000E+00  : inelastic scatt. to 8. excited state
  14    MT =     59  Q = -2.45300E+00 MeV  Emin = 2.49974E+00 MeV  frac = 1.00000E+00  : inelastic scatt. to 9. excited state
  15    MT =     60  Q = -2.65600E+00 MeV  Emin = 2.70661E+00 MeV  frac = 1.00000E+00  : inelastic scatt. to 10. excited state
  16    MT =     61  Q = -2.67000E+00 MeV  Emin = 2.72090E+00 MeV  frac = 1.00000E+00  : inelastic scatt. to 11. excited state
  17    MT =     62  Q = -2.70600E+00 MeV  Emin = 2.75760E+00 MeV  frac = 1.00000E+00  : inelastic scatt. to 12. excited state
  18    MT =     63  Q = -2.70700E+00 MeV  Emin = 2.75860E+00 MeV  frac = 1.00000E+00  : inelastic scatt. to 13. excited state
  19    MT =     91  Q = -2.77200E+00 MeV  Emin = 2.82482E+00 MeV  frac = 1.00000E+00  : inelastic scattering to continuum
  20    MT =    102  Q =  9.71909E+00 MeV  Emin = 1.00000E-11 MeV  frac = 1.00000E+00  : (n,gamma)
  21    MT =    103  Q = -2.64000E+00 MeV  Emin = 2.69030E+00 MeV  frac = 1.00000E+00  : (n,p)
  22    MT =    107  Q =  1.79500E+00 MeV  Emin = 9.99999E-01 MeV  frac = 1.00000E+00  : (n,alpha)

 5 special reactions:

   1    MT =    203  Q =  0.00000E+00 MeV  Emin = 2.69030E+00 MeV  : total proton production
   2    MT =    204  Q =  0.00000E+00 MeV  Emin = 2.00000E+01 MeV  : total deuteron production
   3    MT =    205  Q =  0.00000E+00 MeV  Emin = 2.00000E+01 MeV  : total triton production
   4    MT =    207  Q =  0.00000E+00 MeV  Emin = 9.99999E-01 MeV  : total alpha production
   5    MT =      4  Q =  0.00000E+00 MeV  Emin = 5.74750E-01 MeV  : total inelastic scattering

 Nuclide   51 / 130 : 24054.03c -- chromium 54 (Cr-54)

 Pointers                     : 398606 19767
 Primary type                 : Transport
 Nuclide ZAI                  : 240540
 Library ID                   : 03c
 Cross section data file      : /home/leonardo.zortea/mcnp/xs/acedata/24054ENDF7.ace
 Atomic weight (AW)           : 53.93937
 Atomic weight ratio (AWR)    : 53.47600
 Temperature                  : 300.0 Kelvin
 XS temperature               : 300.0 Kelvin
 Minimum and maximum energy   : 1.00000E-11 1.50000E+02
 Half-life                    : stable
 Specific ingestion toxicity  : N/A
 Specific inhalation toxicity : N/A

 - Nuclide is not involved in burnup calculation
 - Nuclide has neutron transport data
 - Nuclide has no photon transport data
 - Nuclide has no S(a,b) data
 - Nuclide has no isomeric branching data
 - Nuclide is not fissile
 - Nuclide is not a delayed neutron precursor
 - Nuclide has no delayed neutron data
 - Nuclide has no ures ptable data
 - Nuclide temperature is not adjusted with TMS
 - Nuclide has no dosimetry data
 - Nuclide has decay data
 - Nuclide has no supplementary transmutation cross section data
 - Nuclide has no NFY data
 - Nuclide has no SFY data

 - 11 reaction channels
 - 5 special reactions
 - No transmutation reactions
 - No transmutation branch reactions
 - No decay reactions
 - No decay branch reactions
 - No transmutation paths

 11 reactions channel:

   1    MT =      2  Q =  0.00000E+00 MeV  Emin = 1.00000E-11 MeV  frac = 1.00000E+00  : elastic scattering
   2    MT =      5  Q =  0.00000E+00 MeV  Emin = 2.00000E+01 MeV  frac = 1.00000E+00  : anything
   3    MT =     16  Q = -9.71900E+00 MeV  Emin = 9.90075E+00 MeV  frac = 1.00000E+00  : (n,2n)
   4    MT =     51  Q = -8.35000E-01 MeV  Emin = 8.50615E-01 MeV  frac = 1.00000E+00  : inelastic scatt. to 1. excited state
   5    MT =     52  Q = -1.82400E+00 MeV  Emin = 1.85811E+00 MeV  frac = 1.00000E+00  : inelastic scatt. to 2. excited state
   6    MT =     53  Q = -2.62000E+00 MeV  Emin = 2.66900E+00 MeV  frac = 1.00000E+00  : inelastic scatt. to 3. excited state
   7    MT =     54  Q = -2.82900E+00 MeV  Emin = 2.88190E+00 MeV  frac = 1.00000E+00  : inelastic scatt. to 4. excited state
   8    MT =     91  Q = -3.07400E+00 MeV  Emin = 3.13150E+00 MeV  frac = 1.00000E+00  : inelastic scattering to continuum
   9    MT =    102  Q =  6.24635E+00 MeV  Emin = 1.00000E-11 MeV  frac = 1.00000E+00  : (n,gamma)
  10    MT =    103  Q = -6.21400E+00 MeV  Emin = 6.33020E+00 MeV  frac = 1.00000E+00  : (n,p)
  11    MT =    107  Q = -1.55200E+00 MeV  Emin = 1.58102E+00 MeV  frac = 1.00000E+00  : (n,alpha)

 5 special reactions:

   1    MT =    203  Q =  0.00000E+00 MeV  Emin = 6.33020E+00 MeV  : total proton production
   2    MT =    204  Q =  0.00000E+00 MeV  Emin = 2.00000E+01 MeV  : total deuteron production
   3    MT =    205  Q =  0.00000E+00 MeV  Emin = 2.00000E+01 MeV  : total triton production
   4    MT =    207  Q =  0.00000E+00 MeV  Emin = 1.58102E+00 MeV  : total alpha production
   5    MT =      4  Q =  0.00000E+00 MeV  Emin = 8.50615E-01 MeV  : total inelastic scattering

 Nuclide   52 / 130 : 25055.03c -- manganese 55 (Mn-55)

 Pointers                     : 399863 20043
 Primary type                 : Transport
 Nuclide ZAI                  : 250550
 Library ID                   : 03c
 Cross section data file      : /home/leonardo.zortea/mcnp/xs/acedata/25055ENDF7.ace
 Atomic weight (AW)           : 54.93805
 Atomic weight ratio (AWR)    : 54.46610
 Temperature                  : 300.0 Kelvin
 XS temperature               : 300.0 Kelvin
 Minimum and maximum energy   : 1.00000E-11 2.00000E+01
 Half-life                    : stable
 Specific ingestion toxicity  : N/A
 Specific inhalation toxicity : N/A

 - Nuclide is not involved in burnup calculation
 - Nuclide has neutron transport data
 - Nuclide has no photon transport data
 - Nuclide has no S(a,b) data
 - Nuclide has no isomeric branching data
 - Nuclide is not fissile
 - Nuclide is not a delayed neutron precursor
 - Nuclide has no delayed neutron data
 - Nuclide has no ures ptable data
 - Nuclide temperature is not adjusted with TMS
 - Nuclide has no dosimetry data
 - Nuclide has decay data
 - Nuclide has no supplementary transmutation cross section data
 - Nuclide has no NFY data
 - Nuclide has no SFY data

 - 40 reaction channels
 - 6 special reactions
 - No transmutation reactions
 - No transmutation branch reactions
 - No decay reactions
 - No decay branch reactions
 - No transmutation paths

 40 reactions channel:

   1    MT =      2  Q =  0.00000E+00 MeV  Emin = 1.00000E-11 MeV  frac = 1.00000E+00  : elastic scattering
   2    MT =     16  Q = -1.02270E+01 MeV  Emin = 1.04148E+01 MeV  frac = 1.00000E+00  : (n,2n)
   3    MT =     22  Q = -7.93580E+00 MeV  Emin = 8.08150E+00 MeV  frac = 1.00000E+00  : (n,nalpha)
   4    MT =     28  Q = -8.06790E+00 MeV  Emin = 8.21603E+00 MeV  frac = 1.00000E+00  : (n,np)
   5    MT =     51  Q = -1.26000E-01 MeV  Emin = 1.28313E-01 MeV  frac = 1.00000E+00  : inelastic scatt. to 1. excited state
   6    MT =     52  Q = -9.84000E-01 MeV  Emin = 1.00207E+00 MeV  frac = 1.00000E+00  : inelastic scatt. to 2. excited state
   7    MT =     53  Q = -1.29000E+00 MeV  Emin = 1.31368E+00 MeV  frac = 1.00000E+00  : inelastic scatt. to 3. excited state
   8    MT =     54  Q = -1.29200E+00 MeV  Emin = 1.31572E+00 MeV  frac = 1.00000E+00  : inelastic scatt. to 4. excited state
   9    MT =     55  Q = -1.29300E+00 MeV  Emin = 1.31674E+00 MeV  frac = 1.00000E+00  : inelastic scatt. to 5. excited state
  10    MT =     56  Q = -1.52800E+00 MeV  Emin = 1.55605E+00 MeV  frac = 1.00000E+00  : inelastic scatt. to 6. excited state
  11    MT =     57  Q = -1.88400E+00 MeV  Emin = 1.91859E+00 MeV  frac = 1.00000E+00  : inelastic scatt. to 7. excited state
  12    MT =     58  Q = -2.01500E+00 MeV  Emin = 2.05200E+00 MeV  frac = 1.00000E+00  : inelastic scatt. to 8. excited state
  13    MT =     59  Q = -2.19800E+00 MeV  Emin = 2.23836E+00 MeV  frac = 1.00000E+00  : inelastic scatt. to 9. excited state
  14    MT =     60  Q = -2.21500E+00 MeV  Emin = 2.25567E+00 MeV  frac = 1.00000E+00  : inelastic scatt. to 10. excited state
  15    MT =     61  Q = -2.25200E+00 MeV  Emin = 2.29335E+00 MeV  frac = 1.00000E+00  : inelastic scatt. to 11. excited state
  16    MT =     62  Q = -2.26700E+00 MeV  Emin = 2.30862E+00 MeV  frac = 1.00000E+00  : inelastic scatt. to 12. excited state
  17    MT =     63  Q = -2.31200E+00 MeV  Emin = 2.35445E+00 MeV  frac = 1.00000E+00  : inelastic scatt. to 13. excited state
  18    MT =     64  Q = -2.36600E+00 MeV  Emin = 2.40944E+00 MeV  frac = 1.00000E+00  : inelastic scatt. to 14. excited state
  19    MT =     65  Q = -2.39800E+00 MeV  Emin = 2.44203E+00 MeV  frac = 1.00000E+00  : inelastic scatt. to 15. excited state
  20    MT =     66  Q = -2.42700E+00 MeV  Emin = 2.47156E+00 MeV  frac = 1.00000E+00  : inelastic scatt. to 16. excited state
  21    MT =     67  Q = -2.56300E+00 MeV  Emin = 2.61006E+00 MeV  frac = 1.00000E+00  : inelastic scatt. to 17. excited state
  22    MT =     68  Q = -2.72700E+00 MeV  Emin = 2.77707E+00 MeV  frac = 1.00000E+00  : inelastic scatt. to 18. excited state
  23    MT =     69  Q = -2.75300E+00 MeV  Emin = 2.80355E+00 MeV  frac = 1.00000E+00  : inelastic scatt. to 19. excited state
  24    MT =     70  Q = -2.82200E+00 MeV  Emin = 2.87381E+00 MeV  frac = 1.00000E+00  : inelastic scatt. to 20. excited state
  25    MT =     71  Q = -2.82400E+00 MeV  Emin = 2.87585E+00 MeV  frac = 1.00000E+00  : inelastic scatt. to 21. excited state
  26    MT =     72  Q = -2.87300E+00 MeV  Emin = 2.92575E+00 MeV  frac = 1.00000E+00  : inelastic scatt. to 22. excited state
  27    MT =     73  Q = -2.95400E+00 MeV  Emin = 3.00824E+00 MeV  frac = 1.00000E+00  : inelastic scatt. to 23. excited state
  28    MT =     74  Q = -2.97600E+00 MeV  Emin = 3.03064E+00 MeV  frac = 1.00000E+00  : inelastic scatt. to 24. excited state
  29    MT =     75  Q = -2.99200E+00 MeV  Emin = 3.04693E+00 MeV  frac = 1.00000E+00  : inelastic scatt. to 25. excited state
  30    MT =     76  Q = -3.00600E+00 MeV  Emin = 3.06119E+00 MeV  frac = 1.00000E+00  : inelastic scatt. to 26. excited state
  31    MT =     77  Q = -3.03600E+00 MeV  Emin = 3.09174E+00 MeV  frac = 1.00000E+00  : inelastic scatt. to 27. excited state
  32    MT =     78  Q = -3.03800E+00 MeV  Emin = 3.09378E+00 MeV  frac = 1.00000E+00  : inelastic scatt. to 28. excited state
  33    MT =     79  Q = -3.04000E+00 MeV  Emin = 3.09582E+00 MeV  frac = 1.00000E+00  : inelastic scatt. to 29. excited state
  34    MT =     91  Q = -3.04600E+00 MeV  Emin = 3.10193E+00 MeV  frac = 1.00000E+00  : inelastic scattering to continuum
  35    MT =    102  Q =  7.27055E+00 MeV  Emin = 1.00000E-11 MeV  frac = 1.00000E+00  : (n,gamma)
  36    MT =    103  Q = -1.82120E+00 MeV  Emin = 1.85464E+00 MeV  frac = 1.00000E+00  : (n,p)
  37    MT =    104  Q = -5.84330E+00 MeV  Emin = 8.00000E+00 MeV  frac = 1.00000E+00  : (n,d)
  38    MT =    105  Q = -9.30500E+00 MeV  Emin = 1.15000E+01 MeV  frac = 1.00000E+00  : (n,t)
  39    MT =    106  Q = -1.27070E+01 MeV  Emin = 1.40000E+01 MeV  frac = 1.00000E+00  : (n,He-3)
  40    MT =    107  Q = -6.24300E-01 MeV  Emin = 6.35762E-01 MeV  frac = 1.00000E+00  : (n,alpha)

 6 special reactions:

   1    MT =    203  Q =  0.00000E+00 MeV  Emin = 1.85464E+00 MeV  : total proton production
   2    MT =    204  Q =  0.00000E+00 MeV  Emin = 8.00000E+00 MeV  : total deuteron production
   3    MT =    205  Q =  0.00000E+00 MeV  Emin = 1.14899E+01 MeV  : total triton production
   4    MT =    206  Q =  0.00000E+00 MeV  Emin = 1.40000E+01 MeV  : total He-3 production
   5    MT =    207  Q =  0.00000E+00 MeV  Emin = 6.35762E-01 MeV  : total alpha production
   6    MT =      4  Q =  0.00000E+00 MeV  Emin = 1.28313E-01 MeV  : total inelastic scattering

 Nuclide   53 / 130 : 26054.03c -- iron 54 (Fe-54)

 Pointers                     : 355793 20595
 Primary type                 : Transport
 Nuclide ZAI                  : 260540
 Library ID                   : 03c
 Cross section data file      : /home/leonardo.zortea/mcnp/xs/acedata/26054ENDF7.ace
 Atomic weight (AW)           : 53.93937
 Atomic weight ratio (AWR)    : 53.47600
 Temperature                  : 300.0 Kelvin
 XS temperature               : 300.0 Kelvin
 Minimum and maximum energy   : 1.00000E-11 1.50000E+02
 Half-life                    : stable
 Specific ingestion toxicity  : N/A
 Specific inhalation toxicity : N/A

 - Nuclide is not involved in burnup calculation
 - Nuclide has neutron transport data
 - Nuclide has no photon transport data
 - Nuclide has no S(a,b) data
 - Nuclide has no isomeric branching data
 - Nuclide is not fissile
 - Nuclide is not a delayed neutron precursor
 - Nuclide has no delayed neutron data
 - Nuclide has no ures ptable data
 - Nuclide temperature is not adjusted with TMS
 - Nuclide has no dosimetry data
 - Nuclide has decay data
 - Nuclide has no supplementary transmutation cross section data
 - Nuclide has no NFY data
 - Nuclide has no SFY data

 - 17 reaction channels
 - 5 special reactions
 - No transmutation reactions
 - No transmutation branch reactions
 - No decay reactions
 - No decay branch reactions
 - No transmutation paths

 17 reactions channel:

   1    MT =      2  Q =  0.00000E+00 MeV  Emin = 1.00000E-11 MeV  frac = 1.00000E+00  : elastic scattering
   2    MT =      5  Q =  0.00000E+00 MeV  Emin = 2.00000E+01 MeV  frac = 1.00000E+00  : anything
   3    MT =     16  Q = -1.33800E+01 MeV  Emin = 1.36302E+01 MeV  frac = 1.00000E+00  : (n,2n)
   4    MT =     22  Q = -8.41830E+00 MeV  Emin = 8.57572E+00 MeV  frac = 1.00000E+00  : (n,nalpha)
   5    MT =     28  Q = -8.85200E+00 MeV  Emin = 9.01753E+00 MeV  frac = 1.00000E+00  : (n,np)
   6    MT =     51  Q = -1.40800E+00 MeV  Emin = 1.43433E+00 MeV  frac = 1.00000E+00  : inelastic scatt. to 1. excited state
   7    MT =     52  Q = -2.53800E+00 MeV  Emin = 2.58550E+00 MeV  frac = 1.00000E+00  : inelastic scatt. to 2. excited state
   8    MT =     53  Q = -2.56100E+00 MeV  Emin = 2.60890E+00 MeV  frac = 1.00000E+00  : inelastic scatt. to 3. excited state
   9    MT =     54  Q = -2.95000E+00 MeV  Emin = 3.00520E+00 MeV  frac = 1.00000E+00  : inelastic scatt. to 4. excited state
  10    MT =     55  Q = -2.95900E+00 MeV  Emin = 3.01433E+00 MeV  frac = 1.00000E+00  : inelastic scatt. to 5. excited state
  11    MT =     56  Q = -3.16600E+00 MeV  Emin = 3.22520E+00 MeV  frac = 1.00000E+00  : inelastic scatt. to 6. excited state
  12    MT =     57  Q = -3.29500E+00 MeV  Emin = 3.35662E+00 MeV  frac = 1.00000E+00  : inelastic scatt. to 7. excited state
  13    MT =     91  Q = -3.34500E+00 MeV  Emin = 3.40760E+00 MeV  frac = 1.00000E+00  : inelastic scattering to continuum
  14    MT =    102  Q =  9.29800E+00 MeV  Emin = 1.00000E-11 MeV  frac = 1.00000E+00  : (n,gamma)
  15    MT =    103  Q =  8.53000E-02 MeV  Emin = 7.00000E-01 MeV  frac = 1.00000E+00  : (n,p)
  16    MT =    104  Q = -6.63000E+00 MeV  Emin = 6.75398E+00 MeV  frac = 1.00000E+00  : (n,d)
  17    MT =    107  Q =  8.43000E-01 MeV  Emin = 3.00000E+00 MeV  frac = 1.00000E+00  : (n,alpha)

 5 special reactions:

   1    MT =    203  Q =  0.00000E+00 MeV  Emin = 7.00000E-01 MeV  : total proton production
   2    MT =    204  Q =  0.00000E+00 MeV  Emin = 6.75398E+00 MeV  : total deuteron production
   3    MT =    205  Q =  0.00000E+00 MeV  Emin = 2.00000E+01 MeV  : total triton production
   4    MT =    207  Q =  0.00000E+00 MeV  Emin = 3.00000E+00 MeV  : total alpha production
   5    MT =      4  Q =  0.00000E+00 MeV  Emin = 1.43433E+00 MeV  : total inelastic scattering

 Nuclide   54 / 130 : 26056.03c -- iron 56 (Fe-56)

 Pointers                     : 357482 20871
 Primary type                 : Transport
 Nuclide ZAI                  : 260560
 Library ID                   : 03c
 Cross section data file      : /home/leonardo.zortea/mcnp/xs/acedata/26056ENDF7.ace
 Atomic weight (AW)           : 55.93451
 Atomic weight ratio (AWR)    : 55.45400
 Temperature                  : 300.0 Kelvin
 XS temperature               : 300.0 Kelvin
 Minimum and maximum energy   : 1.00000E-11 1.50000E+02
 Half-life                    : stable
 Specific ingestion toxicity  : N/A
 Specific inhalation toxicity : N/A

 - Nuclide is not involved in burnup calculation
 - Nuclide has neutron transport data
 - Nuclide has no photon transport data
 - Nuclide has no S(a,b) data
 - Nuclide has no isomeric branching data
 - Nuclide is not fissile
 - Nuclide is not a delayed neutron precursor
 - Nuclide has no delayed neutron data
 - Nuclide has no ures ptable data
 - Nuclide temperature is not adjusted with TMS
 - Nuclide has no dosimetry data
 - Nuclide has decay data
 - Nuclide has no supplementary transmutation cross section data
 - Nuclide has no NFY data
 - Nuclide has no SFY data

 - 37 reaction channels
 - 6 special reactions
 - No transmutation reactions
 - No transmutation branch reactions
 - No decay reactions
 - No decay branch reactions
 - No transmutation paths

 37 reactions channel:

   1    MT =      2  Q =  0.00000E+00 MeV  Emin = 1.00000E-11 MeV  frac = 1.00000E+00  : elastic scattering
   2    MT =      5  Q =  0.00000E+00 MeV  Emin = 2.00000E+01 MeV  frac = 1.00000E+00  : anything
   3    MT =     16  Q = -1.12000E+01 MeV  Emin = 1.14020E+01 MeV  frac = 1.00000E+00  : (n,2n)
   4    MT =     22  Q = -7.61000E+00 MeV  Emin = 7.74723E+00 MeV  frac = 1.00000E+00  : (n,nalpha)
   5    MT =     28  Q = -1.01800E+01 MeV  Emin = 1.03640E+01 MeV  frac = 1.00000E+00  : (n,np)
   6    MT =     51  Q = -8.47000E-01 MeV  Emin = 8.62274E-01 MeV  frac = 1.00000E+00  : inelastic scatt. to 1. excited state
   7    MT =     52  Q = -2.08500E+00 MeV  Emin = 2.12260E+00 MeV  frac = 1.00000E+00  : inelastic scatt. to 2. excited state
   8    MT =     53  Q = -2.65800E+00 MeV  Emin = 2.70593E+00 MeV  frac = 1.00000E+00  : inelastic scatt. to 3. excited state
   9    MT =     54  Q = -2.94200E+00 MeV  Emin = 2.99510E+00 MeV  frac = 1.00000E+00  : inelastic scatt. to 4. excited state
  10    MT =     55  Q = -2.96000E+00 MeV  Emin = 3.01340E+00 MeV  frac = 1.00000E+00  : inelastic scatt. to 5. excited state
  11    MT =     56  Q = -3.12000E+00 MeV  Emin = 3.17630E+00 MeV  frac = 1.00000E+00  : inelastic scatt. to 6. excited state
  12    MT =     57  Q = -3.12300E+00 MeV  Emin = 3.17932E+00 MeV  frac = 1.00000E+00  : inelastic scatt. to 7. excited state
  13    MT =     58  Q = -3.37000E+00 MeV  Emin = 3.43080E+00 MeV  frac = 1.00000E+00  : inelastic scatt. to 8. excited state
  14    MT =     59  Q = -3.38800E+00 MeV  Emin = 3.44910E+00 MeV  frac = 1.00000E+00  : inelastic scatt. to 9. excited state
  15    MT =     60  Q = -3.44500E+00 MeV  Emin = 3.50712E+00 MeV  frac = 1.00000E+00  : inelastic scatt. to 10. excited state
  16    MT =     61  Q = -3.44900E+00 MeV  Emin = 3.51120E+00 MeV  frac = 1.00000E+00  : inelastic scatt. to 11. excited state
  17    MT =     62  Q = -3.60200E+00 MeV  Emin = 3.66700E+00 MeV  frac = 1.00000E+00  : inelastic scatt. to 12. excited state
  18    MT =     63  Q = -3.60700E+00 MeV  Emin = 3.67205E+00 MeV  frac = 1.00000E+00  : inelastic scatt. to 13. excited state
  19    MT =     64  Q = -3.75600E+00 MeV  Emin = 3.82373E+00 MeV  frac = 1.00000E+00  : inelastic scatt. to 14. excited state
  20    MT =     65  Q = -3.83200E+00 MeV  Emin = 3.90110E+00 MeV  frac = 1.00000E+00  : inelastic scatt. to 15. excited state
  21    MT =     66  Q = -3.85700E+00 MeV  Emin = 3.92660E+00 MeV  frac = 1.00000E+00  : inelastic scatt. to 16. excited state
  22    MT =     67  Q = -4.04900E+00 MeV  Emin = 4.12202E+00 MeV  frac = 1.00000E+00  : inelastic scatt. to 17. excited state
  23    MT =     68  Q = -4.10000E+00 MeV  Emin = 4.17394E+00 MeV  frac = 1.00000E+00  : inelastic scatt. to 18. excited state
  24    MT =     69  Q = -4.12000E+00 MeV  Emin = 4.19430E+00 MeV  frac = 1.00000E+00  : inelastic scatt. to 19. excited state
  25    MT =     70  Q = -4.29800E+00 MeV  Emin = 4.37551E+00 MeV  frac = 1.00000E+00  : inelastic scatt. to 20. excited state
  26    MT =     71  Q = -4.30200E+00 MeV  Emin = 4.37960E+00 MeV  frac = 1.00000E+00  : inelastic scatt. to 21. excited state
  27    MT =     72  Q = -4.39500E+00 MeV  Emin = 4.47430E+00 MeV  frac = 1.00000E+00  : inelastic scatt. to 22. excited state
  28    MT =     73  Q = -4.40100E+00 MeV  Emin = 4.48040E+00 MeV  frac = 1.00000E+00  : inelastic scatt. to 23. excited state
  29    MT =     74  Q = -4.45800E+00 MeV  Emin = 4.53840E+00 MeV  frac = 1.00000E+00  : inelastic scatt. to 24. excited state
  30    MT =     75  Q = -4.51000E+00 MeV  Emin = 4.59133E+00 MeV  frac = 1.00000E+00  : inelastic scatt. to 25. excited state
  31    MT =     91  Q = -4.53900E+00 MeV  Emin = 4.62085E+00 MeV  frac = 1.00000E+00  : inelastic scattering to continuum
  32    MT =    102  Q =  7.64609E+00 MeV  Emin = 1.00000E-11 MeV  frac = 1.00000E+00  : (n,gamma)
  33    MT =    103  Q = -2.91300E+00 MeV  Emin = 2.96553E+00 MeV  frac = 1.00000E+00  : (n,p)
  34    MT =    104  Q = -7.95900E+00 MeV  Emin = 8.10252E+00 MeV  frac = 1.00000E+00  : (n,d)
  35    MT =    105  Q = -1.19280E+01 MeV  Emin = 1.21431E+01 MeV  frac = 1.00000E+00  : (n,t)
  36    MT =    106  Q = -1.05300E+01 MeV  Emin = 1.07200E+01 MeV  frac = 1.00000E+00  : (n,He-3)
  37    MT =    107  Q =  3.26000E-01 MeV  Emin = 8.62270E-01 MeV  frac = 1.00000E+00  : (n,alpha)

 6 special reactions:

   1    MT =    203  Q =  0.00000E+00 MeV  Emin = 2.96553E+00 MeV  : total proton production
   2    MT =    204  Q =  0.00000E+00 MeV  Emin = 8.10252E+00 MeV  : total deuteron production
   3    MT =    205  Q =  0.00000E+00 MeV  Emin = 1.21430E+01 MeV  : total triton production
   4    MT =    206  Q =  0.00000E+00 MeV  Emin = 1.07200E+01 MeV  : total He-3 production
   5    MT =    207  Q =  0.00000E+00 MeV  Emin = 8.62270E-01 MeV  : total alpha production
   6    MT =      4  Q =  0.00000E+00 MeV  Emin = 8.62274E-01 MeV  : total inelastic scattering

 Nuclide   55 / 130 : 26057.03c -- iron 57 (Fe-57)

 Pointers                     : 360683 21147
 Primary type                 : Transport
 Nuclide ZAI                  : 260570
 Library ID                   : 03c
 Cross section data file      : /home/leonardo.zortea/mcnp/xs/acedata/26057ENDF7.ace
 Atomic weight (AW)           : 56.93510
 Atomic weight ratio (AWR)    : 56.44600
 Temperature                  : 300.0 Kelvin
 XS temperature               : 300.0 Kelvin
 Minimum and maximum energy   : 1.00000E-11 1.50000E+02
 Half-life                    : stable
 Specific ingestion toxicity  : N/A
 Specific inhalation toxicity : N/A

 - Nuclide is not involved in burnup calculation
 - Nuclide has neutron transport data
 - Nuclide has no photon transport data
 - Nuclide has no S(a,b) data
 - Nuclide has no isomeric branching data
 - Nuclide is not fissile
 - Nuclide is not a delayed neutron precursor
 - Nuclide has no delayed neutron data
 - Nuclide has no ures ptable data
 - Nuclide temperature is not adjusted with TMS
 - Nuclide has no dosimetry data
 - Nuclide has decay data
 - Nuclide has no supplementary transmutation cross section data
 - Nuclide has no NFY data
 - Nuclide has no SFY data

 - 14 reaction channels
 - 5 special reactions
 - No transmutation reactions
 - No transmutation branch reactions
 - No decay reactions
 - No decay branch reactions
 - No transmutation paths

 14 reactions channel:

   1    MT =      2  Q =  0.00000E+00 MeV  Emin = 1.00000E-11 MeV  frac = 1.00000E+00  : elastic scattering
   2    MT =      5  Q =  0.00000E+00 MeV  Emin = 2.00000E+01 MeV  frac = 1.00000E+00  : anything
   3    MT =     16  Q = -7.64600E+00 MeV  Emin = 7.78150E+00 MeV  frac = 1.00000E+00  : (n,2n)
   4    MT =     22  Q = -7.32020E+00 MeV  Emin = 7.44990E+00 MeV  frac = 1.00000E+00  : (n,nalpha)
   5    MT =     28  Q = -1.05590E+01 MeV  Emin = 1.07461E+01 MeV  frac = 1.00000E+00  : (n,np)
   6    MT =     51  Q = -1.40000E-02 MeV  Emin = 1.42480E-02 MeV  frac = 1.00000E+00  : inelastic scatt. to 1. excited state
   7    MT =     52  Q = -1.37000E-01 MeV  Emin = 1.39430E-01 MeV  frac = 1.00000E+00  : inelastic scatt. to 2. excited state
   8    MT =     53  Q = -3.67000E-01 MeV  Emin = 3.73502E-01 MeV  frac = 1.00000E+00  : inelastic scatt. to 3. excited state
   9    MT =     54  Q = -7.06000E-01 MeV  Emin = 7.18510E-01 MeV  frac = 1.00000E+00  : inelastic scatt. to 4. excited state
  10    MT =     55  Q = -1.00700E+00 MeV  Emin = 1.02484E+00 MeV  frac = 1.00000E+00  : inelastic scatt. to 5. excited state
  11    MT =     91  Q = -1.13990E+00 MeV  Emin = 1.16010E+00 MeV  frac = 1.00000E+00  : inelastic scattering to continuum
  12    MT =    102  Q =  1.00445E+01 MeV  Emin = 1.00000E-11 MeV  frac = 1.00000E+00  : (n,gamma)
  13    MT =    103  Q = -1.90900E+00 MeV  Emin = 1.94282E+00 MeV  frac = 1.00000E+00  : (n,p)
  14    MT =    107  Q =  2.40000E+00 MeV  Emin = 8.00000E-01 MeV  frac = 1.00000E+00  : (n,alpha)

 5 special reactions:

   1    MT =    203  Q =  0.00000E+00 MeV  Emin = 1.94282E+00 MeV  : total proton production
   2    MT =    204  Q =  0.00000E+00 MeV  Emin = 1.95000E+01 MeV  : total deuteron production
   3    MT =    205  Q =  0.00000E+00 MeV  Emin = 1.95000E+01 MeV  : total triton production
   4    MT =    207  Q =  0.00000E+00 MeV  Emin = 8.00000E-01 MeV  : total alpha production
   5    MT =      4  Q =  0.00000E+00 MeV  Emin = 1.42480E-02 MeV  : total inelastic scattering

 Nuclide   56 / 130 : 26058.03c -- iron 58 (Fe-58)

 Pointers                     : 362156 21423
 Primary type                 : Transport
 Nuclide ZAI                  : 260580
 Library ID                   : 03c
 Cross section data file      : /home/leonardo.zortea/mcnp/xs/acedata/26058ENDF7.ace
 Atomic weight (AW)           : 57.93368
 Atomic weight ratio (AWR)    : 57.43600
 Temperature                  : 300.0 Kelvin
 XS temperature               : 300.0 Kelvin
 Minimum and maximum energy   : 1.00000E-11 2.00000E+01
 Half-life                    : stable
 Specific ingestion toxicity  : N/A
 Specific inhalation toxicity : N/A

 - Nuclide is not involved in burnup calculation
 - Nuclide has neutron transport data
 - Nuclide has no photon transport data
 - Nuclide has no S(a,b) data
 - Nuclide has no isomeric branching data
 - Nuclide is not fissile
 - Nuclide is not a delayed neutron precursor
 - Nuclide has no delayed neutron data
 - Nuclide has no ures ptable data
 - Nuclide temperature is not adjusted with TMS
 - Nuclide has no dosimetry data
 - Nuclide has decay data
 - Nuclide has no supplementary transmutation cross section data
 - Nuclide has no NFY data
 - Nuclide has no SFY data

 - 10 reaction channels
 - 3 special reactions
 - No transmutation reactions
 - No transmutation branch reactions
 - No decay reactions
 - No decay branch reactions
 - No transmutation paths

 10 reactions channel:

   1    MT =      2  Q =  0.00000E+00 MeV  Emin = 1.00000E-11 MeV  frac = 1.00000E+00  : elastic scattering
   2    MT =     16  Q = -1.00440E+01 MeV  Emin = 1.02190E+01 MeV  frac = 1.00000E+00  : (n,2n)
   3    MT =     22  Q = -7.64540E+00 MeV  Emin = 7.77851E+00 MeV  frac = 1.00000E+00  : (n,nalpha)
   4    MT =     28  Q = -1.19530E+01 MeV  Emin = 1.21611E+01 MeV  frac = 1.00000E+00  : (n,np)
   5    MT =     51  Q = -8.11000E-01 MeV  Emin = 8.25120E-01 MeV  frac = 1.00000E+00  : inelastic scatt. to 1. excited state
   6    MT =     52  Q = -1.67500E+00 MeV  Emin = 1.70420E+00 MeV  frac = 1.00000E+00  : inelastic scatt. to 2. excited state
   7    MT =     91  Q = -2.07630E+00 MeV  Emin = 2.11245E+00 MeV  frac = 1.00000E+00  : inelastic scattering to continuum
   8    MT =    102  Q =  6.58096E+00 MeV  Emin = 1.00000E-11 MeV  frac = 1.00000E+00  : (n,gamma)
   9    MT =    103  Q = -5.15900E+00 MeV  Emin = 5.24882E+00 MeV  frac = 1.00000E+00  : (n,p)
  10    MT =    107  Q = -1.39900E+00 MeV  Emin = 1.42340E+00 MeV  frac = 1.00000E+00  : (n,alpha)

 3 special reactions:

   1    MT =    203  Q =  0.00000E+00 MeV  Emin = 5.24882E+00 MeV  : total proton production
   2    MT =    207  Q =  0.00000E+00 MeV  Emin = 1.42340E+00 MeV  : total alpha production
   3    MT =      4  Q =  0.00000E+00 MeV  Emin = 8.25120E-01 MeV  : total inelastic scattering

 Nuclide   57 / 130 : 27059.03c -- cobalt 59 (Co-59)

 Pointers                     : 347395 21975
 Primary type                 : Transport
 Nuclide ZAI                  : 270590
 Library ID                   : 03c
 Cross section data file      : /home/leonardo.zortea/mcnp/xs/acedata/27059ENDF7.ace
 Atomic weight (AW)           : 58.93317
 Atomic weight ratio (AWR)    : 58.42690
 Temperature                  : 300.0 Kelvin
 XS temperature               : 300.0 Kelvin
 Minimum and maximum energy   : 1.00000E-11 2.00000E+01
 Half-life                    : stable
 Specific ingestion toxicity  : N/A
 Specific inhalation toxicity : N/A

 - Nuclide is not involved in burnup calculation
 - Nuclide has neutron transport data
 - Nuclide has no photon transport data
 - Nuclide has no S(a,b) data
 - Nuclide has isomeric branching data
 - Nuclide is not fissile
 - Nuclide is not a delayed neutron precursor
 - Nuclide has no delayed neutron data
 - Nuclide has no ures ptable data
 - Nuclide temperature is not adjusted with TMS
 - Nuclide has no dosimetry data
 - Nuclide has decay data
 - Nuclide has no supplementary transmutation cross section data
 - Nuclide has no NFY data
 - Nuclide has no SFY data

 - 35 reaction channels
 - 6 special reactions
 - No transmutation reactions
 - 1 transmutation branch reactions
 - No decay reactions
 - No decay branch reactions
 - No transmutation paths

 35 reactions channel:

   1    MT =      2  Q =  0.00000E+00 MeV  Emin = 1.00000E-11 MeV  frac = 1.00000E+00  : elastic scattering
   2    MT =     16  Q = -1.04540E+01 MeV  Emin = 1.06329E+01 MeV  frac = 1.00000E+00  : (n,2n)
   3    MT =     22  Q = -6.94200E+00 MeV  Emin = 1.05000E+01 MeV  frac = 1.00000E+00  : (n,nalpha)
   4    MT =     28  Q = -7.36400E+00 MeV  Emin = 9.00000E+00 MeV  frac = 1.00000E+00  : (n,np)
   5    MT =     32  Q = -1.51830E+01 MeV  Emin = 1.67500E+01 MeV  frac = 1.00000E+00  : (n,nd)
   6    MT =     33  Q = -1.65730E+01 MeV  Emin = 1.90000E+01 MeV  frac = 1.00000E+00  : (n,nt)
   7    MT =     51  Q = -1.09990E+00 MeV  Emin = 1.11873E+00 MeV  frac = 1.00000E+00  : inelastic scatt. to 1. excited state
   8    MT =     52  Q = -1.19030E+00 MeV  Emin = 1.21067E+00 MeV  frac = 1.00000E+00  : inelastic scatt. to 2. excited state
   9    MT =     53  Q = -1.29190E+00 MeV  Emin = 1.31401E+00 MeV  frac = 1.00000E+00  : inelastic scatt. to 3. excited state
  10    MT =     54  Q = -1.43400E+00 MeV  Emin = 1.45854E+00 MeV  frac = 1.00000E+00  : inelastic scatt. to 4. excited state
  11    MT =     55  Q = -1.45890E+00 MeV  Emin = 1.48387E+00 MeV  frac = 1.00000E+00  : inelastic scatt. to 5. excited state
  12    MT =     56  Q = -1.48150E+00 MeV  Emin = 1.50686E+00 MeV  frac = 1.00000E+00  : inelastic scatt. to 6. excited state
  13    MT =     57  Q = -1.74450E+00 MeV  Emin = 1.77436E+00 MeV  frac = 1.00000E+00  : inelastic scatt. to 7. excited state
  14    MT =     58  Q = -2.06130E+00 MeV  Emin = 2.09658E+00 MeV  frac = 1.00000E+00  : inelastic scatt. to 8. excited state
  15    MT =     59  Q = -2.08790E+00 MeV  Emin = 2.12364E+00 MeV  frac = 1.00000E+00  : inelastic scatt. to 9. excited state
  16    MT =     60  Q = -2.15280E+00 MeV  Emin = 2.18965E+00 MeV  frac = 1.00000E+00  : inelastic scatt. to 10. excited state
  17    MT =     61  Q = -2.18240E+00 MeV  Emin = 2.21975E+00 MeV  frac = 1.00000E+00  : inelastic scatt. to 11. excited state
  18    MT =     62  Q = -2.20500E+00 MeV  Emin = 2.24280E+00 MeV  frac = 1.00000E+00  : inelastic scatt. to 12. excited state
  19    MT =     63  Q = -2.39500E+00 MeV  Emin = 2.43599E+00 MeV  frac = 1.00000E+00  : inelastic scatt. to 13. excited state
  20    MT =     64  Q = -2.47830E+00 MeV  Emin = 2.52072E+00 MeV  frac = 1.00000E+00  : inelastic scatt. to 14. excited state
  21    MT =     65  Q = -2.54020E+00 MeV  Emin = 2.58368E+00 MeV  frac = 1.00000E+00  : inelastic scatt. to 15. excited state
  22    MT =     66  Q = -2.58420E+00 MeV  Emin = 2.62843E+00 MeV  frac = 1.00000E+00  : inelastic scatt. to 16. excited state
  23    MT =     67  Q = -2.71280E+00 MeV  Emin = 2.75923E+00 MeV  frac = 1.00000E+00  : inelastic scatt. to 17. excited state
  24    MT =     68  Q = -2.78070E+00 MeV  Emin = 2.82829E+00 MeV  frac = 1.00000E+00  : inelastic scatt. to 18. excited state
  25    MT =     69  Q = -2.82520E+00 MeV  Emin = 2.87356E+00 MeV  frac = 1.00000E+00  : inelastic scatt. to 19. excited state
  26    MT =     91  Q = -2.95000E+00 MeV  Emin = 3.00049E+00 MeV  frac = 1.00000E+00  : inelastic scattering to continuum
  27    MT =    102  Q =  7.49000E+00 MeV  Emin = 1.00000E-11 MeV  frac = 1.00000E+00  : (n,gamma)
  28    MT =    103  Q = -7.82000E-01 MeV  Emin = 1.50000E+00 MeV  frac = 1.00000E+00  : (n,p)
  29    MT =    104  Q = -5.13900E+00 MeV  Emin = 5.22696E+00 MeV  frac = 1.00000E+00  : (n,d)
  30    MT =    105  Q = -8.92700E+00 MeV  Emin = 9.07979E+00 MeV  frac = 1.00000E+00  : (n,t)
  31    MT =    106  Q = -1.16000E+01 MeV  Emin = 1.17986E+01 MeV  frac = 1.00000E+00  : (n,He-3)
  32    MT =    107  Q =  3.29000E-01 MeV  Emin = 3.90000E+00 MeV  frac = 1.00000E+00  : (n,alpha)
  33    MT =    108  Q = -7.56600E+00 MeV  Emin = 1.82500E+01 MeV  frac = 1.00000E+00  : (n,2alpha)
  34    MT =    111  Q = -1.29040E+01 MeV  Emin = 1.65000E+01 MeV  frac = 1.00000E+00  : (n,2p)
  35    MT =    112  Q = -8.76400E+00 MeV  Emin = 1.60000E+01 MeV  frac = 1.00000E+00  : (n,palpha)

 1 additional transport branch:

   1    MT =    102  Q =  7.49000E+00 MeV  Emin = 1.00000E-11 MeV  frac = 1.00000E+00  : (n,gamma)

 6 special reactions:

   1    MT =    203  Q =  0.00000E+00 MeV  Emin = 1.50000E+00 MeV  : total proton production
   2    MT =    204  Q =  0.00000E+00 MeV  Emin = 5.22696E+00 MeV  : total deuteron production
   3    MT =    205  Q =  0.00000E+00 MeV  Emin = 9.07979E+00 MeV  : total triton production
   4    MT =    206  Q =  0.00000E+00 MeV  Emin = 1.17970E+01 MeV  : total He-3 production
   5    MT =    207  Q =  0.00000E+00 MeV  Emin = 3.90000E+00 MeV  : total alpha production
   6    MT =      4  Q =  0.00000E+00 MeV  Emin = 1.11873E+00 MeV  : total inelastic scattering

 Nuclide   58 / 130 : 28058.03c -- nickel 58 (Ni-58)

 Pointers                     : 363197 22803
 Primary type                 : Transport
 Nuclide ZAI                  : 280580
 Library ID                   : 03c
 Cross section data file      : /home/leonardo.zortea/mcnp/xs/acedata/28058ENDF7.ace
 Atomic weight (AW)           : 57.93570
 Atomic weight ratio (AWR)    : 57.43800
 Temperature                  : 300.0 Kelvin
 XS temperature               : 300.0 Kelvin
 Minimum and maximum energy   : 1.00000E-11 1.50000E+02
 Half-life                    : stable
 Specific ingestion toxicity  : 5.80E-09 Sv/Bq
 Specific inhalation toxicity : 6.80E-09 Sv/Bq

 - Nuclide is not involved in burnup calculation
 - Nuclide has neutron transport data
 - Nuclide has no photon transport data
 - Nuclide has no S(a,b) data
 - Nuclide has no isomeric branching data
 - Nuclide is not fissile
 - Nuclide is not a delayed neutron precursor
 - Nuclide has no delayed neutron data
 - Nuclide has no ures ptable data
 - Nuclide temperature is not adjusted with TMS
 - Nuclide has no dosimetry data
 - Nuclide has decay data
 - Nuclide has no supplementary transmutation cross section data
 - Nuclide has no NFY data
 - Nuclide has no SFY data

 - 18 reaction channels
 - 5 special reactions
 - No transmutation reactions
 - No transmutation branch reactions
 - No decay reactions
 - No decay branch reactions
 - No transmutation paths

 18 reactions channel:

   1    MT =      2  Q =  0.00000E+00 MeV  Emin = 1.00000E-11 MeV  frac = 1.00000E+00  : elastic scattering
   2    MT =      5  Q =  0.00000E+00 MeV  Emin = 2.00000E+01 MeV  frac = 1.00000E+00  : anything
   3    MT =     16  Q = -1.21960E+01 MeV  Emin = 1.24083E+01 MeV  frac = 1.00000E+00  : (n,2n)
   4    MT =     22  Q = -6.39800E+00 MeV  Emin = 6.50940E+00 MeV  frac = 1.00000E+00  : (n,nalpha)
   5    MT =     28  Q = -8.17100E+00 MeV  Emin = 8.31330E+00 MeV  frac = 1.00000E+00  : (n,np)
   6    MT =     51  Q = -1.45400E+00 MeV  Emin = 1.47931E+00 MeV  frac = 1.00000E+00  : inelastic scatt. to 1. excited state
   7    MT =     52  Q = -2.45900E+00 MeV  Emin = 2.50181E+00 MeV  frac = 1.00000E+00  : inelastic scatt. to 2. excited state
   8    MT =     53  Q = -2.77600E+00 MeV  Emin = 2.82433E+00 MeV  frac = 1.00000E+00  : inelastic scatt. to 3. excited state
   9    MT =     54  Q = -2.90300E+00 MeV  Emin = 2.95354E+00 MeV  frac = 1.00000E+00  : inelastic scatt. to 4. excited state
  10    MT =     55  Q = -2.94300E+00 MeV  Emin = 2.99424E+00 MeV  frac = 1.00000E+00  : inelastic scatt. to 5. excited state
  11    MT =     56  Q = -3.03800E+00 MeV  Emin = 3.09090E+00 MeV  frac = 1.00000E+00  : inelastic scatt. to 6. excited state
  12    MT =     57  Q = -3.26500E+00 MeV  Emin = 3.32185E+00 MeV  frac = 1.00000E+00  : inelastic scatt. to 7. excited state
  13    MT =     58  Q = -3.42100E+00 MeV  Emin = 3.48060E+00 MeV  frac = 1.00000E+00  : inelastic scatt. to 8. excited state
  14    MT =     91  Q = -3.52000E+00 MeV  Emin = 3.58130E+00 MeV  frac = 1.00000E+00  : inelastic scattering to continuum
  15    MT =    102  Q =  8.99951E+00 MeV  Emin = 1.00000E-11 MeV  frac = 1.00000E+00  : (n,gamma)
  16    MT =    103  Q =  4.02000E-01 MeV  Emin = 5.00000E-01 MeV  frac = 1.00000E+00  : (n,p)
  17    MT =    104  Q = -5.94627E+00 MeV  Emin = 6.04980E+00 MeV  frac = 1.00000E+00  : (n,d)
  18    MT =    107  Q =  2.90100E+00 MeV  Emin = 5.00000E-01 MeV  frac = 1.00000E+00  : (n,alpha)

 5 special reactions:

   1    MT =    203  Q =  0.00000E+00 MeV  Emin = 5.00000E-01 MeV  : total proton production
   2    MT =    204  Q =  0.00000E+00 MeV  Emin = 6.04980E+00 MeV  : total deuteron production
   3    MT =    205  Q =  0.00000E+00 MeV  Emin = 2.00000E+01 MeV  : total triton production
   4    MT =    207  Q =  0.00000E+00 MeV  Emin = 5.00000E-01 MeV  : total alpha production
   5    MT =      4  Q =  0.00000E+00 MeV  Emin = 1.47931E+00 MeV  : total inelastic scattering

 Nuclide   59 / 130 : 28060.03c -- nickel 60 (Ni-60)

 Pointers                     : 364958 23355
 Primary type                 : Transport
 Nuclide ZAI                  : 280600
 Library ID                   : 03c
 Cross section data file      : /home/leonardo.zortea/mcnp/xs/acedata/28060ENDF7.ace
 Atomic weight (AW)           : 59.93084
 Atomic weight ratio (AWR)    : 59.41600
 Temperature                  : 300.0 Kelvin
 XS temperature               : 300.0 Kelvin
 Minimum and maximum energy   : 1.00000E-11 1.50000E+02
 Half-life                    : stable
 Specific ingestion toxicity  : N/A
 Specific inhalation toxicity : N/A

 - Nuclide is not involved in burnup calculation
 - Nuclide has neutron transport data
 - Nuclide has no photon transport data
 - Nuclide has no S(a,b) data
 - Nuclide has no isomeric branching data
 - Nuclide is not fissile
 - Nuclide is not a delayed neutron precursor
 - Nuclide has no delayed neutron data
 - Nuclide has no ures ptable data
 - Nuclide temperature is not adjusted with TMS
 - Nuclide has no dosimetry data
 - Nuclide has decay data
 - Nuclide has no supplementary transmutation cross section data
 - Nuclide has no NFY data
 - Nuclide has no SFY data

 - 21 reaction channels
 - 5 special reactions
 - No transmutation reactions
 - No transmutation branch reactions
 - No decay reactions
 - No decay branch reactions
 - No transmutation paths

 21 reactions channel:

   1    MT =      2  Q =  0.00000E+00 MeV  Emin = 1.00000E-11 MeV  frac = 1.00000E+00  : elastic scattering
   2    MT =      5  Q =  0.00000E+00 MeV  Emin = 2.00000E+01 MeV  frac = 1.00000E+00  : anything
   3    MT =     16  Q = -1.13890E+01 MeV  Emin = 1.15810E+01 MeV  frac = 1.00000E+00  : (n,2n)
   4    MT =     22  Q = -6.29100E+00 MeV  Emin = 6.39690E+00 MeV  frac = 1.00000E+00  : (n,nalpha)
   5    MT =     28  Q = -9.53300E+00 MeV  Emin = 9.69345E+00 MeV  frac = 1.00000E+00  : (n,np)
   6    MT =     51  Q = -1.33300E+00 MeV  Emin = 1.35544E+00 MeV  frac = 1.00000E+00  : inelastic scatt. to 1. excited state
   7    MT =     52  Q = -2.15900E+00 MeV  Emin = 2.19534E+00 MeV  frac = 1.00000E+00  : inelastic scatt. to 2. excited state
   8    MT =     53  Q = -2.28500E+00 MeV  Emin = 2.32350E+00 MeV  frac = 1.00000E+00  : inelastic scatt. to 3. excited state
   9    MT =     54  Q = -2.50600E+00 MeV  Emin = 2.54820E+00 MeV  frac = 1.00000E+00  : inelastic scatt. to 4. excited state
  10    MT =     55  Q = -2.62600E+00 MeV  Emin = 2.67020E+00 MeV  frac = 1.00000E+00  : inelastic scatt. to 5. excited state
  11    MT =     56  Q = -3.12000E+00 MeV  Emin = 3.17251E+00 MeV  frac = 1.00000E+00  : inelastic scatt. to 6. excited state
  12    MT =     57  Q = -3.12400E+00 MeV  Emin = 3.17660E+00 MeV  frac = 1.00000E+00  : inelastic scatt. to 7. excited state
  13    MT =     58  Q = -3.18600E+00 MeV  Emin = 3.23962E+00 MeV  frac = 1.00000E+00  : inelastic scatt. to 8. excited state
  14    MT =     59  Q = -3.19400E+00 MeV  Emin = 3.24780E+00 MeV  frac = 1.00000E+00  : inelastic scatt. to 9. excited state
  15    MT =     60  Q = -3.27000E+00 MeV  Emin = 3.32504E+00 MeV  frac = 1.00000E+00  : inelastic scatt. to 10. excited state
  16    MT =     61  Q = -3.31800E+00 MeV  Emin = 3.37385E+00 MeV  frac = 1.00000E+00  : inelastic scatt. to 11. excited state
  17    MT =     91  Q = -3.33900E+00 MeV  Emin = 3.39520E+00 MeV  frac = 1.00000E+00  : inelastic scattering to continuum
  18    MT =    102  Q =  7.82005E+00 MeV  Emin = 1.00000E-11 MeV  frac = 1.00000E+00  : (n,gamma)
  19    MT =    103  Q = -2.04200E+00 MeV  Emin = 2.07640E+00 MeV  frac = 1.00000E+00  : (n,p)
  20    MT =    104  Q = -7.30830E+00 MeV  Emin = 7.43130E+00 MeV  frac = 1.00000E+00  : (n,d)
  21    MT =    107  Q =  1.35500E+00 MeV  Emin = 2.00000E-08 MeV  frac = 1.00000E+00  : (n,alpha)

 5 special reactions:

   1    MT =    203  Q =  0.00000E+00 MeV  Emin = 2.07467E+00 MeV  : total proton production
   2    MT =    204  Q =  0.00000E+00 MeV  Emin = 7.43130E+00 MeV  : total deuteron production
   3    MT =    205  Q =  0.00000E+00 MeV  Emin = 1.98470E+01 MeV  : total triton production
   4    MT =    207  Q =  0.00000E+00 MeV  Emin = 2.00000E-08 MeV  : total alpha production
   5    MT =      4  Q =  0.00000E+00 MeV  Emin = 1.35544E+00 MeV  : total inelastic scattering

 Nuclide   60 / 130 : 28061.03c -- nickel 61 (Ni-61)

 Pointers                     : 366935 23631
 Primary type                 : Transport
 Nuclide ZAI                  : 280610
 Library ID                   : 03c
 Cross section data file      : /home/leonardo.zortea/mcnp/xs/acedata/28061ENDF7.ace
 Atomic weight (AW)           : 60.93143
 Atomic weight ratio (AWR)    : 60.40800
 Temperature                  : 300.0 Kelvin
 XS temperature               : 300.0 Kelvin
 Minimum and maximum energy   : 1.00000E-11 1.50000E+02
 Half-life                    : stable
 Specific ingestion toxicity  : N/A
 Specific inhalation toxicity : N/A

 - Nuclide is not involved in burnup calculation
 - Nuclide has neutron transport data
 - Nuclide has no photon transport data
 - Nuclide has no S(a,b) data
 - Nuclide has no isomeric branching data
 - Nuclide is not fissile
 - Nuclide is not a delayed neutron precursor
 - Nuclide has no delayed neutron data
 - Nuclide has no ures ptable data
 - Nuclide temperature is not adjusted with TMS
 - Nuclide has no dosimetry data
 - Nuclide has decay data
 - Nuclide has no supplementary transmutation cross section data
 - Nuclide has no NFY data
 - Nuclide has no SFY data

 - 17 reaction channels
 - 5 special reactions
 - No transmutation reactions
 - No transmutation branch reactions
 - No decay reactions
 - No decay branch reactions
 - No transmutation paths

 17 reactions channel:

   1    MT =      2  Q =  0.00000E+00 MeV  Emin = 1.00000E-11 MeV  frac = 1.00000E+00  : elastic scattering
   2    MT =      5  Q =  0.00000E+00 MeV  Emin = 2.00000E+01 MeV  frac = 1.00000E+00  : anything
   3    MT =     16  Q = -7.82030E+00 MeV  Emin = 7.94980E+00 MeV  frac = 1.00000E+00  : (n,2n)
   4    MT =     28  Q = -9.86200E+00 MeV  Emin = 1.00253E+01 MeV  frac = 1.00000E+00  : (n,np)
   5    MT =     51  Q = -6.70000E-02 MeV  Emin = 7.00000E-02 MeV  frac = 1.00000E+00  : inelastic scatt. to 1. excited state
   6    MT =     52  Q = -2.83000E-01 MeV  Emin = 2.87685E-01 MeV  frac = 1.00000E+00  : inelastic scatt. to 2. excited state
   7    MT =     53  Q = -6.56000E-01 MeV  Emin = 6.66860E-01 MeV  frac = 1.00000E+00  : inelastic scatt. to 3. excited state
   8    MT =     54  Q = -9.09000E-01 MeV  Emin = 9.24050E-01 MeV  frac = 1.00000E+00  : inelastic scatt. to 4. excited state
   9    MT =     55  Q = -1.01500E+00 MeV  Emin = 1.03180E+00 MeV  frac = 1.00000E+00  : inelastic scatt. to 5. excited state
  10    MT =     56  Q = -1.10000E+00 MeV  Emin = 1.11821E+00 MeV  frac = 1.00000E+00  : inelastic scatt. to 6. excited state
  11    MT =     57  Q = -1.13200E+00 MeV  Emin = 1.15074E+00 MeV  frac = 1.00000E+00  : inelastic scatt. to 7. excited state
  12    MT =     58  Q = -1.18500E+00 MeV  Emin = 1.20462E+00 MeV  frac = 1.00000E+00  : inelastic scatt. to 8. excited state
  13    MT =     91  Q = -1.45500E+00 MeV  Emin = 1.47910E+00 MeV  frac = 1.00000E+00  : inelastic scattering to continuum
  14    MT =    102  Q =  1.05973E+01 MeV  Emin = 1.00000E-11 MeV  frac = 1.00000E+00  : (n,gamma)
  15    MT =    103  Q = -5.39700E-01 MeV  Emin = 5.48634E-01 MeV  frac = 1.00000E+00  : (n,p)
  16    MT =    107  Q =  3.57900E+00 MeV  Emin = 7.00000E-02 MeV  frac = 1.00000E+00  : (n,alpha)
  17    MT =    111  Q = -9.28870E+00 MeV  Emin = 9.44250E+00 MeV  frac = 1.00000E+00  : (n,2p)

 5 special reactions:

   1    MT =    203  Q =  0.00000E+00 MeV  Emin = 5.48634E-01 MeV  : total proton production
   2    MT =    204  Q =  0.00000E+00 MeV  Emin = 2.00000E+01 MeV  : total deuteron production
   3    MT =    205  Q =  0.00000E+00 MeV  Emin = 2.00000E+01 MeV  : total triton production
   4    MT =    207  Q =  0.00000E+00 MeV  Emin = 7.00000E-02 MeV  : total alpha production
   5    MT =      4  Q =  0.00000E+00 MeV  Emin = 7.00000E-02 MeV  : total inelastic scattering

 Nuclide   61 / 130 : 28062.03c -- nickel 62 (Ni-62)

 Pointers                     : 368624 23907
 Primary type                 : Transport
 Nuclide ZAI                  : 280620
 Library ID                   : 03c
 Cross section data file      : /home/leonardo.zortea/mcnp/xs/acedata/28062ENDF7.ace
 Atomic weight (AW)           : 61.92799
 Atomic weight ratio (AWR)    : 61.39600
 Temperature                  : 300.0 Kelvin
 XS temperature               : 300.0 Kelvin
 Minimum and maximum energy   : 1.00000E-11 1.50000E+02
 Half-life                    : stable
 Specific ingestion toxicity  : N/A
 Specific inhalation toxicity : N/A

 - Nuclide is not involved in burnup calculation
 - Nuclide has neutron transport data
 - Nuclide has no photon transport data
 - Nuclide has no S(a,b) data
 - Nuclide has no isomeric branching data
 - Nuclide is not fissile
 - Nuclide is not a delayed neutron precursor
 - Nuclide has no delayed neutron data
 - Nuclide has no ures ptable data
 - Nuclide temperature is not adjusted with TMS
 - Nuclide has no dosimetry data
 - Nuclide has decay data
 - Nuclide has no supplementary transmutation cross section data
 - Nuclide has no NFY data
 - Nuclide has no SFY data

 - 14 reaction channels
 - 5 special reactions
 - No transmutation reactions
 - No transmutation branch reactions
 - No decay reactions
 - No decay branch reactions
 - No transmutation paths

 14 reactions channel:

   1    MT =      2  Q =  0.00000E+00 MeV  Emin = 1.00000E-11 MeV  frac = 1.00000E+00  : elastic scattering
   2    MT =      5  Q =  0.00000E+00 MeV  Emin = 2.00000E+01 MeV  frac = 1.00000E+00  : anything
   3    MT =     16  Q = -1.05980E+01 MeV  Emin = 1.07710E+01 MeV  frac = 1.00000E+00  : (n,2n)
   4    MT =     22  Q = -7.01860E+00 MeV  Emin = 7.13292E+00 MeV  frac = 1.00000E+00  : (n,nalpha)
   5    MT =     28  Q = -1.11380E+01 MeV  Emin = 1.13194E+01 MeV  frac = 1.00000E+00  : (n,np)
   6    MT =     51  Q = -1.17300E+00 MeV  Emin = 1.19211E+00 MeV  frac = 1.00000E+00  : inelastic scatt. to 1. excited state
   7    MT =     52  Q = -2.04900E+00 MeV  Emin = 2.08240E+00 MeV  frac = 1.00000E+00  : inelastic scatt. to 2. excited state
   8    MT =     53  Q = -2.30200E+00 MeV  Emin = 2.33950E+00 MeV  frac = 1.00000E+00  : inelastic scatt. to 3. excited state
   9    MT =     54  Q = -2.33600E+00 MeV  Emin = 2.37405E+00 MeV  frac = 1.00000E+00  : inelastic scatt. to 4. excited state
  10    MT =     91  Q = -2.89100E+00 MeV  Emin = 2.93810E+00 MeV  frac = 1.00000E+00  : inelastic scattering to continuum
  11    MT =    102  Q =  6.83791E+00 MeV  Emin = 1.00000E-11 MeV  frac = 1.00000E+00  : (n,gamma)
  12    MT =    103  Q = -4.45900E+00 MeV  Emin = 4.53163E+00 MeV  frac = 1.00000E+00  : (n,p)
  13    MT =    104  Q = -8.91287E+00 MeV  Emin = 9.05804E+00 MeV  frac = 1.00000E+00  : (n,d)
  14    MT =    107  Q = -4.37400E-01 MeV  Emin = 4.44524E-01 MeV  frac = 1.00000E+00  : (n,alpha)

 5 special reactions:

   1    MT =    203  Q =  0.00000E+00 MeV  Emin = 4.53163E+00 MeV  : total proton production
   2    MT =    204  Q =  0.00000E+00 MeV  Emin = 9.05804E+00 MeV  : total deuteron production
   3    MT =    205  Q =  0.00000E+00 MeV  Emin = 2.00000E+01 MeV  : total triton production
   4    MT =    207  Q =  0.00000E+00 MeV  Emin = 4.44524E-01 MeV  : total alpha production
   5    MT =      4  Q =  0.00000E+00 MeV  Emin = 1.19211E+00 MeV  : total inelastic scattering

 Nuclide   62 / 130 : 28064.03c -- nickel 64 (Ni-64)

 Pointers                     : 370097 24183
 Primary type                 : Transport
 Nuclide ZAI                  : 280640
 Library ID                   : 03c
 Cross section data file      : /home/leonardo.zortea/mcnp/xs/acedata/28064ENDF7.ace
 Atomic weight (AW)           : 63.92818
 Atomic weight ratio (AWR)    : 63.37900
 Temperature                  : 300.0 Kelvin
 XS temperature               : 300.0 Kelvin
 Minimum and maximum energy   : 1.00000E-11 1.50000E+02
 Half-life                    : stable
 Specific ingestion toxicity  : N/A
 Specific inhalation toxicity : N/A

 - Nuclide is not involved in burnup calculation
 - Nuclide has neutron transport data
 - Nuclide has no photon transport data
 - Nuclide has no S(a,b) data
 - Nuclide has no isomeric branching data
 - Nuclide is not fissile
 - Nuclide is not a delayed neutron precursor
 - Nuclide has no delayed neutron data
 - Nuclide has no ures ptable data
 - Nuclide temperature is not adjusted with TMS
 - Nuclide has no dosimetry data
 - Nuclide has decay data
 - Nuclide has no supplementary transmutation cross section data
 - Nuclide has no NFY data
 - Nuclide has no SFY data

 - 12 reaction channels
 - 5 special reactions
 - No transmutation reactions
 - No transmutation branch reactions
 - No decay reactions
 - No decay branch reactions
 - No transmutation paths

 12 reactions channel:

   1    MT =      2  Q =  0.00000E+00 MeV  Emin = 1.00000E-11 MeV  frac = 1.00000E+00  : elastic scattering
   2    MT =      5  Q =  0.00000E+00 MeV  Emin = 2.00000E+01 MeV  frac = 1.00000E+00  : anything
   3    MT =     16  Q = -9.65700E+00 MeV  Emin = 9.80940E+00 MeV  frac = 1.00000E+00  : (n,2n)
   4    MT =     22  Q = -8.08200E+00 MeV  Emin = 8.20952E+00 MeV  frac = 1.00000E+00  : (n,nalpha)
   5    MT =     28  Q = -1.25360E+01 MeV  Emin = 1.27340E+01 MeV  frac = 1.00000E+00  : (n,np)
   6    MT =     51  Q = -1.34600E+00 MeV  Emin = 1.36724E+00 MeV  frac = 1.00000E+00  : inelastic scatt. to 1. excited state
   7    MT =     52  Q = -2.27700E+00 MeV  Emin = 2.31293E+00 MeV  frac = 1.00000E+00  : inelastic scatt. to 2. excited state
   8    MT =     91  Q = -2.60800E+00 MeV  Emin = 2.64915E+00 MeV  frac = 1.00000E+00  : inelastic scattering to continuum
   9    MT =    102  Q =  6.09806E+00 MeV  Emin = 1.00000E-11 MeV  frac = 1.00000E+00  : (n,gamma)
  10    MT =    103  Q = -6.52400E+00 MeV  Emin = 6.62694E+00 MeV  frac = 1.00000E+00  : (n,p)
  11    MT =    104  Q = -1.03114E+01 MeV  Emin = 1.04741E+01 MeV  frac = 1.00000E+00  : (n,d)
  12    MT =    107  Q = -2.44200E+00 MeV  Emin = 2.48053E+00 MeV  frac = 1.00000E+00  : (n,alpha)

 5 special reactions:

   1    MT =    203  Q =  0.00000E+00 MeV  Emin = 6.62694E+00 MeV  : total proton production
   2    MT =    204  Q =  0.00000E+00 MeV  Emin = 1.04741E+01 MeV  : total deuteron production
   3    MT =    205  Q =  0.00000E+00 MeV  Emin = 2.00000E+01 MeV  : total triton production
   4    MT =    207  Q =  0.00000E+00 MeV  Emin = 2.48053E+00 MeV  : total alpha production
   5    MT =      4  Q =  0.00000E+00 MeV  Emin = 1.36724E+00 MeV  : total inelastic scattering

 Nuclide   63 / 130 : 29063.03c -- copper 63 (Cu-63)

 Pointers                     : 350543 24735
 Primary type                 : Transport
 Nuclide ZAI                  : 290630
 Library ID                   : 03c
 Cross section data file      : /home/leonardo.zortea/mcnp/xs/acedata/29063ENDF7.ace
 Atomic weight (AW)           : 62.92960
 Atomic weight ratio (AWR)    : 62.38900
 Temperature                  : 300.0 Kelvin
 XS temperature               : 300.0 Kelvin
 Minimum and maximum energy   : 1.00000E-11 1.50000E+02
 Half-life                    : stable
 Specific ingestion toxicity  : N/A
 Specific inhalation toxicity : N/A

 - Nuclide is not involved in burnup calculation
 - Nuclide has neutron transport data
 - Nuclide has no photon transport data
 - Nuclide has no S(a,b) data
 - Nuclide has no isomeric branching data
 - Nuclide is not fissile
 - Nuclide is not a delayed neutron precursor
 - Nuclide has no delayed neutron data
 - Nuclide has no ures ptable data
 - Nuclide temperature is not adjusted with TMS
 - Nuclide has no dosimetry data
 - Nuclide has decay data
 - Nuclide has no supplementary transmutation cross section data
 - Nuclide has no NFY data
 - Nuclide has no SFY data

 - 33 reaction channels
 - 6 special reactions
 - No transmutation reactions
 - No transmutation branch reactions
 - No decay reactions
 - No decay branch reactions
 - No transmutation paths

 33 reactions channel:

   1    MT =      2  Q =  0.00000E+00 MeV  Emin = 1.00000E-11 MeV  frac = 1.00000E+00  : elastic scattering
   2    MT =      5  Q =  0.00000E+00 MeV  Emin = 2.00000E+01 MeV  frac = 1.00000E+00  : anything
   3    MT =     16  Q = -1.08540E+01 MeV  Emin = 1.10280E+01 MeV  frac = 1.00000E+00  : (n,2n)
   4    MT =     22  Q = -5.77700E+00 MeV  Emin = 5.86960E+00 MeV  frac = 1.00000E+00  : (n,nalpha)
   5    MT =     28  Q = -6.12200E+00 MeV  Emin = 6.22013E+00 MeV  frac = 1.00000E+00  : (n,np)
   6    MT =     51  Q = -6.69000E-01 MeV  Emin = 6.79723E-01 MeV  frac = 1.00000E+00  : inelastic scatt. to 1. excited state
   7    MT =     52  Q = -9.62000E-01 MeV  Emin = 9.77420E-01 MeV  frac = 1.00000E+00  : inelastic scatt. to 2. excited state
   8    MT =     53  Q = -1.32700E+00 MeV  Emin = 1.34830E+00 MeV  frac = 1.00000E+00  : inelastic scatt. to 3. excited state
   9    MT =     54  Q = -1.41200E+00 MeV  Emin = 1.43463E+00 MeV  frac = 1.00000E+00  : inelastic scatt. to 4. excited state
  10    MT =     55  Q = -1.54700E+00 MeV  Emin = 1.57180E+00 MeV  frac = 1.00000E+00  : inelastic scatt. to 5. excited state
  11    MT =     56  Q = -1.86100E+00 MeV  Emin = 1.89083E+00 MeV  frac = 1.00000E+00  : inelastic scatt. to 6. excited state
  12    MT =     57  Q = -2.01100E+00 MeV  Emin = 2.04323E+00 MeV  frac = 1.00000E+00  : inelastic scatt. to 7. excited state
  13    MT =     58  Q = -2.06200E+00 MeV  Emin = 2.09510E+00 MeV  frac = 1.00000E+00  : inelastic scatt. to 8. excited state
  14    MT =     59  Q = -2.08100E+00 MeV  Emin = 2.11440E+00 MeV  frac = 1.00000E+00  : inelastic scatt. to 9. excited state
  15    MT =     60  Q = -2.09300E+00 MeV  Emin = 2.12655E+00 MeV  frac = 1.00000E+00  : inelastic scatt. to 10. excited state
  16    MT =     61  Q = -2.20800E+00 MeV  Emin = 2.24340E+00 MeV  frac = 1.00000E+00  : inelastic scatt. to 11. excited state
  17    MT =     62  Q = -2.33700E+00 MeV  Emin = 2.37450E+00 MeV  frac = 1.00000E+00  : inelastic scatt. to 12. excited state
  18    MT =     63  Q = -2.40500E+00 MeV  Emin = 2.44360E+00 MeV  frac = 1.00000E+00  : inelastic scatt. to 13. excited state
  19    MT =     64  Q = -2.49700E+00 MeV  Emin = 2.53702E+00 MeV  frac = 1.00000E+00  : inelastic scatt. to 14. excited state
  20    MT =     65  Q = -2.50600E+00 MeV  Emin = 2.54620E+00 MeV  frac = 1.00000E+00  : inelastic scatt. to 15. excited state
  21    MT =     66  Q = -2.53600E+00 MeV  Emin = 2.57665E+00 MeV  frac = 1.00000E+00  : inelastic scatt. to 16. excited state
  22    MT =     67  Q = -2.69600E+00 MeV  Emin = 2.73921E+00 MeV  frac = 1.00000E+00  : inelastic scatt. to 17. excited state
  23    MT =     68  Q = -2.71700E+00 MeV  Emin = 2.76055E+00 MeV  frac = 1.00000E+00  : inelastic scatt. to 18. excited state
  24    MT =     69  Q = -2.78000E+00 MeV  Emin = 2.82460E+00 MeV  frac = 1.00000E+00  : inelastic scatt. to 19. excited state
  25    MT =     70  Q = -2.80600E+00 MeV  Emin = 2.85100E+00 MeV  frac = 1.00000E+00  : inelastic scatt. to 20. excited state
  26    MT =     71  Q = -2.85800E+00 MeV  Emin = 2.90381E+00 MeV  frac = 1.00000E+00  : inelastic scatt. to 21. excited state
  27    MT =     72  Q = -2.88900E+00 MeV  Emin = 2.93531E+00 MeV  frac = 1.00000E+00  : inelastic scatt. to 22. excited state
  28    MT =     91  Q = -2.89000E+00 MeV  Emin = 2.93632E+00 MeV  frac = 1.00000E+00  : inelastic scattering to continuum
  29    MT =    102  Q =  7.91602E+00 MeV  Emin = 1.00000E-11 MeV  frac = 1.00000E+00  : (n,gamma)
  30    MT =    103  Q =  7.17000E-01 MeV  Emin = 9.00000E-01 MeV  frac = 1.00000E+00  : (n,p)
  31    MT =    104  Q = -3.89740E+00 MeV  Emin = 4.00000E+00 MeV  frac = 1.00000E+00  : (n,d)
  32    MT =    106  Q = -9.54130E+00 MeV  Emin = 9.69423E+00 MeV  frac = 1.00000E+00  : (n,He-3)
  33    MT =    107  Q =  1.71490E+00 MeV  Emin = 1.74220E+00 MeV  frac = 1.00000E+00  : (n,alpha)

 6 special reactions:

   1    MT =    203  Q =  0.00000E+00 MeV  Emin = 9.00000E-01 MeV  : total proton production
   2    MT =    204  Q =  0.00000E+00 MeV  Emin = 4.00000E+00 MeV  : total deuteron production
   3    MT =    205  Q =  0.00000E+00 MeV  Emin = 1.97500E+01 MeV  : total triton production
   4    MT =    206  Q =  0.00000E+00 MeV  Emin = 9.69423E+00 MeV  : total He-3 production
   5    MT =    207  Q =  0.00000E+00 MeV  Emin = 1.74220E+00 MeV  : total alpha production
   6    MT =      4  Q =  0.00000E+00 MeV  Emin = 6.79723E-01 MeV  : total inelastic scattering

 Nuclide   64 / 130 : 29065.03c -- copper 65 (Cu-65)

 Pointers                     : 353456 25011
 Primary type                 : Transport
 Nuclide ZAI                  : 290650
 Library ID                   : 03c
 Cross section data file      : /home/leonardo.zortea/mcnp/xs/acedata/29065ENDF7.ace
 Atomic weight (AW)           : 64.92777
 Atomic weight ratio (AWR)    : 64.37000
 Temperature                  : 300.0 Kelvin
 XS temperature               : 300.0 Kelvin
 Minimum and maximum energy   : 1.00000E-11 1.50000E+02
 Half-life                    : stable
 Specific ingestion toxicity  : N/A
 Specific inhalation toxicity : N/A

 - Nuclide is not involved in burnup calculation
 - Nuclide has neutron transport data
 - Nuclide has no photon transport data
 - Nuclide has no S(a,b) data
 - Nuclide has no isomeric branching data
 - Nuclide is not fissile
 - Nuclide is not a delayed neutron precursor
 - Nuclide has no delayed neutron data
 - Nuclide has no ures ptable data
 - Nuclide temperature is not adjusted with TMS
 - Nuclide has no dosimetry data
 - Nuclide has decay data
 - Nuclide has no supplementary transmutation cross section data
 - Nuclide has no NFY data
 - Nuclide has no SFY data

 - 25 reaction channels
 - 6 special reactions
 - No transmutation reactions
 - No transmutation branch reactions
 - No decay reactions
 - No decay branch reactions
 - No transmutation paths

 25 reactions channel:

   1    MT =      2  Q =  0.00000E+00 MeV  Emin = 1.00000E-11 MeV  frac = 1.00000E+00  : elastic scattering
   2    MT =      5  Q =  0.00000E+00 MeV  Emin = 2.00000E+01 MeV  frac = 1.00000E+00  : anything
   3    MT =     16  Q = -9.91000E+00 MeV  Emin = 1.00640E+01 MeV  frac = 1.00000E+00  : (n,2n)
   4    MT =     22  Q = -6.79000E+00 MeV  Emin = 6.89550E+00 MeV  frac = 1.00000E+00  : (n,nalpha)
   5    MT =     28  Q = -7.45000E+00 MeV  Emin = 7.56574E+00 MeV  frac = 1.00000E+00  : (n,np)
   6    MT =     51  Q = -7.71000E-01 MeV  Emin = 7.82980E-01 MeV  frac = 1.00000E+00  : inelastic scatt. to 1. excited state
   7    MT =     52  Q = -1.11600E+00 MeV  Emin = 1.13334E+00 MeV  frac = 1.00000E+00  : inelastic scatt. to 2. excited state
   8    MT =     53  Q = -1.48200E+00 MeV  Emin = 1.50502E+00 MeV  frac = 1.00000E+00  : inelastic scatt. to 3. excited state
   9    MT =     54  Q = -1.62300E+00 MeV  Emin = 1.64821E+00 MeV  frac = 1.00000E+00  : inelastic scatt. to 4. excited state
  10    MT =     55  Q = -1.72500E+00 MeV  Emin = 1.75180E+00 MeV  frac = 1.00000E+00  : inelastic scatt. to 5. excited state
  11    MT =     56  Q = -2.09400E+00 MeV  Emin = 2.12653E+00 MeV  frac = 1.00000E+00  : inelastic scatt. to 6. excited state
  12    MT =     57  Q = -2.10800E+00 MeV  Emin = 2.14075E+00 MeV  frac = 1.00000E+00  : inelastic scatt. to 7. excited state
  13    MT =     58  Q = -2.21300E+00 MeV  Emin = 2.24740E+00 MeV  frac = 1.00000E+00  : inelastic scatt. to 8. excited state
  14    MT =     59  Q = -2.27800E+00 MeV  Emin = 2.31340E+00 MeV  frac = 1.00000E+00  : inelastic scatt. to 9. excited state
  15    MT =     60  Q = -2.32700E+00 MeV  Emin = 2.36320E+00 MeV  frac = 1.00000E+00  : inelastic scatt. to 10. excited state
  16    MT =     61  Q = -2.40700E+00 MeV  Emin = 2.44440E+00 MeV  frac = 1.00000E+00  : inelastic scatt. to 11. excited state
  17    MT =     62  Q = -2.53300E+00 MeV  Emin = 2.57240E+00 MeV  frac = 1.00000E+00  : inelastic scatt. to 12. excited state
  18    MT =     63  Q = -2.53400E+00 MeV  Emin = 2.57340E+00 MeV  frac = 1.00000E+00  : inelastic scatt. to 13. excited state
  19    MT =     91  Q = -2.59400E+00 MeV  Emin = 2.63430E+00 MeV  frac = 1.00000E+00  : inelastic scattering to continuum
  20    MT =    102  Q =  7.06599E+00 MeV  Emin = 1.00000E-11 MeV  frac = 1.00000E+00  : (n,gamma)
  21    MT =    103  Q = -1.35400E+00 MeV  Emin = 1.37504E+00 MeV  frac = 1.00000E+00  : (n,p)
  22    MT =    104  Q = -5.22800E+00 MeV  Emin = 5.30922E+00 MeV  frac = 1.00000E+00  : (n,d)
  23    MT =    105  Q = -8.62200E+00 MeV  Emin = 8.75595E+00 MeV  frac = 1.00000E+00  : (n,t)
  24    MT =    106  Q = -1.22710E+01 MeV  Emin = 1.24620E+01 MeV  frac = 1.00000E+00  : (n,He-3)
  25    MT =    107  Q = -1.10000E-01 MeV  Emin = 1.11710E-01 MeV  frac = 1.00000E+00  : (n,alpha)

 6 special reactions:

   1    MT =    203  Q =  0.00000E+00 MeV  Emin = 1.37504E+00 MeV  : total proton production
   2    MT =    204  Q =  0.00000E+00 MeV  Emin = 5.30922E+00 MeV  : total deuteron production
   3    MT =    205  Q =  0.00000E+00 MeV  Emin = 8.75595E+00 MeV  : total triton production
   4    MT =    206  Q =  0.00000E+00 MeV  Emin = 1.24620E+01 MeV  : total He-3 production
   5    MT =    207  Q =  0.00000E+00 MeV  Emin = 1.11710E-01 MeV  : total alpha production
   6    MT =      4  Q =  0.00000E+00 MeV  Emin = 7.82980E-01 MeV  : total inelastic scattering

 Nuclide   65 / 130 : 30000.03c -- natural zinc (Zn-nat)

 Pointers                     : 371426 25287
 Primary type                 : Transport
 Nuclide ZAI                  : 300000
 Library ID                   : 03c
 Cross section data file      : /home/leonardo.zortea/mcnp/xs/acedata/30000ENDF7.ace
 Atomic weight (AW)           : 65.39578
 Atomic weight ratio (AWR)    : 64.83400
 Temperature                  : 300.0 Kelvin
 XS temperature               : 300.0 Kelvin
 Minimum and maximum energy   : 1.00000E-11 2.00000E+01
 Half-life                    : N/A
 Specific ingestion toxicity  : N/A
 Specific inhalation toxicity : N/A

 - Nuclide is not involved in burnup calculation
 - Nuclide has neutron transport data
 - Nuclide has no photon transport data
 - Nuclide has no S(a,b) data
 - Nuclide has no isomeric branching data
 - Nuclide is not fissile
 - Nuclide is not a delayed neutron precursor
 - Nuclide has no delayed neutron data
 - Nuclide has no ures ptable data
 - Nuclide temperature is not adjusted with TMS
 - Nuclide has no dosimetry data
 - Nuclide has no decay data
 - Nuclide has no supplementary transmutation cross section data
 - Nuclide has no NFY data
 - Nuclide has no SFY data

 - 11 reaction channels
 - 4 special reactions
 - No transmutation reactions
 - No transmutation branch reactions
 - No decay reactions
 - No decay branch reactions
 - No transmutation paths

 11 reactions channel:

   1    MT =      2  Q =  0.00000E+00 MeV  Emin = 1.00000E-11 MeV  frac = 1.00000E+00  : elastic scattering
   2    MT =     16  Q = -7.05025E+00 MeV  Emin = 1.10000E+01 MeV  frac = 1.00000E+00  : (n,2n)
   3    MT =     17  Q = -1.00000E+01 MeV  Emin = 1.80000E+01 MeV  frac = 1.00000E+00  : (n,3n)
   4    MT =     22  Q = -3.95728E+00 MeV  Emin = 4.01832E+00 MeV  frac = 1.00000E+00  : (n,nalpha)
   5    MT =     28  Q = -7.71435E+00 MeV  Emin = 7.83337E+00 MeV  frac = 1.00000E+00  : (n,np)
   6    MT =     51  Q = -1.00000E+00 MeV  Emin = 1.01544E+00 MeV  frac = 1.00000E+00  : inelastic scatt. to 1. excited state
   7    MT =     91  Q = -1.77264E+00 MeV  Emin = 1.80000E+00 MeV  frac = 1.00000E+00  : inelastic scattering to continuum
   8    MT =    102  Q =  1.01981E+01 MeV  Emin = 1.00000E-11 MeV  frac = 1.00000E+00  : (n,gamma)
   9    MT =    103  Q =  2.04200E-01 MeV  Emin = 9.99999E-02 MeV  frac = 1.00000E+00  : (n,p)
  10    MT =    105  Q = -7.49425E+00 MeV  Emin = 1.00000E+01 MeV  frac = 1.00000E+00  : (n,t)
  11    MT =    107  Q =  4.86480E+00 MeV  Emin = 1.00000E-11 MeV  frac = 1.00000E+00  : (n,alpha)

 4 special reactions:

   1    MT =    203  Q =  0.00000E+00 MeV  Emin = 9.99999E-02 MeV  : total proton production
   2    MT =    205  Q =  0.00000E+00 MeV  Emin = 1.00000E+01 MeV  : total triton production
   3    MT =    207  Q =  0.00000E+00 MeV  Emin = 1.00000E-11 MeV  : total alpha production
   4    MT =      4  Q =  0.00000E+00 MeV  Emin = 1.01544E+00 MeV  : total inelastic scattering

 Nuclide   66 / 130 : 30064.03c -- zinc 64 (Zn-64)

 Pointers                     : 558951 25563
 Primary type                 : Transport
 Nuclide ZAI                  : 300640
 Library ID                   : 03c
 Cross section data file      : /home/leonardo.zortea/mcnp/xs/acedata/30064JEF22.ace
 Atomic weight (AW)           : 63.92909
 Atomic weight ratio (AWR)    : 63.37990
 Temperature                  : 300.0 Kelvin
 XS temperature               : 300.0 Kelvin
 Minimum and maximum energy   : 1.00000E-11 2.00000E+01
 Half-life                    : stable
 Specific ingestion toxicity  : 9.30E-06 Sv/Bq
 Specific inhalation toxicity : 1.70E-05 Sv/Bq

 - Nuclide is not involved in burnup calculation
 - Nuclide has neutron transport data
 - Nuclide has no photon transport data
 - Nuclide has no S(a,b) data
 - Nuclide has no isomeric branching data
 - Nuclide is not fissile
 - Nuclide is not a delayed neutron precursor
 - Nuclide has no delayed neutron data
 - Nuclide uses ures ptable data between 7.50000E-02 and 2.00000E-01 MeV
 - Nuclide temperature is not adjusted with TMS
 - Nuclide has no dosimetry data
 - Nuclide has decay data
 - Nuclide has no supplementary transmutation cross section data
 - Nuclide has no NFY data
 - Nuclide has no SFY data

 - 25 reaction channels
 - 3 special reactions
 - No transmutation reactions
 - No transmutation branch reactions
 - No decay reactions
 - No decay branch reactions
 - No transmutation paths

 25 reactions channel:

   1    MT =      2  Q =  0.00000E+00 MeV  Emin = 1.00000E-11 MeV  frac = 1.00000E+00  : elastic scattering
   2    MT =     16  Q = -1.18640E+01 MeV  Emin = 1.20516E+01 MeV  frac = 1.00000E+00  : (n,2n)
   3    MT =     22  Q = -3.95600E+00 MeV  Emin = 9.00000E+00 MeV  frac = 1.00000E+00  : (n,nalpha)
   4    MT =     28  Q = -8.36800E+00 MeV  Emin = 8.50003E+00 MeV  frac = 1.00000E+00  : (n,np)
   5    MT =     51  Q = -9.91500E-01 MeV  Emin = 1.00714E+00 MeV  frac = 1.00000E+00  : inelastic scatt. to 1. excited state
   6    MT =     52  Q = -1.79940E+00 MeV  Emin = 1.82779E+00 MeV  frac = 1.00000E+00  : inelastic scatt. to 2. excited state
   7    MT =     53  Q = -1.91030E+00 MeV  Emin = 1.94044E+00 MeV  frac = 1.00000E+00  : inelastic scatt. to 3. excited state
   8    MT =     54  Q = -2.30700E+00 MeV  Emin = 2.34340E+00 MeV  frac = 1.00000E+00  : inelastic scatt. to 4. excited state
   9    MT =     55  Q = -2.60930E+00 MeV  Emin = 2.65047E+00 MeV  frac = 1.00000E+00  : inelastic scatt. to 5. excited state
  10    MT =     56  Q = -2.73670E+00 MeV  Emin = 2.77988E+00 MeV  frac = 1.00000E+00  : inelastic scatt. to 6. excited state
  11    MT =     57  Q = -2.79370E+00 MeV  Emin = 2.83778E+00 MeV  frac = 1.00000E+00  : inelastic scatt. to 7. excited state
  12    MT =     58  Q = -2.98000E+00 MeV  Emin = 3.02702E+00 MeV  frac = 1.00000E+00  : inelastic scatt. to 8. excited state
  13    MT =     59  Q = -2.99860E+00 MeV  Emin = 3.04591E+00 MeV  frac = 1.00000E+00  : inelastic scatt. to 9. excited state
  14    MT =     60  Q = -3.00540E+00 MeV  Emin = 3.05282E+00 MeV  frac = 1.00000E+00  : inelastic scatt. to 10. excited state
  15    MT =     61  Q = -3.07800E+00 MeV  Emin = 3.12656E+00 MeV  frac = 1.00000E+00  : inelastic scatt. to 11. excited state
  16    MT =     62  Q = -3.09470E+00 MeV  Emin = 3.14353E+00 MeV  frac = 1.00000E+00  : inelastic scatt. to 12. excited state
  17    MT =     63  Q = -3.18680E+00 MeV  Emin = 3.23708E+00 MeV  frac = 1.00000E+00  : inelastic scatt. to 13. excited state
  18    MT =     64  Q = -3.20000E+00 MeV  Emin = 3.25049E+00 MeV  frac = 1.00000E+00  : inelastic scatt. to 14. excited state
  19    MT =     65  Q = -3.20560E+00 MeV  Emin = 3.25618E+00 MeV  frac = 1.00000E+00  : inelastic scatt. to 15. excited state
  20    MT =     66  Q = -3.26200E+00 MeV  Emin = 3.31347E+00 MeV  frac = 1.00000E+00  : inelastic scatt. to 16. excited state
  21    MT =     67  Q = -3.29700E+00 MeV  Emin = 3.34902E+00 MeV  frac = 1.00000E+00  : inelastic scatt. to 17. excited state
  22    MT =     91  Q = -3.29700E+00 MeV  Emin = 3.34902E+00 MeV  frac = 1.00000E+00  : inelastic scattering to continuum
  23    MT =    102  Q =  7.98000E+00 MeV  Emin = 1.00000E-11 MeV  frac = 1.00000E+00  : (n,gamma)
  24    MT =    103  Q =  2.04200E-01 MeV  Emin = 1.00000E+00 MeV  frac = 1.00000E+00  : (n,p)
  25    MT =    107  Q =  3.86400E+00 MeV  Emin = 4.00000E+00 MeV  frac = 1.00000E+00  : (n,alpha)

 3 special reactions:

   1    MT =    203  Q =  0.00000E+00 MeV  Emin = 1.00000E+00 MeV  : total proton production
   2    MT =    207  Q =  0.00000E+00 MeV  Emin = 4.00000E+00 MeV  : total alpha production
   3    MT =      4  Q =  0.00000E+00 MeV  Emin = 1.00714E+00 MeV  : total inelastic scattering

 Nuclide   67 / 130 : 31069.03c -- gallium 69 (Ga-69)

 Pointers                     : 515709 26115
 Primary type                 : Transport
 Nuclide ZAI                  : 310690
 Library ID                   : 03c
 Cross section data file      : /home/leonardo.zortea/mcnp/xs/acedata/31069JNDL33.ace
 Atomic weight (AW)           : 68.92571
 Atomic weight ratio (AWR)    : 68.33360
 Temperature                  : 300.0 Kelvin
 XS temperature               : 300.0 Kelvin
 Minimum and maximum energy   : 1.00000E-11 2.00000E+01
 Half-life                    : stable
 Specific ingestion toxicity  : N/A
 Specific inhalation toxicity : N/A

 - Nuclide is not involved in burnup calculation
 - Nuclide has neutron transport data
 - Nuclide has no photon transport data
 - Nuclide has no S(a,b) data
 - Nuclide has no isomeric branching data
 - Nuclide is not fissile
 - Nuclide is not a delayed neutron precursor
 - Nuclide has no delayed neutron data
 - Nuclide has no ures ptable data
 - Nuclide temperature is not adjusted with TMS
 - Nuclide has no dosimetry data
 - Nuclide has decay data
 - Nuclide has no supplementary transmutation cross section data
 - Nuclide has no NFY data
 - Nuclide has no SFY data

 - 38 reaction channels
 - 6 special reactions
 - No transmutation reactions
 - No transmutation branch reactions
 - No decay reactions
 - No decay branch reactions
 - No transmutation paths

 38 reactions channel:

   1    MT =      2  Q =  0.00000E+00 MeV  Emin = 1.00000E-11 MeV  frac = 1.00000E+00  : elastic scattering
   2    MT =     16  Q = -1.03097E+01 MeV  Emin = 1.04606E+01 MeV  frac = 1.00000E+00  : (n,2n)
   3    MT =     22  Q = -4.48313E+00 MeV  Emin = 6.00000E+00 MeV  frac = 1.00000E+00  : (n,nalpha)
   4    MT =     28  Q = -6.60791E+00 MeV  Emin = 7.00000E+00 MeV  frac = 1.00000E+00  : (n,np)
   5    MT =     32  Q = -1.45826E+01 MeV  Emin = 1.50000E+01 MeV  frac = 1.00000E+00  : (n,nd)
   6    MT =     51  Q = -3.18700E-01 MeV  Emin = 3.23364E-01 MeV  frac = 1.00000E+00  : inelastic scatt. to 1. excited state
   7    MT =     52  Q = -5.74099E-01 MeV  Emin = 5.82500E-01 MeV  frac = 1.00000E+00  : inelastic scatt. to 2. excited state
   8    MT =     53  Q = -8.71999E-01 MeV  Emin = 8.84760E-01 MeV  frac = 1.00000E+00  : inelastic scatt. to 3. excited state
   9    MT =     54  Q = -1.02850E+00 MeV  Emin = 1.04355E+00 MeV  frac = 1.00000E+00  : inelastic scatt. to 4. excited state
  10    MT =     55  Q = -1.10670E+00 MeV  Emin = 1.12290E+00 MeV  frac = 1.00000E+00  : inelastic scatt. to 5. excited state
  11    MT =     56  Q = -1.13400E+00 MeV  Emin = 1.15060E+00 MeV  frac = 1.00000E+00  : inelastic scatt. to 6. excited state
  12    MT =     57  Q = -1.33660E+00 MeV  Emin = 1.35616E+00 MeV  frac = 1.00000E+00  : inelastic scatt. to 7. excited state
  13    MT =     58  Q = -1.48750E+00 MeV  Emin = 1.50930E+00 MeV  frac = 1.00000E+00  : inelastic scatt. to 8. excited state
  14    MT =     59  Q = -1.52590E+00 MeV  Emin = 1.54823E+00 MeV  frac = 1.00000E+00  : inelastic scatt. to 9. excited state
  15    MT =     60  Q = -1.72370E+00 MeV  Emin = 1.74893E+00 MeV  frac = 1.00000E+00  : inelastic scatt. to 10. excited state
  16    MT =     61  Q = -1.76480E+00 MeV  Emin = 1.79063E+00 MeV  frac = 1.00000E+00  : inelastic scatt. to 11. excited state
  17    MT =     62  Q = -1.89160E+00 MeV  Emin = 1.91928E+00 MeV  frac = 1.00000E+00  : inelastic scatt. to 12. excited state
  18    MT =     63  Q = -1.92420E+00 MeV  Emin = 1.95236E+00 MeV  frac = 1.00000E+00  : inelastic scatt. to 13. excited state
  19    MT =     64  Q = -1.97240E+00 MeV  Emin = 2.00127E+00 MeV  frac = 1.00000E+00  : inelastic scatt. to 14. excited state
  20    MT =     65  Q = -1.97310E+00 MeV  Emin = 2.00198E+00 MeV  frac = 1.00000E+00  : inelastic scatt. to 15. excited state
  21    MT =     66  Q = -2.00760E+00 MeV  Emin = 2.03698E+00 MeV  frac = 1.00000E+00  : inelastic scatt. to 16. excited state
  22    MT =     67  Q = -2.02380E+00 MeV  Emin = 2.05342E+00 MeV  frac = 1.00000E+00  : inelastic scatt. to 17. excited state
  23    MT =     68  Q = -2.04520E+00 MeV  Emin = 2.07513E+00 MeV  frac = 1.00000E+00  : inelastic scatt. to 18. excited state
  24    MT =     69  Q = -2.19800E+00 MeV  Emin = 2.23017E+00 MeV  frac = 1.00000E+00  : inelastic scatt. to 19. excited state
  25    MT =     70  Q = -2.21930E+00 MeV  Emin = 2.25178E+00 MeV  frac = 1.00000E+00  : inelastic scatt. to 20. excited state
  26    MT =     71  Q = -2.25100E+00 MeV  Emin = 2.28394E+00 MeV  frac = 1.00000E+00  : inelastic scatt. to 21. excited state
  27    MT =     72  Q = -2.31950E+00 MeV  Emin = 2.35344E+00 MeV  frac = 1.00000E+00  : inelastic scatt. to 22. excited state
  28    MT =     73  Q = -2.35330E+00 MeV  Emin = 2.38774E+00 MeV  frac = 1.00000E+00  : inelastic scatt. to 23. excited state
  29    MT =     74  Q = -2.42330E+00 MeV  Emin = 2.45876E+00 MeV  frac = 1.00000E+00  : inelastic scatt. to 24. excited state
  30    MT =     75  Q = -2.42870E+00 MeV  Emin = 2.46424E+00 MeV  frac = 1.00000E+00  : inelastic scatt. to 25. excited state
  31    MT =     91  Q = -2.43000E+00 MeV  Emin = 2.46556E+00 MeV  frac = 1.00000E+00  : inelastic scattering to continuum
  32    MT =    102  Q =  7.65439E+00 MeV  Emin = 1.00000E-11 MeV  frac = 1.00000E+00  : (n,gamma)
  33    MT =    103  Q = -1.24330E-01 MeV  Emin = 5.00000E-01 MeV  frac = 1.00000E+00  : (n,p)
  34    MT =    104  Q = -4.38330E+00 MeV  Emin = 4.44745E+00 MeV  frac = 1.00000E+00  : (n,d)
  35    MT =    105  Q = -8.32500E+00 MeV  Emin = 9.00000E+00 MeV  frac = 1.00000E+00  : (n,t)
  36    MT =    106  Q = -8.88100E+00 MeV  Emin = 1.00000E+01 MeV  frac = 1.00000E+00  : (n,He-3)
  37    MT =    107  Q =  2.58355E+00 MeV  Emin = 1.00000E-01 MeV  frac = 1.00000E+00  : (n,alpha)
  38    MT =    111  Q = -1.04098E+01 MeV  Emin = 1.10000E+01 MeV  frac = 1.00000E+00  : (n,2p)

 6 special reactions:

   1    MT =    203  Q =  0.00000E+00 MeV  Emin = 5.00000E-01 MeV  : total proton production
   2    MT =    204  Q =  0.00000E+00 MeV  Emin = 4.44745E+00 MeV  : total deuteron production
   3    MT =    205  Q =  0.00000E+00 MeV  Emin = 9.00000E+00 MeV  : total triton production
   4    MT =    206  Q =  0.00000E+00 MeV  Emin = 1.00000E+01 MeV  : total He-3 production
   5    MT =    207  Q =  0.00000E+00 MeV  Emin = 1.00000E-01 MeV  : total alpha production
   6    MT =      4  Q =  0.00000E+00 MeV  Emin = 3.23364E-01 MeV  : total inelastic scattering

 Nuclide   68 / 130 : 31071.03c -- gallium 71 (Ga-71)

 Pointers                     : 518982 26391
 Primary type                 : Transport
 Nuclide ZAI                  : 310710
 Library ID                   : 03c
 Cross section data file      : /home/leonardo.zortea/mcnp/xs/acedata/31071ENDF7.ace
 Atomic weight (AW)           : 70.92428
 Atomic weight ratio (AWR)    : 70.31500
 Temperature                  : 300.0 Kelvin
 XS temperature               : 300.0 Kelvin
 Minimum and maximum energy   : 1.00000E-11 2.00000E+01
 Half-life                    : stable
 Specific ingestion toxicity  : N/A
 Specific inhalation toxicity : N/A

 - Nuclide is not involved in burnup calculation
 - Nuclide has neutron transport data
 - Nuclide has no photon transport data
 - Nuclide has no S(a,b) data
 - Nuclide has no isomeric branching data
 - Nuclide is not fissile
 - Nuclide is not a delayed neutron precursor
 - Nuclide has no delayed neutron data
 - Nuclide has no ures ptable data
 - Nuclide temperature is not adjusted with TMS
 - Nuclide has no dosimetry data
 - Nuclide has decay data
 - Nuclide has no supplementary transmutation cross section data
 - Nuclide has no NFY data
 - Nuclide has no SFY data

 - 23 reaction channels
 - 6 special reactions
 - No transmutation reactions
 - No transmutation branch reactions
 - No decay reactions
 - No decay branch reactions
 - No transmutation paths

 23 reactions channel:

   1    MT =      2  Q =  0.00000E+00 MeV  Emin = 1.00000E-11 MeV  frac = 1.00000E+00  : elastic scattering
   2    MT =     16  Q = -9.30540E+00 MeV  Emin = 9.43774E+00 MeV  frac = 1.00000E+00  : (n,2n)
   3    MT =     17  Q = -1.69590E+01 MeV  Emin = 1.72002E+01 MeV  frac = 1.00000E+00  : (n,3n)
   4    MT =     22  Q = -5.26120E+00 MeV  Emin = 9.80000E+00 MeV  frac = 1.00000E+00  : (n,nalpha)
   5    MT =     28  Q = -7.86730E+00 MeV  Emin = 9.00000E+00 MeV  frac = 1.00000E+00  : (n,np)
   6    MT =     51  Q = -3.90000E-01 MeV  Emin = 3.95550E-01 MeV  frac = 1.00000E+00  : inelastic scatt. to 1. excited state
   7    MT =     52  Q = -4.87300E-01 MeV  Emin = 4.94230E-01 MeV  frac = 1.00000E+00  : inelastic scatt. to 2. excited state
   8    MT =     53  Q = -5.11500E-01 MeV  Emin = 5.18775E-01 MeV  frac = 1.00000E+00  : inelastic scatt. to 3. excited state
   9    MT =     54  Q = -9.10100E-01 MeV  Emin = 9.23043E-01 MeV  frac = 1.00000E+00  : inelastic scatt. to 4. excited state
  10    MT =     55  Q = -9.64700E-01 MeV  Emin = 9.78420E-01 MeV  frac = 1.00000E+00  : inelastic scatt. to 5. excited state
  11    MT =     56  Q = -1.10740E+00 MeV  Emin = 1.12315E+00 MeV  frac = 1.00000E+00  : inelastic scatt. to 6. excited state
  12    MT =     57  Q = -1.10930E+00 MeV  Emin = 1.12510E+00 MeV  frac = 1.00000E+00  : inelastic scatt. to 7. excited state
  13    MT =     58  Q = -1.39500E+00 MeV  Emin = 1.41484E+00 MeV  frac = 1.00000E+00  : inelastic scatt. to 8. excited state
  14    MT =     59  Q = -1.47590E+00 MeV  Emin = 1.49690E+00 MeV  frac = 1.00000E+00  : inelastic scatt. to 9. excited state
  15    MT =     60  Q = -1.49370E+00 MeV  Emin = 1.51494E+00 MeV  frac = 1.00000E+00  : inelastic scatt. to 10. excited state
  16    MT =     91  Q = -1.49370E+00 MeV  Emin = 1.51494E+00 MeV  frac = 1.00000E+00  : inelastic scattering to continuum
  17    MT =    102  Q =  6.52120E+00 MeV  Emin = 1.00000E-11 MeV  frac = 1.00000E+00  : (n,gamma)
  18    MT =    103  Q = -2.03350E+00 MeV  Emin = 3.00000E+00 MeV  frac = 1.00000E+00  : (n,p)
  19    MT =    104  Q = -5.64280E+00 MeV  Emin = 7.50000E+00 MeV  frac = 1.00000E+00  : (n,d)
  20    MT =    105  Q = -8.60070E+00 MeV  Emin = 1.00000E+01 MeV  frac = 1.00000E+00  : (n,t)
  21    MT =    106  Q = -1.12580E+01 MeV  Emin = 1.60000E+01 MeV  frac = 1.00000E+00  : (n,He-3)
  22    MT =    107  Q =  1.04760E+00 MeV  Emin = 3.50000E+00 MeV  frac = 1.00000E+00  : (n,alpha)
  23    MT =    111  Q = -1.32560E+01 MeV  Emin = 1.90000E+01 MeV  frac = 1.00000E+00  : (n,2p)

 6 special reactions:

   1    MT =    203  Q =  0.00000E+00 MeV  Emin = 3.00000E+00 MeV  : total proton production
   2    MT =    204  Q =  0.00000E+00 MeV  Emin = 7.50000E+00 MeV  : total deuteron production
   3    MT =    205  Q =  0.00000E+00 MeV  Emin = 1.00000E+01 MeV  : total triton production
   4    MT =    206  Q =  0.00000E+00 MeV  Emin = 1.60000E+01 MeV  : total He-3 production
   5    MT =    207  Q =  0.00000E+00 MeV  Emin = 3.00000E+00 MeV  : total alpha production
   6    MT =      4  Q =  0.00000E+00 MeV  Emin = 3.95550E-01 MeV  : total inelastic scattering

 Nuclide   69 / 130 : 38084.03c -- strontium 84 (Sr-84)

 Pointers                     : 598386 34119
 Primary type                 : Transport
 Nuclide ZAI                  : 380840
 Library ID                   : 03c
 Cross section data file      : /home/leonardo.zortea/mcnp/xs/acedata/38084ENDF7.ace
 Atomic weight (AW)           : 83.91346
 Atomic weight ratio (AWR)    : 83.19260
 Temperature                  : 300.0 Kelvin
 XS temperature               : 300.0 Kelvin
 Minimum and maximum energy   : 1.00000E-11 2.00000E+01
 Half-life                    : stable
 Specific ingestion toxicity  : N/A
 Specific inhalation toxicity : N/A

 - Nuclide is not involved in burnup calculation
 - Nuclide has neutron transport data
 - Nuclide has no photon transport data
 - Nuclide has no S(a,b) data
 - Nuclide has isomeric branching data
 - Nuclide is not fissile
 - Nuclide is not a delayed neutron precursor
 - Nuclide has no delayed neutron data
 - Nuclide uses ures ptable data between 3.40000E-03 and 8.02740E-01 MeV
 - Nuclide temperature is not adjusted with TMS
 - Nuclide has no dosimetry data
 - Nuclide has decay data
 - Nuclide has no supplementary transmutation cross section data
 - Nuclide has no NFY data
 - Nuclide has no SFY data

 - 17 reaction channels
 - 69 special reactions
 - No transmutation reactions
 - 1 transmutation branch reactions
 - No decay reactions
 - No decay branch reactions
 - No transmutation paths

 17 reactions channel:

   1    MT =      2  Q =  0.00000E+00 MeV  Emin = 1.00000E-11 MeV  frac = 1.00000E+00  : elastic scattering
   2    MT =     16  Q = -1.19180E+01 MeV  Emin = 1.20613E+01 MeV  frac = 1.00000E+00  : (n,2n)
   3    MT =     22  Q = -5.17600E+00 MeV  Emin = 9.00000E+00 MeV  frac = 1.00000E+00  : (n,nalpha)
   4    MT =     28  Q = -8.86000E+00 MeV  Emin = 1.00000E+01 MeV  frac = 1.00000E+00  : (n,np)
   5    MT =     51  Q = -7.93300E-01 MeV  Emin = 8.02836E-01 MeV  frac = 1.00000E+00  : inelastic scatt. to 1. excited state
   6    MT =     52  Q = -1.45421E+00 MeV  Emin = 1.47169E+00 MeV  frac = 1.00000E+00  : inelastic scatt. to 2. excited state
   7    MT =     53  Q = -1.50200E+00 MeV  Emin = 1.52005E+00 MeV  frac = 1.00000E+00  : inelastic scatt. to 3. excited state
   8    MT =     54  Q = -1.76792E+00 MeV  Emin = 1.78917E+00 MeV  frac = 1.00000E+00  : inelastic scatt. to 4. excited state
   9    MT =     55  Q = -2.05671E+00 MeV  Emin = 2.08143E+00 MeV  frac = 1.00000E+00  : inelastic scatt. to 5. excited state
  10    MT =     56  Q = -2.07500E+00 MeV  Emin = 2.09994E+00 MeV  frac = 1.00000E+00  : inelastic scatt. to 6. excited state
  11    MT =     57  Q = -2.29822E+00 MeV  Emin = 2.32585E+00 MeV  frac = 1.00000E+00  : inelastic scatt. to 7. excited state
  12    MT =     58  Q = -2.39000E+00 MeV  Emin = 2.41873E+00 MeV  frac = 1.00000E+00  : inelastic scatt. to 8. excited state
  13    MT =     59  Q = -2.44831E+00 MeV  Emin = 2.47774E+00 MeV  frac = 1.00000E+00  : inelastic scatt. to 9. excited state
  14    MT =     91  Q = -9.78241E-01 MeV  Emin = 9.90000E-01 MeV  frac = 1.00000E+00  : inelastic scattering to continuum
  15    MT =    102  Q =  8.53000E+00 MeV  Emin = 1.00000E-11 MeV  frac = 1.00000E+00  : (n,gamma)
  16    MT =    103  Q =  0.00000E+00 MeV  Emin = 1.50000E+00 MeV  frac = 1.00000E+00  : (n,p)
  17    MT =    107  Q =  0.00000E+00 MeV  Emin = 7.00000E-01 MeV  frac = 1.00000E+00  : (n,alpha)

 1 additional transport branch:

   1    MT =    102  Q =  8.53000E+00 MeV  Emin = 1.00000E-11 MeV  frac = 1.00000E+00  : (n,gamma)

 69 special reactions:

   1    MT =    203  Q =  0.00000E+00 MeV  Emin = 1.50000E+00 MeV  : total proton production
   2    MT =    207  Q =  0.00000E+00 MeV  Emin = 7.00000E-01 MeV  : total alpha production
   3    MT =    600  Q = -1.12000E-01 MeV  Emin = 1.50000E+00 MeV  : (n,p) to ground state
   4    MT =    601  Q = -3.60020E-01 MeV  Emin = 1.50000E+00 MeV  : (n,p1)
   5    MT =    602  Q = -5.75620E-01 MeV  Emin = 2.00000E+00 MeV  : (n,p2)
   6    MT =    603  Q = -5.79100E-01 MeV  Emin = 2.00000E+00 MeV  : (n,p3)
   7    MT =    604  Q = -5.84800E-01 MeV  Emin = 2.00000E+00 MeV  : (n,p4)
   8    MT =    605  Q = -6.46000E-01 MeV  Emin = 2.00000E+00 MeV  : (n,p5)
   9    MT =    606  Q = -6.56200E-01 MeV  Emin = 2.00000E+00 MeV  : (n,p6)
  10    MT =    607  Q = -6.76000E-01 MeV  Emin = 2.00000E+00 MeV  : (n,p7)
  11    MT =    608  Q = -6.85400E-01 MeV  Emin = 2.00000E+00 MeV  : (n,p8)
  12    MT =    609  Q = -7.14600E-01 MeV  Emin = 2.00000E+00 MeV  : (n,p9)
  13    MT =    610  Q = -7.26100E-01 MeV  Emin = 2.00000E+00 MeV  : (n,p10)
  14    MT =    611  Q = -7.32000E-01 MeV  Emin = 2.00000E+00 MeV  : (n,p11)
  15    MT =    612  Q = -7.90000E-01 MeV  Emin = 2.00000E+00 MeV  : (n,p12)
  16    MT =    613  Q = -8.15800E-01 MeV  Emin = 2.00000E+00 MeV  : (n,p13)
  17    MT =    614  Q = -8.30000E-01 MeV  Emin = 2.00000E+00 MeV  : (n,p14)
  18    MT =    615  Q = -8.80000E-01 MeV  Emin = 2.00000E+00 MeV  : (n,p15)
  19    MT =    616  Q = -9.09000E-01 MeV  Emin = 2.00000E+00 MeV  : (n,p16)
  20    MT =    617  Q = -9.44000E-01 MeV  Emin = 2.00000E+00 MeV  : (n,p17)
  21    MT =    618  Q = -1.00200E+00 MeV  Emin = 2.00000E+00 MeV  : (n,p18)
  22    MT =    619  Q = -1.04100E+00 MeV  Emin = 2.50000E+00 MeV  : (n,p19)
  23    MT =    620  Q = -1.05300E+00 MeV  Emin = 2.50000E+00 MeV  : (n,p20)
  24    MT =    621  Q = -1.06900E+00 MeV  Emin = 2.50000E+00 MeV  : (n,p21)
  25    MT =    622  Q = -1.10200E+00 MeV  Emin = 2.50000E+00 MeV  : (n,p22)
  26    MT =    623  Q = -1.11900E+00 MeV  Emin = 2.50000E+00 MeV  : (n,p23)
  27    MT =    649  Q = -1.11900E+00 MeV  Emin = 2.50000E+00 MeV  : (n,p) to continuum
  28    MT =    800  Q =  2.69600E+00 MeV  Emin = 7.00000E-01 MeV  : (n,alpha) to ground state
  29    MT =    801  Q =  2.64645E+00 MeV  Emin = 7.00000E-01 MeV  : (n,a1)
  30    MT =    802  Q =  2.50538E+00 MeV  Emin = 1.00000E+00 MeV  : (n,a2)
  31    MT =    803  Q =  2.23931E+00 MeV  Emin = 1.00000E+00 MeV  : (n,a3)
  32    MT =    804  Q =  2.14703E+00 MeV  Emin = 1.00000E+00 MeV  : (n,a4)
  33    MT =    805  Q =  2.08752E+00 MeV  Emin = 1.50000E+00 MeV  : (n,a5)
  34    MT =    806  Q =  2.05924E+00 MeV  Emin = 1.50000E+00 MeV  : (n,a6)
  35    MT =    807  Q =  1.99519E+00 MeV  Emin = 1.50000E+00 MeV  : (n,a7)
  36    MT =    808  Q =  1.96403E+00 MeV  Emin = 1.50000E+00 MeV  : (n,a8)
  37    MT =    809  Q =  1.82230E+00 MeV  Emin = 1.50000E+00 MeV  : (n,a9)
  38    MT =    810  Q =  1.79347E+00 MeV  Emin = 1.50000E+00 MeV  : (n,a10)
  39    MT =    811  Q =  1.77619E+00 MeV  Emin = 1.50000E+00 MeV  : (n,a11)
  40    MT =    812  Q =  1.76191E+00 MeV  Emin = 1.50000E+00 MeV  : (n,a12)
  41    MT =    813  Q =  1.71965E+00 MeV  Emin = 1.50000E+00 MeV  : (n,a13)
  42    MT =    814  Q =  1.71945E+00 MeV  Emin = 1.50000E+00 MeV  : (n,a14)
  43    MT =    815  Q =  1.71442E+00 MeV  Emin = 1.50000E+00 MeV  : (n,a15)
  44    MT =    816  Q =  1.70168E+00 MeV  Emin = 1.50000E+00 MeV  : (n,a16)
  45    MT =    817  Q =  1.68121E+00 MeV  Emin = 1.50000E+00 MeV  : (n,a17)
  46    MT =    818  Q =  1.67040E+00 MeV  Emin = 2.00000E+00 MeV  : (n,a18)
  47    MT =    819  Q =  1.60250E+00 MeV  Emin = 2.00000E+00 MeV  : (n,a19)
  48    MT =    820  Q =  1.59596E+00 MeV  Emin = 2.00000E+00 MeV  : (n,a20)
  49    MT =    821  Q =  1.48940E+00 MeV  Emin = 2.00000E+00 MeV  : (n,a21)
  50    MT =    822  Q =  1.45691E+00 MeV  Emin = 2.00000E+00 MeV  : (n,a22)
  51    MT =    823  Q =  1.41784E+00 MeV  Emin = 2.00000E+00 MeV  : (n,a23)
  52    MT =    824  Q =  1.41547E+00 MeV  Emin = 2.00000E+00 MeV  : (n,a24)
  53    MT =    825  Q =  1.35771E+00 MeV  Emin = 2.00000E+00 MeV  : (n,a25)
  54    MT =    826  Q =  1.34683E+00 MeV  Emin = 2.00000E+00 MeV  : (n,a26)
  55    MT =    827  Q =  1.34484E+00 MeV  Emin = 2.00000E+00 MeV  : (n,a27)
  56    MT =    828  Q =  1.30023E+00 MeV  Emin = 2.00000E+00 MeV  : (n,a28)
  57    MT =    829  Q =  1.25246E+00 MeV  Emin = 2.00000E+00 MeV  : (n,a29)
  58    MT =    830  Q =  1.20438E+00 MeV  Emin = 2.00000E+00 MeV  : (n,a30)
  59    MT =    831  Q =  1.18981E+00 MeV  Emin = 2.00000E+00 MeV  : (n,a31)
  60    MT =    832  Q =  1.13780E+00 MeV  Emin = 2.50000E+00 MeV  : (n,a32)
  61    MT =    833  Q =  1.08854E+00 MeV  Emin = 2.50000E+00 MeV  : (n,a33)
  62    MT =    834  Q =  1.01802E+00 MeV  Emin = 2.50000E+00 MeV  : (n,a34)
  63    MT =    835  Q =  1.01330E+00 MeV  Emin = 2.50000E+00 MeV  : (n,a35)
  64    MT =    836  Q =  1.00810E+00 MeV  Emin = 2.50000E+00 MeV  : (n,a36)
  65    MT =    837  Q =  9.52370E-01 MeV  Emin = 2.50000E+00 MeV  : (n,a37)
  66    MT =    838  Q =  9.51310E-01 MeV  Emin = 2.50000E+00 MeV  : (n,a38)
  67    MT =    839  Q =  9.14200E-01 MeV  Emin = 2.50000E+00 MeV  : (n,a39)
  68    MT =    849  Q =  9.14200E-01 MeV  Emin = 1.50000E+00 MeV  : (n,alpha) to continuum
  69    MT =      4  Q =  0.00000E+00 MeV  Emin = 8.02836E-01 MeV  : total inelastic scattering

 Nuclide   70 / 130 : 38086.03c -- strontium 86 (Sr-86)

 Pointers                     : 604774 34395
 Primary type                 : Transport
 Nuclide ZAI                  : 380860
 Library ID                   : 03c
 Cross section data file      : /home/leonardo.zortea/mcnp/xs/acedata/38086ENDF7.ace
 Atomic weight (AW)           : 85.90931
 Atomic weight ratio (AWR)    : 85.17130
 Temperature                  : 300.0 Kelvin
 XS temperature               : 300.0 Kelvin
 Minimum and maximum energy   : 1.00000E-11 2.00000E+01
 Half-life                    : stable
 Specific ingestion toxicity  : N/A
 Specific inhalation toxicity : N/A

 - Nuclide is not involved in burnup calculation
 - Nuclide has neutron transport data
 - Nuclide has no photon transport data
 - Nuclide has no S(a,b) data
 - Nuclide has isomeric branching data
 - Nuclide is not fissile
 - Nuclide is not a delayed neutron precursor
 - Nuclide has no delayed neutron data
 - Nuclide uses ures ptable data between 3.00000E-02 and 9.99999E-02 MeV
 - Nuclide temperature is not adjusted with TMS
 - Nuclide has no dosimetry data
 - Nuclide has decay data
 - Nuclide has no supplementary transmutation cross section data
 - Nuclide has no NFY data
 - Nuclide has no SFY data

 - 24 reaction channels
 - 5 special reactions
 - No transmutation reactions
 - 1 transmutation branch reactions
 - No decay reactions
 - No decay branch reactions
 - No transmutation paths

 24 reactions channel:

   1    MT =      2  Q =  0.00000E+00 MeV  Emin = 1.00000E-11 MeV  frac = 1.00000E+00  : elastic scattering
   2    MT =     16  Q = -1.14932E+01 MeV  Emin = 1.16281E+01 MeV  frac = 1.00000E+00  : (n,2n)
   3    MT =     22  Q = -6.34298E+00 MeV  Emin = 7.00000E+00 MeV  frac = 1.00000E+00  : (n,nalpha)
   4    MT =     28  Q = -9.64693E+00 MeV  Emin = 1.00000E+01 MeV  frac = 1.00000E+00  : (n,np)
   5    MT =     51  Q = -1.07860E+00 MeV  Emin = 1.09126E+00 MeV  frac = 1.00000E+00  : inelastic scatt. to 1. excited state
   6    MT =     52  Q = -1.85420E+00 MeV  Emin = 1.87597E+00 MeV  frac = 1.00000E+00  : inelastic scatt. to 2. excited state
   7    MT =     53  Q = -2.22970E+00 MeV  Emin = 2.25588E+00 MeV  frac = 1.00000E+00  : inelastic scatt. to 3. excited state
   8    MT =     54  Q = -2.48190E+00 MeV  Emin = 2.51104E+00 MeV  frac = 1.00000E+00  : inelastic scatt. to 4. excited state
   9    MT =     55  Q = -2.64230E+00 MeV  Emin = 2.67332E+00 MeV  frac = 1.00000E+00  : inelastic scatt. to 5. excited state
  10    MT =     56  Q = -2.67280E+00 MeV  Emin = 2.70418E+00 MeV  frac = 1.00000E+00  : inelastic scatt. to 6. excited state
  11    MT =     57  Q = -2.78800E+00 MeV  Emin = 2.82073E+00 MeV  frac = 1.00000E+00  : inelastic scatt. to 7. excited state
  12    MT =     58  Q = -2.85690E+00 MeV  Emin = 2.89044E+00 MeV  frac = 1.00000E+00  : inelastic scatt. to 8. excited state
  13    MT =     59  Q = -2.87830E+00 MeV  Emin = 2.91209E+00 MeV  frac = 1.00000E+00  : inelastic scatt. to 9. excited state
  14    MT =     60  Q = -2.95550E+00 MeV  Emin = 2.99020E+00 MeV  frac = 1.00000E+00  : inelastic scatt. to 10. excited state
  15    MT =     61  Q = -2.99730E+00 MeV  Emin = 3.03249E+00 MeV  frac = 1.00000E+00  : inelastic scatt. to 11. excited state
  16    MT =     62  Q = -3.05570E+00 MeV  Emin = 3.09158E+00 MeV  frac = 1.00000E+00  : inelastic scatt. to 12. excited state
  17    MT =     63  Q = -3.18520E+00 MeV  Emin = 3.22260E+00 MeV  frac = 1.00000E+00  : inelastic scatt. to 13. excited state
  18    MT =     91  Q = -3.29110E+00 MeV  Emin = 3.32974E+00 MeV  frac = 1.00000E+00  : inelastic scattering to continuum
  19    MT =    102  Q =  8.42819E+00 MeV  Emin = 1.00000E-11 MeV  frac = 1.00000E+00  : (n,gamma)
  20    MT =    103  Q = -9.91935E-01 MeV  Emin = 1.00358E+00 MeV  frac = 1.00000E+00  : (n,p)
  21    MT =    104  Q = -7.33681E+00 MeV  Emin = 8.00000E+00 MeV  frac = 1.00000E+00  : (n,d)
  22    MT =    105  Q = -1.16346E+01 MeV  Emin = 1.20000E+01 MeV  frac = 1.00000E+00  : (n,t)
  23    MT =    107  Q =  1.12671E+00 MeV  Emin = 9.99999E-02 MeV  frac = 1.00000E+00  : (n,alpha)
  24    MT =    111  Q = -9.55147E+00 MeV  Emin = 1.20000E+01 MeV  frac = 1.00000E+00  : (n,2p)

 1 additional transport branch:

   1    MT =    102  Q =  8.42819E+00 MeV  Emin = 1.00000E-11 MeV  frac = 1.00000E+00  : (n,gamma)

 5 special reactions:

   1    MT =    203  Q =  0.00000E+00 MeV  Emin = 1.00358E+00 MeV  : total proton production
   2    MT =    204  Q =  0.00000E+00 MeV  Emin = 7.87083E+00 MeV  : total deuteron production
   3    MT =    205  Q =  0.00000E+00 MeV  Emin = 1.20000E+01 MeV  : total triton production
   4    MT =    207  Q =  0.00000E+00 MeV  Emin = 9.99999E-02 MeV  : total alpha production
   5    MT =      4  Q =  0.00000E+00 MeV  Emin = 1.09126E+00 MeV  : total inelastic scattering

 Nuclide   71 / 130 : 38087.03c -- strontium 87 (Sr-87)

 Pointers                     : 607058 34671
 Primary type                 : Transport
 Nuclide ZAI                  : 380870
 Library ID                   : 03c
 Cross section data file      : /home/leonardo.zortea/mcnp/xs/acedata/38087ENDF7.ace
 Atomic weight (AW)           : 86.90889
 Atomic weight ratio (AWR)    : 86.16230
 Temperature                  : 300.0 Kelvin
 XS temperature               : 300.0 Kelvin
 Minimum and maximum energy   : 1.00000E-11 2.00000E+01
 Half-life                    : stable
 Specific ingestion toxicity  : N/A
 Specific inhalation toxicity : N/A

 - Nuclide is not involved in burnup calculation
 - Nuclide has neutron transport data
 - Nuclide has no photon transport data
 - Nuclide has no S(a,b) data
 - Nuclide has no isomeric branching data
 - Nuclide is not fissile
 - Nuclide is not a delayed neutron precursor
 - Nuclide has no delayed neutron data
 - Nuclide uses ures ptable data between 1.40800E-02 and 9.99999E-02 MeV
 - Nuclide temperature is not adjusted with TMS
 - Nuclide has no dosimetry data
 - Nuclide has decay data
 - Nuclide has no supplementary transmutation cross section data
 - Nuclide has no NFY data
 - Nuclide has no SFY data

 - 19 reaction channels
 - 6 special reactions
 - No transmutation reactions
 - No transmutation branch reactions
 - No decay reactions
 - No decay branch reactions
 - No transmutation paths

 19 reactions channel:

   1    MT =      2  Q =  0.00000E+00 MeV  Emin = 1.00000E-11 MeV  frac = 1.00000E+00  : elastic scattering
   2    MT =     16  Q = -8.43290E+00 MeV  Emin = 8.53078E+00 MeV  frac = 1.00000E+00  : (n,2n)
   3    MT =     22  Q = -7.30618E+00 MeV  Emin = 8.00000E+00 MeV  frac = 1.00000E+00  : (n,nalpha)
   4    MT =     28  Q = -9.42483E+00 MeV  Emin = 1.00000E+01 MeV  frac = 1.00000E+00  : (n,np)
   5    MT =     32  Q = -1.57697E+01 MeV  Emin = 1.60000E+01 MeV  frac = 1.00000E+00  : (n,nd)
   6    MT =     51  Q = -3.88299E-01 MeV  Emin = 3.92807E-01 MeV  frac = 1.00000E+00  : inelastic scatt. to 1. excited state
   7    MT =     52  Q = -8.72999E-01 MeV  Emin = 8.83132E-01 MeV  frac = 1.00000E+00  : inelastic scatt. to 2. excited state
   8    MT =     53  Q = -1.22900E+00 MeV  Emin = 1.24327E+00 MeV  frac = 1.00000E+00  : inelastic scatt. to 3. excited state
   9    MT =     54  Q = -1.25700E+00 MeV  Emin = 1.27159E+00 MeV  frac = 1.00000E+00  : inelastic scatt. to 4. excited state
  10    MT =     55  Q = -1.73900E+00 MeV  Emin = 1.75918E+00 MeV  frac = 1.00000E+00  : inelastic scatt. to 5. excited state
  11    MT =     56  Q = -1.77100E+00 MeV  Emin = 1.79156E+00 MeV  frac = 1.00000E+00  : inelastic scatt. to 6. excited state
  12    MT =     57  Q = -1.92100E+00 MeV  Emin = 1.94330E+00 MeV  frac = 1.00000E+00  : inelastic scatt. to 7. excited state
  13    MT =     91  Q = -1.99700E+00 MeV  Emin = 2.02018E+00 MeV  frac = 1.00000E+00  : inelastic scattering to continuum
  14    MT =    102  Q =  1.11130E+01 MeV  Emin = 1.00000E-11 MeV  frac = 1.00000E+00  : (n,gamma)
  15    MT =    103  Q =  5.09259E-01 MeV  Emin = 9.99999E-02 MeV  frac = 1.00000E+00  : (n,p)
  16    MT =    104  Q = -7.11471E+00 MeV  Emin = 7.39099E+00 MeV  frac = 1.00000E+00  : (n,d)
  17    MT =    105  Q = -9.58456E+00 MeV  Emin = 1.03719E+01 MeV  frac = 1.00000E+00  : (n,t)
  18    MT =    106  Q = -1.02529E+01 MeV  Emin = 1.20000E+01 MeV  frac = 1.00000E+00  : (n,He-3)
  19    MT =    107  Q =  3.21721E+00 MeV  Emin = 9.99999E-02 MeV  frac = 1.00000E+00  : (n,alpha)

 6 special reactions:

   1    MT =    203  Q =  0.00000E+00 MeV  Emin = 9.99999E-02 MeV  : total proton production
   2    MT =    204  Q =  0.00000E+00 MeV  Emin = 7.19730E+00 MeV  : total deuteron production
   3    MT =    205  Q =  0.00000E+00 MeV  Emin = 1.03719E+01 MeV  : total triton production
   4    MT =    206  Q =  0.00000E+00 MeV  Emin = 1.20000E+01 MeV  : total He-3 production
   5    MT =    207  Q =  0.00000E+00 MeV  Emin = 9.99999E-02 MeV  : total alpha production
   6    MT =      4  Q =  0.00000E+00 MeV  Emin = 3.92807E-01 MeV  : total inelastic scattering

 Nuclide   72 / 130 : 38088.03c -- strontium 88 (Sr-88)

 Pointers                     : 608963 34947
 Primary type                 : Transport
 Nuclide ZAI                  : 380880
 Library ID                   : 03c
 Cross section data file      : /home/leonardo.zortea/mcnp/xs/acedata/38088ENDF7.ace
 Atomic weight (AW)           : 87.90515
 Atomic weight ratio (AWR)    : 87.15000
 Temperature                  : 300.0 Kelvin
 XS temperature               : 300.0 Kelvin
 Minimum and maximum energy   : 1.00000E-11 2.00000E+01
 Half-life                    : stable
 Specific ingestion toxicity  : N/A
 Specific inhalation toxicity : N/A

 - Nuclide is not involved in burnup calculation
 - Nuclide has neutron transport data
 - Nuclide has no photon transport data
 - Nuclide has no S(a,b) data
 - Nuclide has no isomeric branching data
 - Nuclide is not fissile
 - Nuclide is not a delayed neutron precursor
 - Nuclide has no delayed neutron data
 - Nuclide has no ures ptable data
 - Nuclide temperature is not adjusted with TMS
 - Nuclide has no dosimetry data
 - Nuclide has decay data
 - Nuclide has no supplementary transmutation cross section data
 - Nuclide has no NFY data
 - Nuclide has no SFY data

 - 34 reaction channels
 - 6 special reactions
 - No transmutation reactions
 - No transmutation branch reactions
 - No decay reactions
 - No decay branch reactions
 - No transmutation paths

 34 reactions channel:

   1    MT =      2  Q =  0.00000E+00 MeV  Emin = 1.00000E-11 MeV  frac = 1.00000E+00  : elastic scattering
   2    MT =     16  Q = -1.11130E+01 MeV  Emin = 1.12405E+01 MeV  frac = 1.00000E+00  : (n,2n)
   3    MT =     17  Q = -1.95410E+01 MeV  Emin = 1.97660E+01 MeV  frac = 1.00000E+00  : (n,3n)
   4    MT =     22  Q = -7.91050E+00 MeV  Emin = 9.00000E+00 MeV  frac = 1.00000E+00  : (n,nalpha)
   5    MT =     28  Q = -1.06120E+01 MeV  Emin = 1.24000E+01 MeV  frac = 1.00000E+00  : (n,np)
   6    MT =     51  Q = -1.83610E+00 MeV  Emin = 1.85720E+00 MeV  frac = 1.00000E+00  : inelastic scatt. to 1. excited state
   7    MT =     52  Q = -2.73410E+00 MeV  Emin = 2.76550E+00 MeV  frac = 1.00000E+00  : inelastic scatt. to 2. excited state
   8    MT =     53  Q = -3.15200E+00 MeV  Emin = 3.18820E+00 MeV  frac = 1.00000E+00  : inelastic scatt. to 3. excited state
   9    MT =     54  Q = -3.21850E+00 MeV  Emin = 3.25543E+00 MeV  frac = 1.00000E+00  : inelastic scatt. to 4. excited state
  10    MT =     55  Q = -3.48660E+00 MeV  Emin = 3.52661E+00 MeV  frac = 1.00000E+00  : inelastic scatt. to 5. excited state
  11    MT =     56  Q = -3.52290E+00 MeV  Emin = 3.56332E+00 MeV  frac = 1.00000E+00  : inelastic scatt. to 6. excited state
  12    MT =     57  Q = -3.58480E+00 MeV  Emin = 3.62594E+00 MeV  frac = 1.00000E+00  : inelastic scatt. to 7. excited state
  13    MT =     58  Q = -3.63510E+00 MeV  Emin = 3.67681E+00 MeV  frac = 1.00000E+00  : inelastic scatt. to 8. excited state
  14    MT =     59  Q = -3.95260E+00 MeV  Emin = 3.99800E+00 MeV  frac = 1.00000E+00  : inelastic scatt. to 9. excited state
  15    MT =     60  Q = -4.01960E+00 MeV  Emin = 4.06572E+00 MeV  frac = 1.00000E+00  : inelastic scatt. to 10. excited state
  16    MT =     61  Q = -4.03560E+00 MeV  Emin = 4.08191E+00 MeV  frac = 1.00000E+00  : inelastic scatt. to 11. excited state
  17    MT =     62  Q = -4.03910E+00 MeV  Emin = 4.08545E+00 MeV  frac = 1.00000E+00  : inelastic scatt. to 12. excited state
  18    MT =     63  Q = -4.17040E+00 MeV  Emin = 4.21830E+00 MeV  frac = 1.00000E+00  : inelastic scatt. to 13. excited state
  19    MT =     64  Q = -4.17100E+00 MeV  Emin = 4.21890E+00 MeV  frac = 1.00000E+00  : inelastic scatt. to 14. excited state
  20    MT =     65  Q = -4.22720E+00 MeV  Emin = 4.27571E+00 MeV  frac = 1.00000E+00  : inelastic scatt. to 15. excited state
  21    MT =     66  Q = -4.26870E+00 MeV  Emin = 4.31770E+00 MeV  frac = 1.00000E+00  : inelastic scatt. to 16. excited state
  22    MT =     67  Q = -4.29970E+00 MeV  Emin = 4.34904E+00 MeV  frac = 1.00000E+00  : inelastic scatt. to 17. excited state
  23    MT =     68  Q = -4.36820E+00 MeV  Emin = 4.41832E+00 MeV  frac = 1.00000E+00  : inelastic scatt. to 18. excited state
  24    MT =     69  Q = -4.41390E+00 MeV  Emin = 4.46455E+00 MeV  frac = 1.00000E+00  : inelastic scatt. to 19. excited state
  25    MT =     70  Q = -4.45200E+00 MeV  Emin = 4.50310E+00 MeV  frac = 1.00000E+00  : inelastic scatt. to 20. excited state
  26    MT =     71  Q = -4.48500E+00 MeV  Emin = 4.53650E+00 MeV  frac = 1.00000E+00  : inelastic scatt. to 21. excited state
  27    MT =     72  Q = -4.51400E+00 MeV  Emin = 4.56580E+00 MeV  frac = 1.00000E+00  : inelastic scatt. to 22. excited state
  28    MT =     91  Q = -4.51400E+00 MeV  Emin = 4.56580E+00 MeV  frac = 1.00000E+00  : inelastic scattering to continuum
  29    MT =    102  Q =  6.36700E+00 MeV  Emin = 1.00000E-11 MeV  frac = 1.00000E+00  : (n,gamma)
  30    MT =    103  Q = -4.53270E+00 MeV  Emin = 6.00130E+00 MeV  frac = 1.00000E+00  : (n,p)
  31    MT =    104  Q = -8.38720E+00 MeV  Emin = 9.65000E+00 MeV  frac = 1.00000E+00  : (n,d)
  32    MT =    105  Q = -1.20500E+01 MeV  Emin = 1.35000E+01 MeV  frac = 1.00000E+00  : (n,t)
  33    MT =    106  Q = -1.15140E+01 MeV  Emin = 1.80000E+01 MeV  frac = 1.00000E+00  : (n,He-3)
  34    MT =    107  Q = -7.92740E-01 MeV  Emin = 2.00000E+00 MeV  frac = 1.00000E+00  : (n,alpha)

 6 special reactions:

   1    MT =    203  Q =  0.00000E+00 MeV  Emin = 6.00130E+00 MeV  : total proton production
   2    MT =    204  Q =  0.00000E+00 MeV  Emin = 9.65000E+00 MeV  : total deuteron production
   3    MT =    205  Q =  0.00000E+00 MeV  Emin = 1.35000E+01 MeV  : total triton production
   4    MT =    206  Q =  0.00000E+00 MeV  Emin = 1.75000E+01 MeV  : total He-3 production
   5    MT =    207  Q =  0.00000E+00 MeV  Emin = 2.00000E+00 MeV  : total alpha production
   6    MT =      4  Q =  0.00000E+00 MeV  Emin = 1.85720E+00 MeV  : total inelastic scattering

 Nuclide   73 / 130 : 40090.03c -- zirconium 90 (Zr-90)

 Pointers                     : 521175 36879
 Primary type                 : Transport
 Nuclide ZAI                  : 400900
 Library ID                   : 03c
 Cross section data file      : /home/leonardo.zortea/mcnp/xs/acedata/40090ENDF7.ace
 Atomic weight (AW)           : 89.90473
 Atomic weight ratio (AWR)    : 89.13240
 Temperature                  : 300.0 Kelvin
 XS temperature               : 300.0 Kelvin
 Minimum and maximum energy   : 1.00000E-11 2.00000E+01
 Half-life                    : stable
 Specific ingestion toxicity  : N/A
 Specific inhalation toxicity : N/A

 - Nuclide is not involved in burnup calculation
 - Nuclide has neutron transport data
 - Nuclide has no photon transport data
 - Nuclide has no S(a,b) data
 - Nuclide has no isomeric branching data
 - Nuclide is not fissile
 - Nuclide is not a delayed neutron precursor
 - Nuclide has no delayed neutron data
 - Nuclide uses ures ptable data between 6.00000E-02 and 4.00000E-01 MeV
 - Nuclide temperature is not adjusted with TMS
 - Nuclide has no dosimetry data
 - Nuclide has decay data
 - Nuclide has no supplementary transmutation cross section data
 - Nuclide has no NFY data
 - Nuclide has no SFY data

 - 18 reaction channels
 - 62 special reactions
 - No transmutation reactions
 - No transmutation branch reactions
 - No decay reactions
 - No decay branch reactions
 - No transmutation paths

 18 reactions channel:

   1    MT =      2  Q =  0.00000E+00 MeV  Emin = 1.00000E-11 MeV  frac = 1.00000E+00  : elastic scattering
   2    MT =     16  Q = -1.19700E+01 MeV  Emin = 1.21043E+01 MeV  frac = 1.00000E+00  : (n,2n)
   3    MT =     22  Q = -6.67100E+00 MeV  Emin = 1.00000E+01 MeV  frac = 1.00000E+00  : (n,nalpha)
   4    MT =     28  Q = -8.35500E+00 MeV  Emin = 8.44874E+00 MeV  frac = 1.00000E+00  : (n,np)
   5    MT =     51  Q = -1.76071E+00 MeV  Emin = 1.78046E+00 MeV  frac = 1.00000E+00  : inelastic scatt. to 1. excited state
   6    MT =     52  Q = -2.18627E+00 MeV  Emin = 2.21080E+00 MeV  frac = 1.00000E+00  : inelastic scatt. to 2. excited state
   7    MT =     53  Q = -2.31900E+00 MeV  Emin = 2.34502E+00 MeV  frac = 1.00000E+00  : inelastic scatt. to 3. excited state
   8    MT =     54  Q = -2.73930E+00 MeV  Emin = 2.77003E+00 MeV  frac = 1.00000E+00  : inelastic scatt. to 4. excited state
   9    MT =     55  Q = -2.74788E+00 MeV  Emin = 2.77871E+00 MeV  frac = 1.00000E+00  : inelastic scatt. to 5. excited state
  10    MT =     56  Q = -3.07693E+00 MeV  Emin = 3.11145E+00 MeV  frac = 1.00000E+00  : inelastic scatt. to 6. excited state
  11    MT =     57  Q = -3.30880E+00 MeV  Emin = 3.34592E+00 MeV  frac = 1.00000E+00  : inelastic scatt. to 7. excited state
  12    MT =     58  Q = -3.44823E+00 MeV  Emin = 3.48692E+00 MeV  frac = 1.00000E+00  : inelastic scatt. to 8. excited state
  13    MT =     59  Q = -3.55700E+00 MeV  Emin = 3.59691E+00 MeV  frac = 1.00000E+00  : inelastic scatt. to 9. excited state
  14    MT =     60  Q = -3.58942E+00 MeV  Emin = 3.62969E+00 MeV  frac = 1.00000E+00  : inelastic scatt. to 10. excited state
  15    MT =     91  Q = -1.27272E+00 MeV  Emin = 1.28700E+00 MeV  frac = 1.00000E+00  : inelastic scattering to continuum
  16    MT =    102  Q =  7.19400E+00 MeV  Emin = 1.00000E-11 MeV  frac = 1.00000E+00  : (n,gamma)
  17    MT =    103  Q =  0.00000E+00 MeV  Emin = 2.75000E+00 MeV  frac = 1.00000E+00  : (n,p)
  18    MT =    107  Q =  0.00000E+00 MeV  Emin = 2.00000E+00 MeV  frac = 1.00000E+00  : (n,alpha)

 62 special reactions:

   1    MT =    203  Q =  0.00000E+00 MeV  Emin = 2.75000E+00 MeV  : total proton production
   2    MT =    207  Q =  0.00000E+00 MeV  Emin = 2.00000E+00 MeV  : total alpha production
   3    MT =    600  Q = -1.49800E+00 MeV  Emin = 2.75000E+00 MeV  : (n,p) to ground state
   4    MT =    601  Q = -1.70050E+00 MeV  Emin = 3.00000E+00 MeV  : (n,p1)
   5    MT =    602  Q = -2.17967E+00 MeV  Emin = 3.60000E+00 MeV  : (n,p2)
   6    MT =    603  Q = -2.27460E+00 MeV  Emin = 3.60000E+00 MeV  : (n,p3)
   7    MT =    604  Q = -2.45152E+00 MeV  Emin = 3.80000E+00 MeV  : (n,p4)
   8    MT =    605  Q = -2.54487E+00 MeV  Emin = 4.00000E+00 MeV  : (n,p5)
   9    MT =    606  Q = -2.68769E+00 MeV  Emin = 4.00000E+00 MeV  : (n,p6)
  10    MT =    607  Q = -2.70959E+00 MeV  Emin = 4.00000E+00 MeV  : (n,p7)
  11    MT =    608  Q = -2.79620E+00 MeV  Emin = 4.20000E+00 MeV  : (n,p8)
  12    MT =    609  Q = -2.86914E+00 MeV  Emin = 4.20000E+00 MeV  : (n,p9)
  13    MT =    610  Q = -2.91459E+00 MeV  Emin = 4.40000E+00 MeV  : (n,p10)
  14    MT =    611  Q = -3.05990E+00 MeV  Emin = 4.40000E+00 MeV  : (n,p11)
  15    MT =    612  Q = -3.06967E+00 MeV  Emin = 4.40000E+00 MeV  : (n,p12)
  16    MT =    613  Q = -3.13892E+00 MeV  Emin = 4.40000E+00 MeV  : (n,p13)
  17    MT =    614  Q = -3.25899E+00 MeV  Emin = 4.60000E+00 MeV  : (n,p14)
  18    MT =    615  Q = -3.30902E+00 MeV  Emin = 4.60000E+00 MeV  : (n,p15)
  19    MT =    616  Q = -3.31315E+00 MeV  Emin = 4.60000E+00 MeV  : (n,p16)
  20    MT =    649  Q = -3.31315E+00 MeV  Emin = 4.80000E+00 MeV  : (n,p) to continuum
  21    MT =    800  Q =  1.75600E+00 MeV  Emin = 2.00000E+00 MeV  : (n,alpha) to ground state
  22    MT =    801  Q =  1.36747E+00 MeV  Emin = 2.50000E+00 MeV  : (n,a1)
  23    MT =    802  Q =  8.82660E-01 MeV  Emin = 3.00000E+00 MeV  : (n,a2)
  24    MT =    803  Q =  5.27580E-01 MeV  Emin = 3.20000E+00 MeV  : (n,a3)
  25    MT =    804  Q =  5.02060E-01 MeV  Emin = 3.20000E+00 MeV  : (n,a4)
  26    MT =    805  Q =  1.60000E-02 MeV  Emin = 3.80000E+00 MeV  : (n,a5)
  27    MT =    806  Q =  1.40000E-02 MeV  Emin = 3.80000E+00 MeV  : (n,a6)
  28    MT =    807  Q = -1.44600E-02 MeV  Emin = 3.80000E+00 MeV  : (n,a7)
  29    MT =    808  Q = -1.64480E-01 MeV  Emin = 4.00000E+00 MeV  : (n,a8)
  30    MT =    809  Q = -3.54050E-01 MeV  Emin = 4.20000E+00 MeV  : (n,a9)
  31    MT =    810  Q = -3.97500E-01 MeV  Emin = 4.20000E+00 MeV  : (n,a10)
  32    MT =    811  Q = -4.13420E-01 MeV  Emin = 4.20000E+00 MeV  : (n,a11)
  33    MT =    812  Q = -4.79700E-01 MeV  Emin = 4.40000E+00 MeV  : (n,a12)
  34    MT =    813  Q = -5.06000E-01 MeV  Emin = 4.40000E+00 MeV  : (n,a13)
  35    MT =    814  Q = -6.58500E-01 MeV  Emin = 4.40000E+00 MeV  : (n,a14)
  36    MT =    815  Q = -6.64400E-01 MeV  Emin = 4.40000E+00 MeV  : (n,a15)
  37    MT =    816  Q = -7.32000E-01 MeV  Emin = 4.60000E+00 MeV  : (n,a16)
  38    MT =    817  Q = -7.76800E-01 MeV  Emin = 4.60000E+00 MeV  : (n,a17)
  39    MT =    818  Q = -7.80300E-01 MeV  Emin = 4.60000E+00 MeV  : (n,a18)
  40    MT =    819  Q = -7.83000E-01 MeV  Emin = 4.60000E+00 MeV  : (n,a19)
  41    MT =    820  Q = -7.94000E-01 MeV  Emin = 4.60000E+00 MeV  : (n,a20)
  42    MT =    821  Q = -7.99000E-01 MeV  Emin = 4.60000E+00 MeV  : (n,a21)
  43    MT =    822  Q = -8.40000E-01 MeV  Emin = 4.60000E+00 MeV  : (n,a22)
  44    MT =    823  Q = -8.75000E-01 MeV  Emin = 4.80000E+00 MeV  : (n,a23)
  45    MT =    824  Q = -9.00000E-01 MeV  Emin = 4.80000E+00 MeV  : (n,a24)
  46    MT =    825  Q = -9.20840E-01 MeV  Emin = 4.80000E+00 MeV  : (n,a25)
  47    MT =    826  Q = -9.23000E-01 MeV  Emin = 4.80000E+00 MeV  : (n,a26)
  48    MT =    827  Q = -9.26000E-01 MeV  Emin = 4.80000E+00 MeV  : (n,a27)
  49    MT =    828  Q = -9.51500E-01 MeV  Emin = 4.80000E+00 MeV  : (n,a28)
  50    MT =    829  Q = -1.04715E+00 MeV  Emin = 4.80000E+00 MeV  : (n,a29)
  51    MT =    830  Q = -1.06289E+00 MeV  Emin = 4.80000E+00 MeV  : (n,a30)
  52    MT =    831  Q = -1.06500E+00 MeV  Emin = 4.80000E+00 MeV  : (n,a31)
  53    MT =    832  Q = -1.07520E+00 MeV  Emin = 4.80000E+00 MeV  : (n,a32)
  54    MT =    833  Q = -1.09452E+00 MeV  Emin = 4.80000E+00 MeV  : (n,a33)
  55    MT =    834  Q = -1.13700E+00 MeV  Emin = 5.00000E+00 MeV  : (n,a34)
  56    MT =    835  Q = -1.14810E+00 MeV  Emin = 5.00000E+00 MeV  : (n,a35)
  57    MT =    836  Q = -1.16480E+00 MeV  Emin = 5.00000E+00 MeV  : (n,a36)
  58    MT =    837  Q = -1.16509E+00 MeV  Emin = 5.00000E+00 MeV  : (n,a37)
  59    MT =    838  Q = -1.18469E+00 MeV  Emin = 5.00000E+00 MeV  : (n,a38)
  60    MT =    839  Q = -1.22400E+00 MeV  Emin = 5.00000E+00 MeV  : (n,a39)
  61    MT =    849  Q = -1.22400E+00 MeV  Emin = 5.50000E+00 MeV  : (n,alpha) to continuum
  62    MT =      4  Q =  0.00000E+00 MeV  Emin = 1.28700E+00 MeV  : total inelastic scattering

 Nuclide   74 / 130 : 40091.03c -- zirconium 91 (Zr-91)

 Pointers                     : 527040 37155
 Primary type                 : Transport
 Nuclide ZAI                  : 400910
 Library ID                   : 03c
 Cross section data file      : /home/leonardo.zortea/mcnp/xs/acedata/40091ENDF7.ace
 Atomic weight (AW)           : 90.90563
 Atomic weight ratio (AWR)    : 90.12470
 Temperature                  : 300.0 Kelvin
 XS temperature               : 300.0 Kelvin
 Minimum and maximum energy   : 1.00000E-11 2.00000E+01
 Half-life                    : stable
 Specific ingestion toxicity  : N/A
 Specific inhalation toxicity : N/A

 - Nuclide is not involved in burnup calculation
 - Nuclide has neutron transport data
 - Nuclide has no photon transport data
 - Nuclide has no S(a,b) data
 - Nuclide has no isomeric branching data
 - Nuclide is not fissile
 - Nuclide is not a delayed neutron precursor
 - Nuclide has no delayed neutron data
 - Nuclide uses ures ptable data between 2.00000E-02 and 9.99999E-02 MeV
 - Nuclide temperature is not adjusted with TMS
 - Nuclide has no dosimetry data
 - Nuclide has decay data
 - Nuclide has no supplementary transmutation cross section data
 - Nuclide has no NFY data
 - Nuclide has no SFY data

 - 27 reaction channels
 - 6 special reactions
 - No transmutation reactions
 - No transmutation branch reactions
 - No decay reactions
 - No decay branch reactions
 - No transmutation paths

 27 reactions channel:

   1    MT =      2  Q =  0.00000E+00 MeV  Emin = 1.00000E-11 MeV  frac = 1.00000E+00  : elastic scattering
   2    MT =     16  Q = -7.20258E+00 MeV  Emin = 7.28251E+00 MeV  frac = 1.00000E+00  : (n,2n)
   3    MT =     17  Q = -1.91859E+01 MeV  Emin = 1.93988E+01 MeV  frac = 1.00000E+00  : (n,3n)
   4    MT =     22  Q = -5.45233E+00 MeV  Emin = 8.00000E+00 MeV  frac = 1.00000E+00  : (n,nalpha)
   5    MT =     28  Q = -8.70881E+00 MeV  Emin = 9.00000E+00 MeV  frac = 1.00000E+00  : (n,np)
   6    MT =     32  Q = -1.33442E+01 MeV  Emin = 1.40000E+01 MeV  frac = 1.00000E+00  : (n,nd)
   7    MT =     51  Q = -1.20480E+00 MeV  Emin = 1.21817E+00 MeV  frac = 1.00000E+00  : inelastic scatt. to 1. excited state
   8    MT =     52  Q = -1.46630E+00 MeV  Emin = 1.48257E+00 MeV  frac = 1.00000E+00  : inelastic scatt. to 2. excited state
   9    MT =     53  Q = -1.88210E+00 MeV  Emin = 1.90298E+00 MeV  frac = 1.00000E+00  : inelastic scatt. to 3. excited state
  10    MT =     54  Q = -2.04220E+00 MeV  Emin = 2.06486E+00 MeV  frac = 1.00000E+00  : inelastic scatt. to 4. excited state
  11    MT =     55  Q = -2.13130E+00 MeV  Emin = 2.15495E+00 MeV  frac = 1.00000E+00  : inelastic scatt. to 5. excited state
  12    MT =     56  Q = -2.17000E+00 MeV  Emin = 2.19408E+00 MeV  frac = 1.00000E+00  : inelastic scatt. to 6. excited state
  13    MT =     57  Q = -2.18990E+00 MeV  Emin = 2.21420E+00 MeV  frac = 1.00000E+00  : inelastic scatt. to 7. excited state
  14    MT =     58  Q = -2.20070E+00 MeV  Emin = 2.22512E+00 MeV  frac = 1.00000E+00  : inelastic scatt. to 8. excited state
  15    MT =     59  Q = -2.25970E+00 MeV  Emin = 2.28477E+00 MeV  frac = 1.00000E+00  : inelastic scatt. to 9. excited state
  16    MT =     60  Q = -2.28760E+00 MeV  Emin = 2.31298E+00 MeV  frac = 1.00000E+00  : inelastic scatt. to 10. excited state
  17    MT =     61  Q = -2.32010E+00 MeV  Emin = 2.34584E+00 MeV  frac = 1.00000E+00  : inelastic scatt. to 11. excited state
  18    MT =     62  Q = -2.35580E+00 MeV  Emin = 2.38194E+00 MeV  frac = 1.00000E+00  : inelastic scatt. to 12. excited state
  19    MT =     63  Q = -2.36690E+00 MeV  Emin = 2.39316E+00 MeV  frac = 1.00000E+00  : inelastic scatt. to 13. excited state
  20    MT =     64  Q = -2.39490E+00 MeV  Emin = 2.42147E+00 MeV  frac = 1.00000E+00  : inelastic scatt. to 14. excited state
  21    MT =     91  Q = -2.39500E+00 MeV  Emin = 2.42157E+00 MeV  frac = 1.00000E+00  : inelastic scattering to continuum
  22    MT =    102  Q =  8.63509E+00 MeV  Emin = 1.00000E-11 MeV  frac = 1.00000E+00  : (n,gamma)
  23    MT =    103  Q = -7.60531E-01 MeV  Emin = 1.00000E+00 MeV  frac = 1.00000E+00  : (n,p)
  24    MT =    104  Q = -6.48420E+00 MeV  Emin = 6.55616E+00 MeV  frac = 1.00000E+00  : (n,d)
  25    MT =    105  Q = -7.08660E+00 MeV  Emin = 8.00000E+00 MeV  frac = 1.00000E+00  : (n,t)
  26    MT =    106  Q = -8.55750E+00 MeV  Emin = 1.00000E+01 MeV  frac = 1.00000E+00  : (n,He-3)
  27    MT =    107  Q =  5.67229E+00 MeV  Emin = 9.99999E-02 MeV  frac = 1.00000E+00  : (n,alpha)

 6 special reactions:

   1    MT =    203  Q =  0.00000E+00 MeV  Emin = 1.00000E+00 MeV  : total proton production
   2    MT =    204  Q =  0.00000E+00 MeV  Emin = 6.50000E+00 MeV  : total deuteron production
   3    MT =    205  Q =  0.00000E+00 MeV  Emin = 7.94003E+00 MeV  : total triton production
   4    MT =    206  Q =  0.00000E+00 MeV  Emin = 9.74004E+00 MeV  : total He-3 production
   5    MT =    207  Q =  0.00000E+00 MeV  Emin = 9.99999E-02 MeV  : total alpha production
   6    MT =      4  Q =  0.00000E+00 MeV  Emin = 1.21817E+00 MeV  : total inelastic scattering

 Nuclide   75 / 130 : 40092.03c -- zirconium 92 (Zr-92)

 Pointers                     : 529521 37431
 Primary type                 : Transport
 Nuclide ZAI                  : 400920
 Library ID                   : 03c
 Cross section data file      : /home/leonardo.zortea/mcnp/xs/acedata/40092ENDF7.ace
 Atomic weight (AW)           : 91.90501
 Atomic weight ratio (AWR)    : 91.11550
 Temperature                  : 300.0 Kelvin
 XS temperature               : 300.0 Kelvin
 Minimum and maximum energy   : 1.00000E-11 2.00000E+01
 Half-life                    : stable
 Specific ingestion toxicity  : N/A
 Specific inhalation toxicity : N/A

 - Nuclide is not involved in burnup calculation
 - Nuclide has neutron transport data
 - Nuclide has no photon transport data
 - Nuclide has no S(a,b) data
 - Nuclide has no isomeric branching data
 - Nuclide is not fissile
 - Nuclide is not a delayed neutron precursor
 - Nuclide has no delayed neutron data
 - Nuclide uses ures ptable data between 7.10000E-02 and 9.99999E-02 MeV
 - Nuclide temperature is not adjusted with TMS
 - Nuclide has no dosimetry data
 - Nuclide has decay data
 - Nuclide has no supplementary transmutation cross section data
 - Nuclide has no NFY data
 - Nuclide has no SFY data

 - 30 reaction channels
 - 5 special reactions
 - No transmutation reactions
 - No transmutation branch reactions
 - No decay reactions
 - No decay branch reactions
 - No transmutation paths

 30 reactions channel:

   1    MT =      2  Q =  0.00000E+00 MeV  Emin = 1.00000E-11 MeV  frac = 1.00000E+00  : elastic scattering
   2    MT =     16  Q = -8.63508E+00 MeV  Emin = 8.72986E+00 MeV  frac = 1.00000E+00  : (n,2n)
   3    MT =     17  Q = -1.58377E+01 MeV  Emin = 1.60115E+01 MeV  frac = 1.00000E+00  : (n,3n)
   4    MT =     22  Q = -2.96741E+00 MeV  Emin = 3.00000E+00 MeV  frac = 1.00000E+00  : (n,nalpha)
   5    MT =     28  Q = -9.40023E+00 MeV  Emin = 1.00000E+01 MeV  frac = 1.00000E+00  : (n,np)
   6    MT =     32  Q = -1.50350E+01 MeV  Emin = 1.58838E+01 MeV  frac = 1.00000E+00  : (n,nd)
   7    MT =     33  Q = -1.57114E+01 MeV  Emin = 1.60176E+01 MeV  frac = 1.00000E+00  : (n,nt)
   8    MT =     51  Q = -9.34499E-01 MeV  Emin = 9.44756E-01 MeV  frac = 1.00000E+00  : inelastic scatt. to 1. excited state
   9    MT =     52  Q = -1.38280E+00 MeV  Emin = 1.39798E+00 MeV  frac = 1.00000E+00  : inelastic scatt. to 2. excited state
  10    MT =     53  Q = -1.49540E+00 MeV  Emin = 1.51181E+00 MeV  frac = 1.00000E+00  : inelastic scatt. to 3. excited state
  11    MT =     54  Q = -1.84730E+00 MeV  Emin = 1.86757E+00 MeV  frac = 1.00000E+00  : inelastic scatt. to 4. excited state
  12    MT =     55  Q = -2.06670E+00 MeV  Emin = 2.08938E+00 MeV  frac = 1.00000E+00  : inelastic scatt. to 5. excited state
  13    MT =     56  Q = -2.15000E+00 MeV  Emin = 2.17360E+00 MeV  frac = 1.00000E+00  : inelastic scatt. to 6. excited state
  14    MT =     57  Q = -2.33970E+00 MeV  Emin = 2.36538E+00 MeV  frac = 1.00000E+00  : inelastic scatt. to 7. excited state
  15    MT =     58  Q = -2.39830E+00 MeV  Emin = 2.42462E+00 MeV  frac = 1.00000E+00  : inelastic scatt. to 8. excited state
  16    MT =     59  Q = -2.48590E+00 MeV  Emin = 2.51318E+00 MeV  frac = 1.00000E+00  : inelastic scatt. to 9. excited state
  17    MT =     60  Q = -2.74350E+00 MeV  Emin = 2.77361E+00 MeV  frac = 1.00000E+00  : inelastic scatt. to 10. excited state
  18    MT =     61  Q = -2.81970E+00 MeV  Emin = 2.85065E+00 MeV  frac = 1.00000E+00  : inelastic scatt. to 11. excited state
  19    MT =     62  Q = -2.86400E+00 MeV  Emin = 2.89543E+00 MeV  frac = 1.00000E+00  : inelastic scatt. to 12. excited state
  20    MT =     63  Q = -2.90360E+00 MeV  Emin = 2.93547E+00 MeV  frac = 1.00000E+00  : inelastic scatt. to 13. excited state
  21    MT =     64  Q = -2.90950E+00 MeV  Emin = 2.94143E+00 MeV  frac = 1.00000E+00  : inelastic scatt. to 14. excited state
  22    MT =     65  Q = -2.95780E+00 MeV  Emin = 2.99026E+00 MeV  frac = 1.00000E+00  : inelastic scatt. to 15. excited state
  23    MT =     66  Q = -3.03970E+00 MeV  Emin = 3.07306E+00 MeV  frac = 1.00000E+00  : inelastic scatt. to 16. excited state
  24    MT =     67  Q = -3.05780E+00 MeV  Emin = 3.09136E+00 MeV  frac = 1.00000E+00  : inelastic scatt. to 17. excited state
  25    MT =     91  Q = -3.05800E+00 MeV  Emin = 3.09156E+00 MeV  frac = 1.00000E+00  : inelastic scattering to continuum
  26    MT =    102  Q =  6.73199E+00 MeV  Emin = 1.00000E-11 MeV  frac = 1.00000E+00  : (n,gamma)
  27    MT =    103  Q = -2.85164E+00 MeV  Emin = 3.00000E+00 MeV  frac = 1.00000E+00  : (n,p)
  28    MT =    104  Q = -7.09011E+00 MeV  Emin = 7.16794E+00 MeV  frac = 1.00000E+00  : (n,d)
  29    MT =    105  Q = -8.84985E+00 MeV  Emin = 9.50341E+00 MeV  frac = 1.00000E+00  : (n,t)
  30    MT =    107  Q =  3.40109E+00 MeV  Emin = 9.99999E-02 MeV  frac = 1.00000E+00  : (n,alpha)

 5 special reactions:

   1    MT =    203  Q =  0.00000E+00 MeV  Emin = 3.00000E+00 MeV  : total proton production
   2    MT =    204  Q =  0.00000E+00 MeV  Emin = 7.16524E+00 MeV  : total deuteron production
   3    MT =    205  Q =  0.00000E+00 MeV  Emin = 9.50000E+00 MeV  : total triton production
   4    MT =    207  Q =  0.00000E+00 MeV  Emin = 9.99999E-02 MeV  : total alpha production
   5    MT =      4  Q =  0.00000E+00 MeV  Emin = 9.44756E-01 MeV  : total inelastic scattering

 Nuclide   76 / 130 : 40094.03c -- zirconium 94 (Zr-94)

 Pointers                     : 532146 37983
 Primary type                 : Transport
 Nuclide ZAI                  : 400940
 Library ID                   : 03c
 Cross section data file      : /home/leonardo.zortea/mcnp/xs/acedata/40094ENDF7.ace
 Atomic weight (AW)           : 93.90631
 Atomic weight ratio (AWR)    : 93.09960
 Temperature                  : 300.0 Kelvin
 XS temperature               : 300.0 Kelvin
 Minimum and maximum energy   : 1.00000E-11 2.00000E+01
 Half-life                    : stable
 Specific ingestion toxicity  : 9.60E-09 Sv/Bq
 Specific inhalation toxicity : 1.10E-08 Sv/Bq

 - Nuclide is not involved in burnup calculation
 - Nuclide has neutron transport data
 - Nuclide has no photon transport data
 - Nuclide has no S(a,b) data
 - Nuclide has no isomeric branching data
 - Nuclide is not fissile
 - Nuclide is not a delayed neutron precursor
 - Nuclide has no delayed neutron data
 - Nuclide uses ures ptable data between 9.00000E-02 and 9.99999E-02 MeV
 - Nuclide temperature is not adjusted with TMS
 - Nuclide has no dosimetry data
 - Nuclide has decay data
 - Nuclide has no supplementary transmutation cross section data
 - Nuclide has no NFY data
 - Nuclide has no SFY data

 - 26 reaction channels
 - 5 special reactions
 - No transmutation reactions
 - No transmutation branch reactions
 - No decay reactions
 - No decay branch reactions
 - No transmutation paths

 26 reactions channel:

   1    MT =      2  Q =  0.00000E+00 MeV  Emin = 1.00000E-11 MeV  frac = 1.00000E+00  : elastic scattering
   2    MT =     16  Q = -8.19108E+00 MeV  Emin = 8.27907E+00 MeV  frac = 1.00000E+00  : (n,2n)
   3    MT =     17  Q = -1.49496E+01 MeV  Emin = 1.51102E+01 MeV  frac = 1.00000E+00  : (n,3n)
   4    MT =     22  Q = -3.75108E+00 MeV  Emin = 4.14346E+00 MeV  frac = 1.00000E+00  : (n,nalpha)
   5    MT =     28  Q = -1.03305E+01 MeV  Emin = 1.10000E+01 MeV  frac = 1.00000E+00  : (n,np)
   6    MT =     32  Q = -1.55015E+01 MeV  Emin = 1.60354E+01 MeV  frac = 1.00000E+00  : (n,nd)
   7    MT =     51  Q = -9.18699E-01 MeV  Emin = 9.28568E-01 MeV  frac = 1.00000E+00  : inelastic scatt. to 1. excited state
   8    MT =     52  Q = -1.30020E+00 MeV  Emin = 1.31417E+00 MeV  frac = 1.00000E+00  : inelastic scatt. to 2. excited state
   9    MT =     53  Q = -1.46960E+00 MeV  Emin = 1.48539E+00 MeV  frac = 1.00000E+00  : inelastic scatt. to 3. excited state
  10    MT =     54  Q = -1.67140E+00 MeV  Emin = 1.68935E+00 MeV  frac = 1.00000E+00  : inelastic scatt. to 4. excited state
  11    MT =     55  Q = -2.05760E+00 MeV  Emin = 2.07970E+00 MeV  frac = 1.00000E+00  : inelastic scatt. to 5. excited state
  12    MT =     56  Q = -2.15130E+00 MeV  Emin = 2.17441E+00 MeV  frac = 1.00000E+00  : inelastic scatt. to 6. excited state
  13    MT =     57  Q = -2.33020E+00 MeV  Emin = 2.35523E+00 MeV  frac = 1.00000E+00  : inelastic scatt. to 7. excited state
  14    MT =     58  Q = -2.36610E+00 MeV  Emin = 2.39152E+00 MeV  frac = 1.00000E+00  : inelastic scatt. to 8. excited state
  15    MT =     59  Q = -2.50770E+00 MeV  Emin = 2.53464E+00 MeV  frac = 1.00000E+00  : inelastic scatt. to 9. excited state
  16    MT =     60  Q = -2.60450E+00 MeV  Emin = 2.63248E+00 MeV  frac = 1.00000E+00  : inelastic scatt. to 10. excited state
  17    MT =     61  Q = -2.69850E+00 MeV  Emin = 2.72749E+00 MeV  frac = 1.00000E+00  : inelastic scatt. to 11. excited state
  18    MT =     62  Q = -2.82600E+00 MeV  Emin = 2.85636E+00 MeV  frac = 1.00000E+00  : inelastic scatt. to 12. excited state
  19    MT =     63  Q = -2.84630E+00 MeV  Emin = 2.87687E+00 MeV  frac = 1.00000E+00  : inelastic scatt. to 13. excited state
  20    MT =     64  Q = -2.86060E+00 MeV  Emin = 2.89133E+00 MeV  frac = 1.00000E+00  : inelastic scatt. to 14. excited state
  21    MT =     91  Q = -2.86100E+00 MeV  Emin = 2.89173E+00 MeV  frac = 1.00000E+00  : inelastic scattering to continuum
  22    MT =    102  Q =  6.47089E+00 MeV  Emin = 1.00000E-11 MeV  frac = 1.00000E+00  : (n,gamma)
  23    MT =    103  Q = -4.09942E+00 MeV  Emin = 4.14346E+00 MeV  frac = 1.00000E+00  : (n,p)
  24    MT =    104  Q = -8.02041E+00 MeV  Emin = 8.31164E+00 MeV  frac = 1.00000E+00  : (n,d)
  25    MT =    105  Q = -9.31636E+00 MeV  Emin = 1.00000E+01 MeV  frac = 1.00000E+00  : (n,t)
  26    MT =    107  Q =  2.05631E+00 MeV  Emin = 9.99999E-02 MeV  frac = 1.00000E+00  : (n,alpha)

 5 special reactions:

   1    MT =    203  Q =  0.00000E+00 MeV  Emin = 4.14346E+00 MeV  : total proton production
   2    MT =    204  Q =  0.00000E+00 MeV  Emin = 8.30633E+00 MeV  : total deuteron production
   3    MT =    205  Q =  0.00000E+00 MeV  Emin = 1.00000E+01 MeV  : total triton production
   4    MT =    207  Q =  0.00000E+00 MeV  Emin = 9.99999E-02 MeV  : total alpha production
   5    MT =      4  Q =  0.00000E+00 MeV  Emin = 9.28568E-01 MeV  : total inelastic scattering

 Nuclide   77 / 130 : 40096.03c -- zirconium 96 (Zr-96)

 Pointers                     : 534483 38535
 Primary type                 : Transport
 Nuclide ZAI                  : 400960
 Library ID                   : 03c
 Cross section data file      : /home/leonardo.zortea/mcnp/xs/acedata/40096ENDF7.ace
 Atomic weight (AW)           : 95.90830
 Atomic weight ratio (AWR)    : 95.08440
 Temperature                  : 300.0 Kelvin
 XS temperature               : 300.0 Kelvin
 Minimum and maximum energy   : 1.00000E-11 2.00000E+01
 Half-life                    : stable
 Specific ingestion toxicity  : 2.80E-08 Sv/Bq
 Specific inhalation toxicity : 3.10E-08 Sv/Bq

 - Nuclide is not involved in burnup calculation
 - Nuclide has neutron transport data
 - Nuclide has no photon transport data
 - Nuclide has no S(a,b) data
 - Nuclide has no isomeric branching data
 - Nuclide is not fissile
 - Nuclide is not a delayed neutron precursor
 - Nuclide has no delayed neutron data
 - Nuclide has no ures ptable data
 - Nuclide temperature is not adjusted with TMS
 - Nuclide has no dosimetry data
 - Nuclide has decay data
 - Nuclide has no supplementary transmutation cross section data
 - Nuclide has no NFY data
 - Nuclide has no SFY data

 - 18 reaction channels
 - 5 special reactions
 - No transmutation reactions
 - No transmutation branch reactions
 - 1 decay reactions
 - No decay branch reactions
 - No transmutation paths
 - All reaction paths linked to target

 18 reactions channel:

   1    MT =      2  Q =  0.00000E+00 MeV  Emin = 1.00000E-11 MeV  frac = 1.00000E+00  : elastic scattering
   2    MT =     16  Q = -7.83168E+00 MeV  Emin = 7.91406E+00 MeV  frac = 1.00000E+00  : (n,2n)
   3    MT =     17  Q = -1.43063E+01 MeV  Emin = 1.44568E+01 MeV  frac = 1.00000E+00  : (n,3n)
   4    MT =     22  Q = -4.97458E+00 MeV  Emin = 5.02691E+00 MeV  frac = 1.00000E+00  : (n,nalpha)
   5    MT =     28  Q = -1.15053E+01 MeV  Emin = 1.20000E+01 MeV  frac = 1.00000E+00  : (n,np)
   6    MT =     51  Q = -1.59400E+00 MeV  Emin = 1.61077E+00 MeV  frac = 1.00000E+00  : inelastic scatt. to 1. excited state
   7    MT =     52  Q = -1.75050E+00 MeV  Emin = 1.76891E+00 MeV  frac = 1.00000E+00  : inelastic scatt. to 2. excited state
   8    MT =     53  Q = -1.89710E+00 MeV  Emin = 1.91705E+00 MeV  frac = 1.00000E+00  : inelastic scatt. to 3. excited state
   9    MT =     54  Q = -2.22590E+00 MeV  Emin = 2.24931E+00 MeV  frac = 1.00000E+00  : inelastic scatt. to 4. excited state
  10    MT =     55  Q = -2.33000E+00 MeV  Emin = 2.35451E+00 MeV  frac = 1.00000E+00  : inelastic scatt. to 5. excited state
  11    MT =     56  Q = -2.44000E+00 MeV  Emin = 2.46566E+00 MeV  frac = 1.00000E+00  : inelastic scatt. to 6. excited state
  12    MT =     57  Q = -2.85740E+00 MeV  Emin = 2.88745E+00 MeV  frac = 1.00000E+00  : inelastic scatt. to 7. excited state
  13    MT =     91  Q = -2.85700E+00 MeV  Emin = 2.88705E+00 MeV  frac = 1.00000E+00  : inelastic scattering to continuum
  14    MT =    102  Q =  5.58089E+00 MeV  Emin = 1.00000E-11 MeV  frac = 1.00000E+00  : (n,gamma)
  15    MT =    103  Q = -6.23222E+00 MeV  Emin = 6.29777E+00 MeV  frac = 1.00000E+00  : (n,p)
  16    MT =    104  Q = -9.19521E+00 MeV  Emin = 1.00417E+01 MeV  frac = 1.00000E+00  : (n,d)
  17    MT =    105  Q = -9.93715E+00 MeV  Emin = 1.00417E+01 MeV  frac = 1.00000E+00  : (n,t)
  18    MT =    107  Q =  4.89512E-01 MeV  Emin = 9.99999E-02 MeV  frac = 1.00000E+00  : (n,alpha)

 5 special reactions:

   1    MT =    203  Q =  0.00000E+00 MeV  Emin = 6.29712E+00 MeV  : total proton production
   2    MT =    204  Q =  0.00000E+00 MeV  Emin = 1.00417E+01 MeV  : total deuteron production
   3    MT =    205  Q =  0.00000E+00 MeV  Emin = 1.00417E+01 MeV  : total triton production
   4    MT =    207  Q =  0.00000E+00 MeV  Emin = 9.99999E-02 MeV  : total alpha production
   5    MT =      4  Q =  0.00000E+00 MeV  Emin = 1.61077E+00 MeV  : total inelastic scattering

 1 decay reaction:

   1  RTYP = 11    Q =  3.34770E+00 MeV  frac = 1.00000E+00  : beta- + beta-

 Nuclide   78 / 130 : 41093.03c -- niobium 93 (Nb-93)

 Pointers                     : 621838 38811
 Primary type                 : Transport
 Nuclide ZAI                  : 410930
 Library ID                   : 03c
 Cross section data file      : /home/leonardo.zortea/mcnp/xs/acedata/41093ENDF7.ace
 Atomic weight (AW)           : 92.90319
 Atomic weight ratio (AWR)    : 92.10510
 Temperature                  : 300.0 Kelvin
 XS temperature               : 300.0 Kelvin
 Minimum and maximum energy   : 1.00000E-11 1.50000E+02
 Half-life                    : stable
 Specific ingestion toxicity  : N/A
 Specific inhalation toxicity : N/A

 - Nuclide is not involved in burnup calculation
 - Nuclide has neutron transport data
 - Nuclide has no photon transport data
 - Nuclide has no S(a,b) data
 - Nuclide has isomeric branching data
 - Nuclide is not fissile
 - Nuclide is not a delayed neutron precursor
 - Nuclide has no delayed neutron data
 - Nuclide has no ures ptable data
 - Nuclide temperature is not adjusted with TMS
 - Nuclide has no dosimetry data
 - Nuclide has decay data
 - Nuclide has no supplementary transmutation cross section data
 - Nuclide has no NFY data
 - Nuclide has no SFY data

 - 37 reaction channels
 - 5 special reactions
 - No transmutation reactions
 - 1 transmutation branch reactions
 - No decay reactions
 - No decay branch reactions
 - No transmutation paths

 37 reactions channel:

   1    MT =      2  Q =  0.00000E+00 MeV  Emin = 1.00000E-11 MeV  frac = 1.00000E+00  : elastic scattering
   2    MT =      5  Q =  0.00000E+00 MeV  Emin = 2.00000E+01 MeV  frac = 1.00000E+00  : anything
   3    MT =     16  Q = -8.83300E+00 MeV  Emin = 8.92900E+00 MeV  frac = 1.00000E+00  : (n,2n)
   4    MT =     17  Q = -1.67150E+01 MeV  Emin = 1.69000E+01 MeV  frac = 1.00000E+00  : (n,3n)
   5    MT =     22  Q = -1.93800E+00 MeV  Emin = 1.96000E+00 MeV  frac = 1.00000E+00  : (n,nalpha)
   6    MT =     28  Q = -6.04200E+00 MeV  Emin = 6.10760E+00 MeV  frac = 1.00000E+00  : (n,np)
   7    MT =     32  Q = -1.24600E+01 MeV  Emin = 1.25953E+01 MeV  frac = 1.00000E+00  : (n,nd)
   8    MT =     33  Q = -1.33400E+01 MeV  Emin = 1.34848E+01 MeV  frac = 1.00000E+00  : (n,nt)
   9    MT =     51  Q = -3.07300E-02 MeV  Emin = 3.10637E-02 MeV  frac = 1.00000E+00  : inelastic scatt. to 1. excited state
  10    MT =     52  Q = -6.79900E-01 MeV  Emin = 6.87300E-01 MeV  frac = 1.00000E+00  : inelastic scatt. to 2. excited state
  11    MT =     53  Q = -7.44000E-01 MeV  Emin = 7.52078E-01 MeV  frac = 1.00000E+00  : inelastic scatt. to 3. excited state
  12    MT =     54  Q = -8.01000E-01 MeV  Emin = 8.09697E-01 MeV  frac = 1.00000E+00  : inelastic scatt. to 4. excited state
  13    MT =     55  Q = -8.08000E-01 MeV  Emin = 8.16773E-01 MeV  frac = 1.00000E+00  : inelastic scatt. to 5. excited state
  14    MT =     56  Q = -9.49900E-01 MeV  Emin = 9.60213E-01 MeV  frac = 1.00000E+00  : inelastic scatt. to 6. excited state
  15    MT =     57  Q = -9.79000E-01 MeV  Emin = 9.89629E-01 MeV  frac = 1.00000E+00  : inelastic scatt. to 7. excited state
  16    MT =     58  Q = -1.08000E+00 MeV  Emin = 1.09200E+00 MeV  frac = 1.00000E+00  : inelastic scatt. to 8. excited state
  17    MT =     59  Q = -1.30000E+00 MeV  Emin = 1.31411E+00 MeV  frac = 1.00000E+00  : inelastic scatt. to 9. excited state
  18    MT =     60  Q = -1.32000E+00 MeV  Emin = 1.33433E+00 MeV  frac = 1.00000E+00  : inelastic scatt. to 10. excited state
  19    MT =     61  Q = -1.33000E+00 MeV  Emin = 1.34444E+00 MeV  frac = 1.00000E+00  : inelastic scatt. to 11. excited state
  20    MT =     62  Q = -1.37000E+00 MeV  Emin = 1.38500E+00 MeV  frac = 1.00000E+00  : inelastic scatt. to 12. excited state
  21    MT =     63  Q = -1.39000E+00 MeV  Emin = 1.40509E+00 MeV  frac = 1.00000E+00  : inelastic scatt. to 13. excited state
  22    MT =     64  Q = -1.48000E+00 MeV  Emin = 1.49607E+00 MeV  frac = 1.00000E+00  : inelastic scatt. to 14. excited state
  23    MT =     65  Q = -1.48400E+00 MeV  Emin = 1.50011E+00 MeV  frac = 1.00000E+00  : inelastic scatt. to 15. excited state
  24    MT =     66  Q = -1.50000E+00 MeV  Emin = 1.51629E+00 MeV  frac = 1.00000E+00  : inelastic scatt. to 16. excited state
  25    MT =     67  Q = -1.60000E+00 MeV  Emin = 1.61737E+00 MeV  frac = 1.00000E+00  : inelastic scatt. to 17. excited state
  26    MT =     68  Q = -1.67000E+00 MeV  Emin = 1.68813E+00 MeV  frac = 1.00000E+00  : inelastic scatt. to 18. excited state
  27    MT =     69  Q = -1.68000E+00 MeV  Emin = 1.69824E+00 MeV  frac = 1.00000E+00  : inelastic scatt. to 19. excited state
  28    MT =     70  Q = -1.68100E+00 MeV  Emin = 1.69925E+00 MeV  frac = 1.00000E+00  : inelastic scatt. to 20. excited state
  29    MT =     71  Q = -1.69000E+00 MeV  Emin = 1.70835E+00 MeV  frac = 1.00000E+00  : inelastic scatt. to 21. excited state
  30    MT =     72  Q = -1.95000E+00 MeV  Emin = 1.97117E+00 MeV  frac = 1.00000E+00  : inelastic scatt. to 22. excited state
  31    MT =     73  Q = -2.15500E+00 MeV  Emin = 2.17840E+00 MeV  frac = 1.00000E+00  : inelastic scatt. to 23. excited state
  32    MT =     91  Q = -2.17700E+00 MeV  Emin = 2.20064E+00 MeV  frac = 1.00000E+00  : inelastic scattering to continuum
  33    MT =    102  Q =  7.21400E+00 MeV  Emin = 1.00000E-11 MeV  frac = 1.00000E+00  : (n,gamma)
  34    MT =    103  Q =  6.93000E-01 MeV  Emin = 1.00000E-11 MeV  frac = 1.00000E+00  : (n,p)
  35    MT =    104  Q = -3.81700E+00 MeV  Emin = 3.85900E+00 MeV  frac = 1.00000E+00  : (n,d)
  36    MT =    105  Q = -6.19500E+00 MeV  Emin = 6.26300E+00 MeV  frac = 1.00000E+00  : (n,t)
  37    MT =    107  Q =  4.91800E+00 MeV  Emin = 1.00000E-11 MeV  frac = 1.00000E+00  : (n,alpha)

 1 additional transport branch:

   1    MT =    102  Q =  7.21400E+00 MeV  Emin = 1.00000E-11 MeV  frac = 1.00000E+00  : (n,gamma)

 5 special reactions:

   1    MT =    203  Q =  0.00000E+00 MeV  Emin = 1.00000E-11 MeV  : total proton production
   2    MT =    204  Q =  0.00000E+00 MeV  Emin = 3.85900E+00 MeV  : total deuteron production
   3    MT =    205  Q =  0.00000E+00 MeV  Emin = 6.26000E+00 MeV  : total triton production
   4    MT =    207  Q =  0.00000E+00 MeV  Emin = 1.00000E-11 MeV  : total alpha production
   5    MT =      4  Q =  0.00000E+00 MeV  Emin = 3.10637E-02 MeV  : total inelastic scattering

 Nuclide   79 / 130 : 42092.03c -- molybdenum 92 (Mo-92)

 Pointers                     : 489983 39915
 Primary type                 : Transport
 Nuclide ZAI                  : 420920
 Library ID                   : 03c
 Cross section data file      : /home/leonardo.zortea/mcnp/xs/acedata/42092ENDF7.ace
 Atomic weight (AW)           : 91.90683
 Atomic weight ratio (AWR)    : 91.11730
 Temperature                  : 300.0 Kelvin
 XS temperature               : 300.0 Kelvin
 Minimum and maximum energy   : 1.00000E-11 2.00000E+01
 Half-life                    : stable
 Specific ingestion toxicity  : 7.00E-09 Sv/Bq
 Specific inhalation toxicity : 1.20E-08 Sv/Bq

 - Nuclide is not involved in burnup calculation
 - Nuclide has neutron transport data
 - Nuclide has no photon transport data
 - Nuclide has no S(a,b) data
 - Nuclide has isomeric branching data
 - Nuclide is not fissile
 - Nuclide is not a delayed neutron precursor
 - Nuclide has no delayed neutron data
 - Nuclide uses ures ptable data between 5.00000E-02 and 9.99999E-02 MeV
 - Nuclide temperature is not adjusted with TMS
 - Nuclide has no dosimetry data
 - Nuclide has decay data
 - Nuclide has no supplementary transmutation cross section data
 - Nuclide has no NFY data
 - Nuclide has no SFY data

 - 28 reaction channels
 - 6 special reactions
 - No transmutation reactions
 - 1 transmutation branch reactions
 - No decay reactions
 - No decay branch reactions
 - No transmutation paths

 28 reactions channel:

   1    MT =      2  Q =  0.00000E+00 MeV  Emin = 1.00000E-11 MeV  frac = 1.00000E+00  : elastic scattering
   2    MT =     16  Q = -1.26921E+01 MeV  Emin = 1.28314E+01 MeV  frac = 1.00000E+00  : (n,2n)
   3    MT =     22  Q = -5.62333E+00 MeV  Emin = 8.00000E+00 MeV  frac = 1.00000E+00  : (n,nalpha)
   4    MT =     28  Q = -7.46561E+00 MeV  Emin = 8.00000E+00 MeV  frac = 1.00000E+00  : (n,np)
   5    MT =     51  Q = -1.50950E+00 MeV  Emin = 1.52607E+00 MeV  frac = 1.00000E+00  : inelastic scatt. to 1. excited state
   6    MT =     52  Q = -2.28260E+00 MeV  Emin = 2.30765E+00 MeV  frac = 1.00000E+00  : inelastic scatt. to 2. excited state
   7    MT =     53  Q = -2.51970E+00 MeV  Emin = 2.54735E+00 MeV  frac = 1.00000E+00  : inelastic scatt. to 3. excited state
   8    MT =     54  Q = -2.52710E+00 MeV  Emin = 2.55484E+00 MeV  frac = 1.00000E+00  : inelastic scatt. to 4. excited state
   9    MT =     55  Q = -2.61240E+00 MeV  Emin = 2.64107E+00 MeV  frac = 1.00000E+00  : inelastic scatt. to 5. excited state
  10    MT =     56  Q = -2.76040E+00 MeV  Emin = 2.79070E+00 MeV  frac = 1.00000E+00  : inelastic scatt. to 6. excited state
  11    MT =     57  Q = -2.84970E+00 MeV  Emin = 2.88098E+00 MeV  frac = 1.00000E+00  : inelastic scatt. to 7. excited state
  12    MT =     58  Q = -3.00700E+00 MeV  Emin = 3.04000E+00 MeV  frac = 1.00000E+00  : inelastic scatt. to 8. excited state
  13    MT =     59  Q = -3.06410E+00 MeV  Emin = 3.09773E+00 MeV  frac = 1.00000E+00  : inelastic scatt. to 9. excited state
  14    MT =     60  Q = -3.09130E+00 MeV  Emin = 3.12523E+00 MeV  frac = 1.00000E+00  : inelastic scatt. to 10. excited state
  15    MT =     61  Q = -3.36910E+00 MeV  Emin = 3.40608E+00 MeV  frac = 1.00000E+00  : inelastic scatt. to 11. excited state
  16    MT =     62  Q = -3.54199E+00 MeV  Emin = 3.58087E+00 MeV  frac = 1.00000E+00  : inelastic scatt. to 12. excited state
  17    MT =     63  Q = -3.58029E+00 MeV  Emin = 3.61959E+00 MeV  frac = 1.00000E+00  : inelastic scatt. to 13. excited state
  18    MT =     64  Q = -3.62119E+00 MeV  Emin = 3.66094E+00 MeV  frac = 1.00000E+00  : inelastic scatt. to 14. excited state
  19    MT =     65  Q = -3.62479E+00 MeV  Emin = 3.66458E+00 MeV  frac = 1.00000E+00  : inelastic scatt. to 15. excited state
  20    MT =     66  Q = -3.68799E+00 MeV  Emin = 3.72848E+00 MeV  frac = 1.00000E+00  : inelastic scatt. to 16. excited state
  21    MT =     91  Q = -3.68799E+00 MeV  Emin = 3.72848E+00 MeV  frac = 1.00000E+00  : inelastic scattering to continuum
  22    MT =    102  Q =  8.06739E+00 MeV  Emin = 1.00000E-11 MeV  frac = 1.00000E+00  : (n,gamma)
  23    MT =    103  Q =  4.23561E-01 MeV  Emin = 9.99999E-02 MeV  frac = 1.00000E+00  : (n,p)
  24    MT =    104  Q = -5.15362E+00 MeV  Emin = 5.66944E+00 MeV  frac = 1.00000E+00  : (n,d)
  25    MT =    105  Q = -1.10275E+01 MeV  Emin = 1.20000E+01 MeV  frac = 1.00000E+00  : (n,t)
  26    MT =    106  Q = -4.89824E+00 MeV  Emin = 6.00000E+00 MeV  frac = 1.00000E+00  : (n,He-3)
  27    MT =    107  Q =  3.70670E+00 MeV  Emin = 9.99999E-02 MeV  frac = 1.00000E+00  : (n,alpha)
  28    MT =    111  Q = -5.42568E+00 MeV  Emin = 7.54566E+00 MeV  frac = 1.00000E+00  : (n,2p)

 1 additional transport branch:

   1    MT =    102  Q =  8.06739E+00 MeV  Emin = 1.00000E-11 MeV  frac = 1.00000E+00  : (n,gamma)

 6 special reactions:

   1    MT =    203  Q =  0.00000E+00 MeV  Emin = 9.99999E-02 MeV  : total proton production
   2    MT =    204  Q =  0.00000E+00 MeV  Emin = 5.50152E+00 MeV  : total deuteron production
   3    MT =    205  Q =  0.00000E+00 MeV  Emin = 1.18715E+01 MeV  : total triton production
   4    MT =    206  Q =  0.00000E+00 MeV  Emin = 6.00000E+00 MeV  : total He-3 production
   5    MT =    207  Q =  0.00000E+00 MeV  Emin = 9.99999E-02 MeV  : total alpha production
   6    MT =      4  Q =  0.00000E+00 MeV  Emin = 1.52607E+00 MeV  : total inelastic scattering

 Nuclide   80 / 130 : 42094.03c -- molybdenum 94 (Mo-94)

 Pointers                     : 492627 40191
 Primary type                 : Transport
 Nuclide ZAI                  : 420940
 Library ID                   : 03c
 Cross section data file      : /home/leonardo.zortea/mcnp/xs/acedata/42094ENDF7.ace
 Atomic weight (AW)           : 93.90509
 Atomic weight ratio (AWR)    : 93.09840
 Temperature                  : 300.0 Kelvin
 XS temperature               : 300.0 Kelvin
 Minimum and maximum energy   : 1.00000E-11 2.00000E+01
 Half-life                    : stable
 Specific ingestion toxicity  : N/A
 Specific inhalation toxicity : N/A

 - Nuclide is not involved in burnup calculation
 - Nuclide has neutron transport data
 - Nuclide has no photon transport data
 - Nuclide has no S(a,b) data
 - Nuclide has no isomeric branching data
 - Nuclide is not fissile
 - Nuclide is not a delayed neutron precursor
 - Nuclide has no delayed neutron data
 - Nuclide uses ures ptable data between 2.00000E-02 and 9.99999E-02 MeV
 - Nuclide temperature is not adjusted with TMS
 - Nuclide has no dosimetry data
 - Nuclide has decay data
 - Nuclide has no supplementary transmutation cross section data
 - Nuclide has no NFY data
 - Nuclide has no SFY data

 - 32 reaction channels
 - 6 special reactions
 - No transmutation reactions
 - No transmutation branch reactions
 - No decay reactions
 - No decay branch reactions
 - No transmutation paths

 32 reactions channel:

   1    MT =      2  Q =  0.00000E+00 MeV  Emin = 1.00000E-11 MeV  frac = 1.00000E+00  : elastic scattering
   2    MT =     16  Q = -9.67258E+00 MeV  Emin = 9.77649E+00 MeV  frac = 1.00000E+00  : (n,2n)
   3    MT =     17  Q = -1.77449E+01 MeV  Emin = 1.79355E+01 MeV  frac = 1.00000E+00  : (n,3n)
   4    MT =     22  Q = -2.07224E+00 MeV  Emin = 5.00000E+00 MeV  frac = 1.00000E+00  : (n,nalpha)
   5    MT =     28  Q = -8.49201E+00 MeV  Emin = 9.00000E+00 MeV  frac = 1.00000E+00  : (n,np)
   6    MT =     51  Q = -8.71099E-01 MeV  Emin = 8.80457E-01 MeV  frac = 1.00000E+00  : inelastic scatt. to 1. excited state
   7    MT =     52  Q = -1.57370E+00 MeV  Emin = 1.59061E+00 MeV  frac = 1.00000E+00  : inelastic scatt. to 2. excited state
   8    MT =     53  Q = -1.74250E+00 MeV  Emin = 1.76122E+00 MeV  frac = 1.00000E+00  : inelastic scatt. to 3. excited state
   9    MT =     54  Q = -1.86430E+00 MeV  Emin = 1.88433E+00 MeV  frac = 1.00000E+00  : inelastic scatt. to 4. excited state
  10    MT =     55  Q = -2.06740E+00 MeV  Emin = 2.08961E+00 MeV  frac = 1.00000E+00  : inelastic scatt. to 5. excited state
  11    MT =     56  Q = -2.29520E+00 MeV  Emin = 2.31985E+00 MeV  frac = 1.00000E+00  : inelastic scatt. to 6. excited state
  12    MT =     57  Q = -2.39320E+00 MeV  Emin = 2.41891E+00 MeV  frac = 1.00000E+00  : inelastic scatt. to 7. excited state
  13    MT =     58  Q = -2.42350E+00 MeV  Emin = 2.44953E+00 MeV  frac = 1.00000E+00  : inelastic scatt. to 8. excited state
  14    MT =     59  Q = -2.53390E+00 MeV  Emin = 2.56112E+00 MeV  frac = 1.00000E+00  : inelastic scatt. to 9. excited state
  15    MT =     60  Q = -2.56680E+00 MeV  Emin = 2.59437E+00 MeV  frac = 1.00000E+00  : inelastic scatt. to 10. excited state
  16    MT =     61  Q = -2.61150E+00 MeV  Emin = 2.63955E+00 MeV  frac = 1.00000E+00  : inelastic scatt. to 11. excited state
  17    MT =     62  Q = -2.73980E+00 MeV  Emin = 2.76923E+00 MeV  frac = 1.00000E+00  : inelastic scatt. to 12. excited state
  18    MT =     63  Q = -2.76810E+00 MeV  Emin = 2.79783E+00 MeV  frac = 1.00000E+00  : inelastic scatt. to 13. excited state
  19    MT =     64  Q = -2.80580E+00 MeV  Emin = 2.83594E+00 MeV  frac = 1.00000E+00  : inelastic scatt. to 14. excited state
  20    MT =     65  Q = -2.83590E+00 MeV  Emin = 2.86636E+00 MeV  frac = 1.00000E+00  : inelastic scatt. to 15. excited state
  21    MT =     66  Q = -2.87020E+00 MeV  Emin = 2.90103E+00 MeV  frac = 1.00000E+00  : inelastic scatt. to 16. excited state
  22    MT =     67  Q = -2.87240E+00 MeV  Emin = 2.90325E+00 MeV  frac = 1.00000E+00  : inelastic scatt. to 17. excited state
  23    MT =     68  Q = -2.95580E+00 MeV  Emin = 2.98755E+00 MeV  frac = 1.00000E+00  : inelastic scatt. to 18. excited state
  24    MT =     69  Q = -2.96510E+00 MeV  Emin = 2.99695E+00 MeV  frac = 1.00000E+00  : inelastic scatt. to 19. excited state
  25    MT =     91  Q = -2.96500E+00 MeV  Emin = 2.99685E+00 MeV  frac = 1.00000E+00  : inelastic scattering to continuum
  26    MT =    102  Q =  7.37119E+00 MeV  Emin = 1.00000E-11 MeV  frac = 1.00000E+00  : (n,gamma)
  27    MT =    103  Q = -1.26274E+00 MeV  Emin = 1.27630E+00 MeV  frac = 1.00000E+00  : (n,p)
  28    MT =    104  Q = -6.18682E+00 MeV  Emin = 6.88521E+00 MeV  frac = 1.00000E+00  : (n,d)
  29    MT =    105  Q = -8.83866E+00 MeV  Emin = 9.78944E+00 MeV  frac = 1.00000E+00  : (n,t)
  30    MT =    106  Q = -6.81203E+00 MeV  Emin = 9.00000E+00 MeV  frac = 1.00000E+00  : (n,He-3)
  31    MT =    107  Q =  5.13439E+00 MeV  Emin = 9.99999E-02 MeV  frac = 1.00000E+00  : (n,alpha)
  32    MT =    111  Q = -7.80678E+00 MeV  Emin = 1.00000E+01 MeV  frac = 1.00000E+00  : (n,2p)

 6 special reactions:

   1    MT =    203  Q =  0.00000E+00 MeV  Emin = 1.27630E+00 MeV  : total proton production
   2    MT =    204  Q =  0.00000E+00 MeV  Emin = 6.68297E+00 MeV  : total deuteron production
   3    MT =    205  Q =  0.00000E+00 MeV  Emin = 9.78944E+00 MeV  : total triton production
   4    MT =    206  Q =  0.00000E+00 MeV  Emin = 8.99000E+00 MeV  : total He-3 production
   5    MT =    207  Q =  0.00000E+00 MeV  Emin = 9.99999E-02 MeV  : total alpha production
   6    MT =      4  Q =  0.00000E+00 MeV  Emin = 8.80457E-01 MeV  : total inelastic scattering

 Nuclide   81 / 130 : 42095.03c -- molybdenum 95 (Mo-95)

 Pointers                     : 495468 40467
 Primary type                 : Transport
 Nuclide ZAI                  : 420950
 Library ID                   : 03c
 Cross section data file      : /home/leonardo.zortea/mcnp/xs/acedata/42095ENDF7.ace
 Atomic weight (AW)           : 94.90589
 Atomic weight ratio (AWR)    : 94.09060
 Temperature                  : 300.0 Kelvin
 XS temperature               : 300.0 Kelvin
 Minimum and maximum energy   : 1.00000E-11 2.00000E+01
 Half-life                    : stable
 Specific ingestion toxicity  : N/A
 Specific inhalation toxicity : N/A

 - Nuclide is not involved in burnup calculation
 - Nuclide has neutron transport data
 - Nuclide has no photon transport data
 - Nuclide has no S(a,b) data
 - Nuclide has no isomeric branching data
 - Nuclide is not fissile
 - Nuclide is not a delayed neutron precursor
 - Nuclide has no delayed neutron data
 - Nuclide uses ures ptable data between 2.14120E-03 and 2.06268E-01 MeV
 - Nuclide temperature is not adjusted with TMS
 - Nuclide has no dosimetry data
 - Nuclide has decay data
 - Nuclide has no supplementary transmutation cross section data
 - Nuclide has no NFY data
 - Nuclide has no SFY data

 - 39 reaction channels
 - 44 special reactions
 - No transmutation reactions
 - No transmutation branch reactions
 - No decay reactions
 - No decay branch reactions
 - No transmutation paths

 39 reactions channel:

   1    MT =      2  Q =  0.00000E+00 MeV  Emin = 1.00000E-11 MeV  frac = 1.00000E+00  : elastic scattering
   2    MT =     16  Q = -7.36900E+00 MeV  Emin = 7.44732E+00 MeV  frac = 1.00000E+00  : (n,2n)
   3    MT =     17  Q = -1.70460E+01 MeV  Emin = 1.72272E+01 MeV  frac = 1.00000E+00  : (n,3n)
   4    MT =     22  Q = -2.24200E+00 MeV  Emin = 6.00000E+00 MeV  frac = 1.00000E+00  : (n,nalpha)
   5    MT =     24  Q = -9.43600E+00 MeV  Emin = 1.30000E+01 MeV  frac = 1.00000E+00  : (n,2nalpha)
   6    MT =     28  Q = -8.63200E+00 MeV  Emin = 1.00000E+01 MeV  frac = 1.00000E+00  : (n,np)
   7    MT =     41  Q = -1.58590E+01 MeV  Emin = 1.60276E+01 MeV  frac = 1.00000E+00  : (n,2np)
   8    MT =     51  Q = -2.04120E-01 MeV  Emin = 2.06289E-01 MeV  frac = 1.00000E+00  : inelastic scatt. to 1. excited state
   9    MT =     52  Q = -7.65800E-01 MeV  Emin = 7.73939E-01 MeV  frac = 1.00000E+00  : inelastic scatt. to 2. excited state
  10    MT =     53  Q = -7.86200E-01 MeV  Emin = 7.94556E-01 MeV  frac = 1.00000E+00  : inelastic scatt. to 3. excited state
  11    MT =     54  Q = -8.20630E-01 MeV  Emin = 8.29352E-01 MeV  frac = 1.00000E+00  : inelastic scatt. to 4. excited state
  12    MT =     55  Q = -9.47680E-01 MeV  Emin = 9.57752E-01 MeV  frac = 1.00000E+00  : inelastic scatt. to 5. excited state
  13    MT =     56  Q = -1.03927E+00 MeV  Emin = 1.05032E+00 MeV  frac = 1.00000E+00  : inelastic scatt. to 6. excited state
  14    MT =     57  Q = -1.05676E+00 MeV  Emin = 1.06799E+00 MeV  frac = 1.00000E+00  : inelastic scatt. to 7. excited state
  15    MT =     58  Q = -1.07372E+00 MeV  Emin = 1.08513E+00 MeV  frac = 1.00000E+00  : inelastic scatt. to 8. excited state
  16    MT =     59  Q = -1.09200E+00 MeV  Emin = 1.10361E+00 MeV  frac = 1.00000E+00  : inelastic scatt. to 9. excited state
  17    MT =     60  Q = -1.30259E+00 MeV  Emin = 1.31644E+00 MeV  frac = 1.00000E+00  : inelastic scatt. to 10. excited state
  18    MT =     61  Q = -1.32400E+00 MeV  Emin = 1.33807E+00 MeV  frac = 1.00000E+00  : inelastic scatt. to 11. excited state
  19    MT =     62  Q = -1.36973E+00 MeV  Emin = 1.38429E+00 MeV  frac = 1.00000E+00  : inelastic scatt. to 12. excited state
  20    MT =     63  Q = -1.37601E+00 MeV  Emin = 1.39064E+00 MeV  frac = 1.00000E+00  : inelastic scatt. to 13. excited state
  21    MT =     64  Q = -1.42613E+00 MeV  Emin = 1.44129E+00 MeV  frac = 1.00000E+00  : inelastic scatt. to 14. excited state
  22    MT =     65  Q = -1.44050E+00 MeV  Emin = 1.45581E+00 MeV  frac = 1.00000E+00  : inelastic scatt. to 15. excited state
  23    MT =     66  Q = -1.54079E+00 MeV  Emin = 1.55717E+00 MeV  frac = 1.00000E+00  : inelastic scatt. to 16. excited state
  24    MT =     67  Q = -1.55172E+00 MeV  Emin = 1.56821E+00 MeV  frac = 1.00000E+00  : inelastic scatt. to 17. excited state
  25    MT =     68  Q = -1.62022E+00 MeV  Emin = 1.63744E+00 MeV  frac = 1.00000E+00  : inelastic scatt. to 18. excited state
  26    MT =     69  Q = -1.64510E+00 MeV  Emin = 1.66258E+00 MeV  frac = 1.00000E+00  : inelastic scatt. to 19. excited state
  27    MT =     70  Q = -1.66029E+00 MeV  Emin = 1.67794E+00 MeV  frac = 1.00000E+00  : inelastic scatt. to 20. excited state
  28    MT =     71  Q = -1.66600E+00 MeV  Emin = 1.68371E+00 MeV  frac = 1.00000E+00  : inelastic scatt. to 21. excited state
  29    MT =     72  Q = -1.68300E+00 MeV  Emin = 1.70089E+00 MeV  frac = 1.00000E+00  : inelastic scatt. to 22. excited state
  30    MT =     73  Q = -1.69800E+00 MeV  Emin = 1.71605E+00 MeV  frac = 1.00000E+00  : inelastic scatt. to 23. excited state
  31    MT =     74  Q = -1.74326E+00 MeV  Emin = 1.76179E+00 MeV  frac = 1.00000E+00  : inelastic scatt. to 24. excited state
  32    MT =     75  Q = -1.79666E+00 MeV  Emin = 1.81576E+00 MeV  frac = 1.00000E+00  : inelastic scatt. to 25. excited state
  33    MT =     76  Q = -1.80824E+00 MeV  Emin = 1.82746E+00 MeV  frac = 1.00000E+00  : inelastic scatt. to 26. excited state
  34    MT =     77  Q = -1.87900E+00 MeV  Emin = 1.89897E+00 MeV  frac = 1.00000E+00  : inelastic scatt. to 27. excited state
  35    MT =     78  Q = -1.93789E+00 MeV  Emin = 1.95849E+00 MeV  frac = 1.00000E+00  : inelastic scatt. to 28. excited state
  36    MT =     91  Q = -1.07755E+00 MeV  Emin = 1.08900E+00 MeV  frac = 1.00000E+00  : inelastic scattering to continuum
  37    MT =    102  Q =  9.15400E+00 MeV  Emin = 1.00000E-11 MeV  frac = 1.00000E+00  : (n,gamma)
  38    MT =    103  Q =  0.00000E+00 MeV  Emin = 1.50000E+00 MeV  frac = 1.00000E+00  : (n,p)
  39    MT =    107  Q =  0.00000E+00 MeV  Emin = 1.00000E-11 MeV  frac = 1.00000E+00  : (n,alpha)

 44 special reactions:

   1    MT =    203  Q =  0.00000E+00 MeV  Emin = 1.50000E+00 MeV  : total proton production
   2    MT =    207  Q =  0.00000E+00 MeV  Emin = 1.00000E-11 MeV  : total alpha production
   3    MT =    600  Q = -1.44000E-01 MeV  Emin = 1.50000E+00 MeV  : (n,p) to ground state
   4    MT =    601  Q = -3.79680E-01 MeV  Emin = 1.80000E+00 MeV  : (n,p1)
   5    MT =    602  Q = -8.68200E-01 MeV  Emin = 2.00000E+00 MeV  : (n,p2)
   6    MT =    603  Q = -8.74000E-01 MeV  Emin = 2.00000E+00 MeV  : (n,p3)
   7    MT =    604  Q = -9.00730E-01 MeV  Emin = 2.00000E+00 MeV  : (n,p4)
   8    MT =    605  Q = -9.43000E-01 MeV  Emin = 2.00000E+00 MeV  : (n,p5)
   9    MT =    606  Q = -1.15500E+00 MeV  Emin = 2.50000E+00 MeV  : (n,p6)
  10    MT =    607  Q = -1.23200E+00 MeV  Emin = 2.50000E+00 MeV  : (n,p7)
  11    MT =    608  Q = -1.36300E+00 MeV  Emin = 2.50000E+00 MeV  : (n,p8)
  12    MT =    609  Q = -1.41700E+00 MeV  Emin = 2.50000E+00 MeV  : (n,p9)
  13    MT =    610  Q = -1.50800E+00 MeV  Emin = 2.50000E+00 MeV  : (n,p10)
  14    MT =    611  Q = -1.57400E+00 MeV  Emin = 3.00000E+00 MeV  : (n,p11)
  15    MT =    612  Q = -1.65800E+00 MeV  Emin = 3.00000E+00 MeV  : (n,p12)
  16    MT =    613  Q = -1.73300E+00 MeV  Emin = 3.00000E+00 MeV  : (n,p13)
  17    MT =    614  Q = -1.73400E+00 MeV  Emin = 3.00000E+00 MeV  : (n,p14)
  18    MT =    615  Q = -1.76700E+00 MeV  Emin = 3.00000E+00 MeV  : (n,p15)
  19    MT =    616  Q = -1.78900E+00 MeV  Emin = 3.00000E+00 MeV  : (n,p16)
  20    MT =    617  Q = -1.80600E+00 MeV  Emin = 3.00000E+00 MeV  : (n,p17)
  21    MT =    618  Q = -1.85400E+00 MeV  Emin = 3.00000E+00 MeV  : (n,p18)
  22    MT =    619  Q = -1.95700E+00 MeV  Emin = 3.00000E+00 MeV  : (n,p19)
  23    MT =    620  Q = -2.04700E+00 MeV  Emin = 3.00000E+00 MeV  : (n,p20)
  24    MT =    621  Q = -2.11600E+00 MeV  Emin = 3.00000E+00 MeV  : (n,p21)
  25    MT =    622  Q = -2.20200E+00 MeV  Emin = 3.00000E+00 MeV  : (n,p22)
  26    MT =    623  Q = -2.27900E+00 MeV  Emin = 3.00000E+00 MeV  : (n,p23)
  27    MT =    624  Q = -2.31600E+00 MeV  Emin = 3.00000E+00 MeV  : (n,p24)
  28    MT =    625  Q = -2.39100E+00 MeV  Emin = 3.00000E+00 MeV  : (n,p25)
  29    MT =    626  Q = -2.44600E+00 MeV  Emin = 3.00000E+00 MeV  : (n,p26)
  30    MT =    627  Q = -2.47200E+00 MeV  Emin = 4.00000E+00 MeV  : (n,p27)
  31    MT =    628  Q = -2.51700E+00 MeV  Emin = 4.00000E+00 MeV  : (n,p28)
  32    MT =    629  Q = -2.52700E+00 MeV  Emin = 4.00000E+00 MeV  : (n,p29)
  33    MT =    630  Q = -2.55800E+00 MeV  Emin = 4.00000E+00 MeV  : (n,p30)
  34    MT =    631  Q = -2.57500E+00 MeV  Emin = 4.00000E+00 MeV  : (n,p31)
  35    MT =    632  Q = -2.62500E+00 MeV  Emin = 4.00000E+00 MeV  : (n,p32)
  36    MT =    633  Q = -2.63000E+00 MeV  Emin = 4.00000E+00 MeV  : (n,p33)
  37    MT =    634  Q = -2.68400E+00 MeV  Emin = 4.00000E+00 MeV  : (n,p34)
  38    MT =    635  Q = -2.74300E+00 MeV  Emin = 4.00000E+00 MeV  : (n,p35)
  39    MT =    636  Q = -2.77600E+00 MeV  Emin = 4.00000E+00 MeV  : (n,p36)
  40    MT =    637  Q = -2.81400E+00 MeV  Emin = 4.00000E+00 MeV  : (n,p37)
  41    MT =    638  Q = -2.86800E+00 MeV  Emin = 4.00000E+00 MeV  : (n,p38)
  42    MT =    639  Q = -2.91200E+00 MeV  Emin = 4.00000E+00 MeV  : (n,p39)
  43    MT =    649  Q = -2.91200E+00 MeV  Emin = 4.00000E+00 MeV  : (n,p) to continuum
  44    MT =      4  Q =  0.00000E+00 MeV  Emin = 2.06289E-01 MeV  : total inelastic scattering

 Nuclide   82 / 130 : 42096.03c -- molybdenum 96 (Mo-96)

 Pointers                     : 501549 40743
 Primary type                 : Transport
 Nuclide ZAI                  : 420960
 Library ID                   : 03c
 Cross section data file      : /home/leonardo.zortea/mcnp/xs/acedata/42096ENDF7.ace
 Atomic weight (AW)           : 95.90467
 Atomic weight ratio (AWR)    : 95.08080
 Temperature                  : 300.0 Kelvin
 XS temperature               : 300.0 Kelvin
 Minimum and maximum energy   : 1.00000E-11 2.00000E+01
 Half-life                    : stable
 Specific ingestion toxicity  : N/A
 Specific inhalation toxicity : N/A

 - Nuclide is not involved in burnup calculation
 - Nuclide has neutron transport data
 - Nuclide has no photon transport data
 - Nuclide has no S(a,b) data
 - Nuclide has no isomeric branching data
 - Nuclide is not fissile
 - Nuclide is not a delayed neutron precursor
 - Nuclide has no delayed neutron data
 - Nuclide uses ures ptable data between 1.90000E-02 and 9.99999E-02 MeV
 - Nuclide temperature is not adjusted with TMS
 - Nuclide has no dosimetry data
 - Nuclide has decay data
 - Nuclide has no supplementary transmutation cross section data
 - Nuclide has no NFY data
 - Nuclide has no SFY data

 - 28 reaction channels
 - 5 special reactions
 - No transmutation reactions
 - No transmutation branch reactions
 - No decay reactions
 - No decay branch reactions
 - No transmutation paths

 28 reactions channel:

   1    MT =      2  Q =  0.00000E+00 MeV  Emin = 1.00000E-11 MeV  frac = 1.00000E+00  : elastic scattering
   2    MT =     16  Q = -9.15428E+00 MeV  Emin = 9.25057E+00 MeV  frac = 1.00000E+00  : (n,2n)
   3    MT =     17  Q = -1.65294E+01 MeV  Emin = 1.67033E+01 MeV  frac = 1.00000E+00  : (n,3n)
   4    MT =     22  Q = -2.76394E+00 MeV  Emin = 5.00000E+00 MeV  frac = 1.00000E+00  : (n,nalpha)
   5    MT =     28  Q = -9.29661E+00 MeV  Emin = 1.00000E+01 MeV  frac = 1.00000E+00  : (n,np)
   6    MT =     51  Q = -7.78199E-01 MeV  Emin = 7.86384E-01 MeV  frac = 1.00000E+00  : inelastic scatt. to 1. excited state
   7    MT =     52  Q = -1.14790E+00 MeV  Emin = 1.15997E+00 MeV  frac = 1.00000E+00  : inelastic scatt. to 2. excited state
   8    MT =     53  Q = -1.49770E+00 MeV  Emin = 1.51345E+00 MeV  frac = 1.00000E+00  : inelastic scatt. to 3. excited state
   9    MT =     54  Q = -1.62590E+00 MeV  Emin = 1.64300E+00 MeV  frac = 1.00000E+00  : inelastic scatt. to 4. excited state
  10    MT =     55  Q = -1.62810E+00 MeV  Emin = 1.64522E+00 MeV  frac = 1.00000E+00  : inelastic scatt. to 5. excited state
  11    MT =     56  Q = -1.86950E+00 MeV  Emin = 1.88916E+00 MeV  frac = 1.00000E+00  : inelastic scatt. to 6. excited state
  12    MT =     57  Q = -1.97840E+00 MeV  Emin = 1.99921E+00 MeV  frac = 1.00000E+00  : inelastic scatt. to 7. excited state
  13    MT =     58  Q = -2.09560E+00 MeV  Emin = 2.11764E+00 MeV  frac = 1.00000E+00  : inelastic scatt. to 8. excited state
  14    MT =     59  Q = -2.21930E+00 MeV  Emin = 2.24264E+00 MeV  frac = 1.00000E+00  : inelastic scatt. to 9. excited state
  15    MT =     60  Q = -2.23450E+00 MeV  Emin = 2.25800E+00 MeV  frac = 1.00000E+00  : inelastic scatt. to 10. excited state
  16    MT =     61  Q = -2.42610E+00 MeV  Emin = 2.45162E+00 MeV  frac = 1.00000E+00  : inelastic scatt. to 11. excited state
  17    MT =     62  Q = -2.43840E+00 MeV  Emin = 2.46405E+00 MeV  frac = 1.00000E+00  : inelastic scatt. to 12. excited state
  18    MT =     63  Q = -2.44060E+00 MeV  Emin = 2.46627E+00 MeV  frac = 1.00000E+00  : inelastic scatt. to 13. excited state
  19    MT =     64  Q = -2.48100E+00 MeV  Emin = 2.50710E+00 MeV  frac = 1.00000E+00  : inelastic scatt. to 14. excited state
  20    MT =     65  Q = -2.50150E+00 MeV  Emin = 2.52781E+00 MeV  frac = 1.00000E+00  : inelastic scatt. to 15. excited state
  21    MT =     66  Q = -2.54040E+00 MeV  Emin = 2.56712E+00 MeV  frac = 1.00000E+00  : inelastic scatt. to 16. excited state
  22    MT =     67  Q = -2.59430E+00 MeV  Emin = 2.62159E+00 MeV  frac = 1.00000E+00  : inelastic scatt. to 17. excited state
  23    MT =     91  Q = -2.59400E+00 MeV  Emin = 2.62128E+00 MeV  frac = 1.00000E+00  : inelastic scattering to continuum
  24    MT =    102  Q =  6.82109E+00 MeV  Emin = 1.00000E-11 MeV  frac = 1.00000E+00  : (n,gamma)
  25    MT =    103  Q = -2.40443E+00 MeV  Emin = 2.78973E+00 MeV  frac = 1.00000E+00  : (n,p)
  26    MT =    104  Q = -6.99191E+00 MeV  Emin = 7.06546E+00 MeV  frac = 1.00000E+00  : (n,d)
  27    MT =    105  Q = -9.30226E+00 MeV  Emin = 1.00000E+01 MeV  frac = 1.00000E+00  : (n,t)
  28    MT =    107  Q =  3.97600E+00 MeV  Emin = 9.99999E-02 MeV  frac = 1.00000E+00  : (n,alpha)

 5 special reactions:

   1    MT =    203  Q =  0.00000E+00 MeV  Emin = 2.78973E+00 MeV  : total proton production
   2    MT =    204  Q =  0.00000E+00 MeV  Emin = 7.06546E+00 MeV  : total deuteron production
   3    MT =    205  Q =  0.00000E+00 MeV  Emin = 1.00000E+01 MeV  : total triton production
   4    MT =    207  Q =  0.00000E+00 MeV  Emin = 9.99999E-02 MeV  : total alpha production
   5    MT =      4  Q =  0.00000E+00 MeV  Emin = 7.86384E-01 MeV  : total inelastic scattering

 Nuclide   83 / 130 : 42097.03c -- molybdenum 97 (Mo-97)

 Pointers                     : 504030 41019
 Primary type                 : Transport
 Nuclide ZAI                  : 420970
 Library ID                   : 03c
 Cross section data file      : /home/leonardo.zortea/mcnp/xs/acedata/42097ENDF7.ace
 Atomic weight (AW)           : 96.90598
 Atomic weight ratio (AWR)    : 96.07350
 Temperature                  : 300.0 Kelvin
 XS temperature               : 300.0 Kelvin
 Minimum and maximum energy   : 1.00000E-11 2.00000E+01
 Half-life                    : stable
 Specific ingestion toxicity  : N/A
 Specific inhalation toxicity : N/A

 - Nuclide is not involved in burnup calculation
 - Nuclide has neutron transport data
 - Nuclide has no photon transport data
 - Nuclide has no S(a,b) data
 - Nuclide has no isomeric branching data
 - Nuclide is not fissile
 - Nuclide is not a delayed neutron precursor
 - Nuclide has no delayed neutron data
 - Nuclide uses ures ptable data between 2.00000E-03 and 9.99999E-02 MeV
 - Nuclide temperature is not adjusted with TMS
 - Nuclide has no dosimetry data
 - Nuclide has decay data
 - Nuclide has no supplementary transmutation cross section data
 - Nuclide has no NFY data
 - Nuclide has no SFY data

 - 25 reaction channels
 - 6 special reactions
 - No transmutation reactions
 - No transmutation branch reactions
 - No decay reactions
 - No decay branch reactions
 - No transmutation paths

 25 reactions channel:

   1    MT =      2  Q =  0.00000E+00 MeV  Emin = 1.00000E-11 MeV  frac = 1.00000E+00  : elastic scattering
   2    MT =     16  Q = -6.81598E+00 MeV  Emin = 6.88694E+00 MeV  frac = 1.00000E+00  : (n,2n)
   3    MT =     17  Q = -1.59703E+01 MeV  Emin = 1.61365E+01 MeV  frac = 1.00000E+00  : (n,3n)
   4    MT =     22  Q = -2.82144E+00 MeV  Emin = 5.00000E+00 MeV  frac = 1.00000E+00  : (n,nalpha)
   5    MT =     28  Q = -9.22041E+00 MeV  Emin = 1.00000E+01 MeV  frac = 1.00000E+00  : (n,np)
   6    MT =     51  Q = -4.80899E-01 MeV  Emin = 4.85906E-01 MeV  frac = 1.00000E+00  : inelastic scatt. to 1. excited state
   7    MT =     52  Q = -6.57899E-01 MeV  Emin = 6.64748E-01 MeV  frac = 1.00000E+00  : inelastic scatt. to 2. excited state
   8    MT =     53  Q = -6.79599E-01 MeV  Emin = 6.86673E-01 MeV  frac = 1.00000E+00  : inelastic scatt. to 3. excited state
   9    MT =     54  Q = -7.19199E-01 MeV  Emin = 7.26686E-01 MeV  frac = 1.00000E+00  : inelastic scatt. to 4. excited state
  10    MT =     55  Q = -7.20799E-01 MeV  Emin = 7.28303E-01 MeV  frac = 1.00000E+00  : inelastic scatt. to 5. excited state
  11    MT =     56  Q = -7.52999E-01 MeV  Emin = 7.60838E-01 MeV  frac = 1.00000E+00  : inelastic scatt. to 6. excited state
  12    MT =     57  Q = -7.94999E-01 MeV  Emin = 8.03275E-01 MeV  frac = 1.00000E+00  : inelastic scatt. to 7. excited state
  13    MT =     58  Q = -8.40899E-01 MeV  Emin = 8.49653E-01 MeV  frac = 1.00000E+00  : inelastic scatt. to 8. excited state
  14    MT =     59  Q = -8.88099E-01 MeV  Emin = 8.97344E-01 MeV  frac = 1.00000E+00  : inelastic scatt. to 9. excited state
  15    MT =     60  Q = -9.92999E-01 MeV  Emin = 1.00334E+00 MeV  frac = 1.00000E+00  : inelastic scatt. to 10. excited state
  16    MT =     61  Q = -1.02450E+00 MeV  Emin = 1.03516E+00 MeV  frac = 1.00000E+00  : inelastic scatt. to 11. excited state
  17    MT =     62  Q = -1.09280E+00 MeV  Emin = 1.10418E+00 MeV  frac = 1.00000E+00  : inelastic scatt. to 12. excited state
  18    MT =     63  Q = -1.11680E+00 MeV  Emin = 1.12843E+00 MeV  frac = 1.00000E+00  : inelastic scatt. to 13. excited state
  19    MT =     91  Q = -1.11700E+00 MeV  Emin = 1.12863E+00 MeV  frac = 1.00000E+00  : inelastic scattering to continuum
  20    MT =    102  Q =  8.64229E+00 MeV  Emin = 1.00000E-11 MeV  frac = 1.00000E+00  : (n,gamma)
  21    MT =    103  Q = -1.15043E+00 MeV  Emin = 1.16240E+00 MeV  frac = 1.00000E+00  : (n,p)
  22    MT =    104  Q = -6.92001E+00 MeV  Emin = 7.71191E+00 MeV  frac = 1.00000E+00  : (n,d)
  23    MT =    105  Q = -7.63246E+00 MeV  Emin = 8.70061E+00 MeV  frac = 1.00000E+00  : (n,t)
  24    MT =    106  Q = -8.73692E+00 MeV  Emin = 1.10000E+01 MeV  frac = 1.00000E+00  : (n,He-3)
  25    MT =    107  Q =  5.37360E+00 MeV  Emin = 9.99999E-02 MeV  frac = 1.00000E+00  : (n,alpha)

 6 special reactions:

   1    MT =    203  Q =  0.00000E+00 MeV  Emin = 1.16240E+00 MeV  : total proton production
   2    MT =    204  Q =  0.00000E+00 MeV  Emin = 7.71191E+00 MeV  : total deuteron production
   3    MT =    205  Q =  0.00000E+00 MeV  Emin = 8.70061E+00 MeV  : total triton production
   4    MT =    206  Q =  0.00000E+00 MeV  Emin = 1.10000E+01 MeV  : total He-3 production
   5    MT =    207  Q =  0.00000E+00 MeV  Emin = 9.99999E-02 MeV  : total alpha production
   6    MT =      4  Q =  0.00000E+00 MeV  Emin = 4.85906E-01 MeV  : total inelastic scattering

 Nuclide   84 / 130 : 42098.03c -- molybdenum 98 (Mo-98)

 Pointers                     : 506367 41295
 Primary type                 : Transport
 Nuclide ZAI                  : 420980
 Library ID                   : 03c
 Cross section data file      : /home/leonardo.zortea/mcnp/xs/acedata/42098ENDF7.ace
 Atomic weight (AW)           : 97.90536
 Atomic weight ratio (AWR)    : 97.06430
 Temperature                  : 300.0 Kelvin
 XS temperature               : 300.0 Kelvin
 Minimum and maximum energy   : 1.00000E-11 2.00000E+01
 Half-life                    : stable
 Specific ingestion toxicity  : 4.80E-10 Sv/Bq
 Specific inhalation toxicity : 8.30E-10 Sv/Bq

 - Nuclide is not involved in burnup calculation
 - Nuclide has neutron transport data
 - Nuclide has no photon transport data
 - Nuclide has no S(a,b) data
 - Nuclide has no isomeric branching data
 - Nuclide is not fissile
 - Nuclide is not a delayed neutron precursor
 - Nuclide has no delayed neutron data
 - Nuclide uses ures ptable data between 3.20000E-02 and 9.99999E-02 MeV
 - Nuclide temperature is not adjusted with TMS
 - Nuclide has no dosimetry data
 - Nuclide has decay data
 - Nuclide has no supplementary transmutation cross section data
 - Nuclide has no NFY data
 - Nuclide has no SFY data

 - 25 reaction channels
 - 5 special reactions
 - No transmutation reactions
 - No transmutation branch reactions
 - No decay reactions
 - No decay branch reactions
 - No transmutation paths

 25 reactions channel:

   1    MT =      2  Q =  0.00000E+00 MeV  Emin = 1.00000E-11 MeV  frac = 1.00000E+00  : elastic scattering
   2    MT =     16  Q = -8.64238E+00 MeV  Emin = 8.73143E+00 MeV  frac = 1.00000E+00  : (n,2n)
   3    MT =     17  Q = -1.54584E+01 MeV  Emin = 1.56177E+01 MeV  frac = 1.00000E+00  : (n,3n)
   4    MT =     22  Q = -3.27274E+00 MeV  Emin = 6.00000E+00 MeV  frac = 1.00000E+00  : (n,nalpha)
   5    MT =     28  Q = -9.79511E+00 MeV  Emin = 1.00000E+01 MeV  frac = 1.00000E+00  : (n,np)
   6    MT =     51  Q = -7.34800E-01 MeV  Emin = 7.42370E-01 MeV  frac = 1.00000E+00  : inelastic scatt. to 1. excited state
   7    MT =     52  Q = -7.87400E-01 MeV  Emin = 7.95512E-01 MeV  frac = 1.00000E+00  : inelastic scatt. to 2. excited state
   8    MT =     53  Q = -1.43230E+00 MeV  Emin = 1.44706E+00 MeV  frac = 1.00000E+00  : inelastic scatt. to 3. excited state
   9    MT =     54  Q = -1.51000E+00 MeV  Emin = 1.52556E+00 MeV  frac = 1.00000E+00  : inelastic scatt. to 4. excited state
  10    MT =     55  Q = -1.75850E+00 MeV  Emin = 1.77662E+00 MeV  frac = 1.00000E+00  : inelastic scatt. to 5. excited state
  11    MT =     56  Q = -1.88090E+00 MeV  Emin = 1.90028E+00 MeV  frac = 1.00000E+00  : inelastic scatt. to 6. excited state
  12    MT =     57  Q = -1.96500E+00 MeV  Emin = 1.98524E+00 MeV  frac = 1.00000E+00  : inelastic scatt. to 7. excited state
  13    MT =     58  Q = -2.01750E+00 MeV  Emin = 2.03829E+00 MeV  frac = 1.00000E+00  : inelastic scatt. to 8. excited state
  14    MT =     59  Q = -2.03760E+00 MeV  Emin = 2.05859E+00 MeV  frac = 1.00000E+00  : inelastic scatt. to 9. excited state
  15    MT =     60  Q = -2.10480E+00 MeV  Emin = 2.12649E+00 MeV  frac = 1.00000E+00  : inelastic scatt. to 10. excited state
  16    MT =     61  Q = -2.20630E+00 MeV  Emin = 2.22903E+00 MeV  frac = 1.00000E+00  : inelastic scatt. to 11. excited state
  17    MT =     62  Q = -2.22380E+00 MeV  Emin = 2.24671E+00 MeV  frac = 1.00000E+00  : inelastic scatt. to 12. excited state
  18    MT =     63  Q = -2.33340E+00 MeV  Emin = 2.35744E+00 MeV  frac = 1.00000E+00  : inelastic scatt. to 13. excited state
  19    MT =     64  Q = -2.34360E+00 MeV  Emin = 2.36775E+00 MeV  frac = 1.00000E+00  : inelastic scatt. to 14. excited state
  20    MT =     91  Q = -2.34400E+00 MeV  Emin = 2.36815E+00 MeV  frac = 1.00000E+00  : inelastic scattering to continuum
  21    MT =    102  Q =  5.92559E+00 MeV  Emin = 1.00000E-11 MeV  frac = 1.00000E+00  : (n,gamma)
  22    MT =    103  Q = -3.80292E+00 MeV  Emin = 4.00000E+00 MeV  frac = 1.00000E+00  : (n,p)
  23    MT =    104  Q = -7.48730E+00 MeV  Emin = 8.00000E+00 MeV  frac = 1.00000E+00  : (n,d)
  24    MT =    105  Q = -9.38185E+00 MeV  Emin = 1.00000E+01 MeV  frac = 1.00000E+00  : (n,t)
  25    MT =    107  Q =  3.20222E+00 MeV  Emin = 9.99999E-02 MeV  frac = 1.00000E+00  : (n,alpha)

 5 special reactions:

   1    MT =    203  Q =  0.00000E+00 MeV  Emin = 4.00000E+00 MeV  : total proton production
   2    MT =    204  Q =  0.00000E+00 MeV  Emin = 8.00000E+00 MeV  : total deuteron production
   3    MT =    205  Q =  0.00000E+00 MeV  Emin = 1.00000E+01 MeV  : total triton production
   4    MT =    207  Q =  0.00000E+00 MeV  Emin = 9.99999E-02 MeV  : total alpha production
   5    MT =      4  Q =  0.00000E+00 MeV  Emin = 7.42370E-01 MeV  : total inelastic scattering

 Nuclide   85 / 130 : 42100.03c -- molybdenum 100 (Mo-100)

 Pointers                     : 508632 41847
 Primary type                 : Transport
 Nuclide ZAI                  : 421000
 Library ID                   : 03c
 Cross section data file      : /home/leonardo.zortea/mcnp/xs/acedata/42100ENDF7.ace
 Atomic weight (AW)           : 99.90726
 Atomic weight ratio (AWR)    : 99.04900
 Temperature                  : 300.0 Kelvin
 XS temperature               : 300.0 Kelvin
 Minimum and maximum energy   : 1.00000E-11 2.00000E+01
 Half-life                    : 2.46E+26 seconds (7.81E+18 years)
 Specific ingestion toxicity  : 1.30E-08 Sv/Bq
 Specific inhalation toxicity : 2.20E-08 Sv/Bq

 - Nuclide is not involved in burnup calculation
 - Nuclide has neutron transport data
 - Nuclide has no photon transport data
 - Nuclide has no S(a,b) data
 - Nuclide has no isomeric branching data
 - Nuclide is not fissile
 - Nuclide is not a delayed neutron precursor
 - Nuclide has no delayed neutron data
 - Nuclide uses ures ptable data between 2.60000E-02 and 9.99999E-02 MeV
 - Nuclide temperature is not adjusted with TMS
 - Nuclide has no dosimetry data
 - Nuclide has decay data
 - Nuclide has no supplementary transmutation cross section data
 - Nuclide has no NFY data
 - Nuclide has no SFY data

 - 18 reaction channels
 - 5 special reactions
 - No transmutation reactions
 - No transmutation branch reactions
 - 1 decay reactions
 - No decay branch reactions
 - No transmutation paths
 - All reaction paths linked to target

 18 reactions channel:

   1    MT =      2  Q =  0.00000E+00 MeV  Emin = 1.00000E-11 MeV  frac = 1.00000E+00  : elastic scattering
   2    MT =     16  Q = -8.29050E+00 MeV  Emin = 8.37420E+00 MeV  frac = 1.00000E+00  : (n,2n)
   3    MT =     17  Q = -1.42170E+01 MeV  Emin = 1.43605E+01 MeV  frac = 1.00000E+00  : (n,3n)
   4    MT =     22  Q = -3.16920E+00 MeV  Emin = 1.02500E+01 MeV  frac = 1.00000E+00  : (n,nalpha)
   5    MT =     28  Q = -1.11470E+01 MeV  Emin = 1.37500E+01 MeV  frac = 1.00000E+00  : (n,np)
   6    MT =     51  Q = -5.35600E-01 MeV  Emin = 5.41010E-01 MeV  frac = 1.00000E+00  : inelastic scatt. to 1. excited state
   7    MT =     52  Q = -6.95100E-01 MeV  Emin = 7.02120E-01 MeV  frac = 1.00000E+00  : inelastic scatt. to 2. excited state
   8    MT =     53  Q = -1.06380E+00 MeV  Emin = 1.07454E+00 MeV  frac = 1.00000E+00  : inelastic scatt. to 3. excited state
   9    MT =     54  Q = -1.13610E+00 MeV  Emin = 1.14760E+00 MeV  frac = 1.00000E+00  : inelastic scatt. to 4. excited state
  10    MT =     55  Q = -1.46390E+00 MeV  Emin = 1.47870E+00 MeV  frac = 1.00000E+00  : inelastic scatt. to 5. excited state
  11    MT =     56  Q = -1.50460E+00 MeV  Emin = 1.51980E+00 MeV  frac = 1.00000E+00  : inelastic scatt. to 6. excited state
  12    MT =     57  Q = -1.60740E+00 MeV  Emin = 1.62363E+00 MeV  frac = 1.00000E+00  : inelastic scatt. to 7. excited state
  13    MT =     91  Q = -1.60740E+00 MeV  Emin = 2.00000E+00 MeV  frac = 1.00000E+00  : inelastic scattering to continuum
  14    MT =    102  Q =  5.39820E+00 MeV  Emin = 1.00000E-11 MeV  frac = 1.00000E+00  : (n,gamma)
  15    MT =    103  Q = -5.47440E+00 MeV  Emin = 8.00000E+00 MeV  frac = 1.00000E+00  : (n,p)
  16    MT =    104  Q = -8.92280E+00 MeV  Emin = 1.25000E+01 MeV  frac = 1.00000E+00  : (n,d)
  17    MT =    105  Q = -9.53710E+00 MeV  Emin = 1.27500E+01 MeV  frac = 1.00000E+00  : (n,t)
  18    MT =    107  Q =  2.41070E+00 MeV  Emin = 4.50000E+00 MeV  frac = 1.00000E+00  : (n,alpha)

 5 special reactions:

   1    MT =    203  Q =  0.00000E+00 MeV  Emin = 7.75000E+00 MeV  : total proton production
   2    MT =    204  Q =  0.00000E+00 MeV  Emin = 1.22500E+01 MeV  : total deuteron production
   3    MT =    205  Q =  0.00000E+00 MeV  Emin = 1.27500E+01 MeV  : total triton production
   4    MT =    207  Q =  0.00000E+00 MeV  Emin = 4.50000E+00 MeV  : total alpha production
   5    MT =      4  Q =  0.00000E+00 MeV  Emin = 5.41010E-01 MeV  : total inelastic scattering

 1 decay reaction:

   1  RTYP = 11    Q =  3.03468E+00 MeV  frac = 1.00000E+00  : beta- + beta-

 Nuclide   86 / 130 : 47107.03c -- silver 107 (Ag-107)

 Pointers                     : 589446 47919
 Primary type                 : Transport
 Nuclide ZAI                  : 471070
 Library ID                   : 03c
 Cross section data file      : /home/leonardo.zortea/mcnp/xs/acedata/47107JEF311.ace
 Atomic weight (AW)           : 106.90537
 Atomic weight ratio (AWR)    : 105.98700
 Temperature                  : 300.0 Kelvin
 XS temperature               : 300.0 Kelvin
 Minimum and maximum energy   : 1.00000E-11 2.00000E+01
 Half-life                    : stable
 Specific ingestion toxicity  : N/A
 Specific inhalation toxicity : N/A

 - Nuclide is not involved in burnup calculation
 - Nuclide has neutron transport data
 - Nuclide has no photon transport data
 - Nuclide has no S(a,b) data
 - Nuclide has isomeric branching data
 - Nuclide is not fissile
 - Nuclide is not a delayed neutron precursor
 - Nuclide has no delayed neutron data
 - Nuclide has no ures ptable data
 - Nuclide temperature is not adjusted with TMS
 - Nuclide has no dosimetry data
 - Nuclide has decay data
 - Nuclide has no supplementary transmutation cross section data
 - Nuclide has no NFY data
 - Nuclide has no SFY data

 - 16 reaction channels
 - 6 special reactions
 - No transmutation reactions
 - 1 transmutation branch reactions
 - No decay reactions
 - No decay branch reactions
 - No transmutation paths

 16 reactions channel:

   1    MT =      2  Q =  0.00000E+00 MeV  Emin = 1.00000E-11 MeV  frac = 1.00000E+00  : elastic scattering
   2    MT =     16  Q = -9.53100E+00 MeV  Emin = 9.62100E+00 MeV  frac = 1.00000E+00  : (n,2n)
   3    MT =     51  Q = -9.30000E-02 MeV  Emin = 9.40000E-02 MeV  frac = 1.00000E+00  : inelastic scatt. to 1. excited state
   4    MT =     52  Q = -1.26000E-01 MeV  Emin = 1.27189E-01 MeV  frac = 1.00000E+00  : inelastic scatt. to 2. excited state
   5    MT =     53  Q = -3.25000E-01 MeV  Emin = 3.28066E-01 MeV  frac = 1.00000E+00  : inelastic scatt. to 3. excited state
   6    MT =     54  Q = -4.23000E-01 MeV  Emin = 4.27000E-01 MeV  frac = 1.00000E+00  : inelastic scatt. to 4. excited state
   7    MT =     55  Q = -7.87000E-01 MeV  Emin = 7.94426E-01 MeV  frac = 1.00000E+00  : inelastic scatt. to 5. excited state
   8    MT =     56  Q = -9.22000E-01 MeV  Emin = 9.31000E-01 MeV  frac = 1.00000E+00  : inelastic scatt. to 6. excited state
   9    MT =     91  Q = -9.41000E-01 MeV  Emin = 9.50000E-01 MeV  frac = 1.00000E+00  : inelastic scattering to continuum
  10    MT =    102  Q =  7.27600E+00 MeV  Emin = 1.00000E-11 MeV  frac = 1.00000E+00  : (n,gamma)
  11    MT =    103  Q =  7.52000E-01 MeV  Emin = 4.50000E+00 MeV  frac = 1.00000E+00  : (n,p)
  12    MT =    104  Q = -3.31700E+00 MeV  Emin = 7.50000E+00 MeV  frac = 1.00000E+00  : (n,d)
  13    MT =    105  Q = -6.99000E+00 MeV  Emin = 1.15000E+01 MeV  frac = 1.00000E+00  : (n,t)
  14    MT =    106  Q = -7.40640E+00 MeV  Emin = 7.47628E+00 MeV  frac = 1.00000E+00  : (n,He-3)
  15    MT =    107  Q =  4.35400E+00 MeV  Emin = 5.50000E+00 MeV  frac = 1.00000E+00  : (n,alpha)
  16    MT =    111  Q = -8.53550E+00 MeV  Emin = 8.61603E+00 MeV  frac = 1.00000E+00  : (n,2p)

 1 additional transport branch:

   1    MT =    102  Q =  7.27600E+00 MeV  Emin = 1.00000E-11 MeV  frac = 1.00000E+00  : (n,gamma)

 6 special reactions:

   1    MT =    203  Q =  0.00000E+00 MeV  Emin = 4.50000E+00 MeV  : total proton production
   2    MT =    204  Q =  0.00000E+00 MeV  Emin = 7.50000E+00 MeV  : total deuteron production
   3    MT =    205  Q =  0.00000E+00 MeV  Emin = 1.15000E+01 MeV  : total triton production
   4    MT =    206  Q =  0.00000E+00 MeV  Emin = 7.47628E+00 MeV  : total He-3 production
   5    MT =    207  Q =  0.00000E+00 MeV  Emin = 5.50000E+00 MeV  : total alpha production
   6    MT =      4  Q =  0.00000E+00 MeV  Emin = 9.40000E-02 MeV  : total inelastic scattering

 Nuclide   87 / 130 : 47109.03c -- silver 109 (Ag-109)

 Pointers                     : 591226 48195
 Primary type                 : Transport
 Nuclide ZAI                  : 471090
 Library ID                   : 03c
 Cross section data file      : /home/leonardo.zortea/mcnp/xs/acedata/47109ENDF7.ace
 Atomic weight (AW)           : 108.90455
 Atomic weight ratio (AWR)    : 107.96900
 Temperature                  : 300.0 Kelvin
 XS temperature               : 300.0 Kelvin
 Minimum and maximum energy   : 1.00000E-11 2.00000E+01
 Half-life                    : stable
 Specific ingestion toxicity  : N/A
 Specific inhalation toxicity : N/A

 - Nuclide is not involved in burnup calculation
 - Nuclide has neutron transport data
 - Nuclide has no photon transport data
 - Nuclide has no S(a,b) data
 - Nuclide has isomeric branching data
 - Nuclide is not fissile
 - Nuclide is not a delayed neutron precursor
 - Nuclide has no delayed neutron data
 - Nuclide uses ures ptable data between 4.99630E-03 and 8.88150E-02 MeV
 - Nuclide temperature is not adjusted with TMS
 - Nuclide has no dosimetry data
 - Nuclide has decay data
 - Nuclide has no supplementary transmutation cross section data
 - Nuclide has no NFY data
 - Nuclide has no SFY data

 - 29 reaction channels
 - 38 special reactions
 - No transmutation reactions
 - 1 transmutation branch reactions
 - No decay reactions
 - No decay branch reactions
 - No transmutation paths

 29 reactions channel:

   1    MT =      2  Q =  0.00000E+00 MeV  Emin = 1.00000E-11 MeV  frac = 1.00000E+00  : elastic scattering
   2    MT =     16  Q = -9.18700E+00 MeV  Emin = 9.27209E+00 MeV  frac = 1.00000E+00  : (n,2n)
   3    MT =     17  Q = -1.64570E+01 MeV  Emin = 1.66094E+01 MeV  frac = 1.00000E+00  : (n,3n)
   4    MT =     22  Q = -3.29800E+00 MeV  Emin = 8.00000E+00 MeV  frac = 1.00000E+00  : (n,nalpha)
   5    MT =     24  Q = -1.22660E+01 MeV  Emin = 1.70000E+01 MeV  frac = 1.00000E+00  : (n,2nalpha)
   6    MT =     28  Q = -6.48700E+00 MeV  Emin = 8.00000E+00 MeV  frac = 1.00000E+00  : (n,np)
   7    MT =     41  Q = -1.57080E+01 MeV  Emin = 1.70000E+01 MeV  frac = 1.00000E+00  : (n,2np)
   8    MT =     51  Q = -8.80300E-02 MeV  Emin = 8.88453E-02 MeV  frac = 1.00000E+00  : inelastic scatt. to 1. excited state
   9    MT =     52  Q = -1.32740E-01 MeV  Emin = 1.33969E-01 MeV  frac = 1.00000E+00  : inelastic scatt. to 2. excited state
  10    MT =     53  Q = -3.11380E-01 MeV  Emin = 3.14264E-01 MeV  frac = 1.00000E+00  : inelastic scatt. to 3. excited state
  11    MT =     54  Q = -4.15210E-01 MeV  Emin = 4.19056E-01 MeV  frac = 1.00000E+00  : inelastic scatt. to 4. excited state
  12    MT =     55  Q = -4.20000E-01 MeV  Emin = 4.23890E-01 MeV  frac = 1.00000E+00  : inelastic scatt. to 5. excited state
  13    MT =     56  Q = -7.01910E-01 MeV  Emin = 7.08411E-01 MeV  frac = 1.00000E+00  : inelastic scatt. to 6. excited state
  14    MT =     57  Q = -7.06000E-01 MeV  Emin = 7.12539E-01 MeV  frac = 1.00000E+00  : inelastic scatt. to 7. excited state
  15    MT =     58  Q = -7.07000E-01 MeV  Emin = 7.13548E-01 MeV  frac = 1.00000E+00  : inelastic scatt. to 8. excited state
  16    MT =     59  Q = -7.24350E-01 MeV  Emin = 7.31059E-01 MeV  frac = 1.00000E+00  : inelastic scatt. to 9. excited state
  17    MT =     60  Q = -7.35290E-01 MeV  Emin = 7.42100E-01 MeV  frac = 1.00000E+00  : inelastic scatt. to 10. excited state
  18    MT =     61  Q = -7.89000E-01 MeV  Emin = 7.96308E-01 MeV  frac = 1.00000E+00  : inelastic scatt. to 11. excited state
  19    MT =     62  Q = -8.62760E-01 MeV  Emin = 8.70751E-01 MeV  frac = 1.00000E+00  : inelastic scatt. to 12. excited state
  20    MT =     63  Q = -8.69470E-01 MeV  Emin = 8.77523E-01 MeV  frac = 1.00000E+00  : inelastic scatt. to 13. excited state
  21    MT =     64  Q = -8.70000E-01 MeV  Emin = 8.78058E-01 MeV  frac = 1.00000E+00  : inelastic scatt. to 14. excited state
  22    MT =     65  Q = -8.90000E-01 MeV  Emin = 8.98243E-01 MeV  frac = 1.00000E+00  : inelastic scatt. to 15. excited state
  23    MT =     66  Q = -9.11000E-01 MeV  Emin = 9.19438E-01 MeV  frac = 1.00000E+00  : inelastic scatt. to 16. excited state
  24    MT =     67  Q = -9.12100E-01 MeV  Emin = 9.20548E-01 MeV  frac = 1.00000E+00  : inelastic scatt. to 17. excited state
  25    MT =     68  Q = -1.09060E+00 MeV  Emin = 1.10070E+00 MeV  frac = 1.00000E+00  : inelastic scatt. to 18. excited state
  26    MT =     91  Q = -3.92366E-01 MeV  Emin = 3.96000E-01 MeV  frac = 1.00000E+00  : inelastic scattering to continuum
  27    MT =    102  Q =  6.80900E+00 MeV  Emin = 1.00000E-11 MeV  frac = 1.00000E+00  : (n,gamma)
  28    MT =    103  Q =  0.00000E+00 MeV  Emin = 1.80000E+00 MeV  frac = 1.00000E+00  : (n,p)
  29    MT =    107  Q =  0.00000E+00 MeV  Emin = 1.40000E+00 MeV  frac = 1.00000E+00  : (n,alpha)

 1 additional transport branch:

   1    MT =    102  Q =  6.80900E+00 MeV  Emin = 1.00000E-11 MeV  frac = 1.00000E+00  : (n,gamma)

 38 special reactions:

   1    MT =    203  Q =  0.00000E+00 MeV  Emin = 1.80000E+00 MeV  : total proton production
   2    MT =    207  Q =  0.00000E+00 MeV  Emin = 1.40000E+00 MeV  : total alpha production
   3    MT =    600  Q = -3.34000E-01 MeV  Emin = 1.80000E+00 MeV  : (n,p) to ground state
   4    MT =    601  Q = -4.47400E-01 MeV  Emin = 1.90000E+00 MeV  : (n,p1)
   5    MT =    602  Q = -5.22990E-01 MeV  Emin = 2.00000E+00 MeV  : (n,p2)
   6    MT =    603  Q = -5.79000E-01 MeV  Emin = 2.00000E+00 MeV  : (n,p3)
   7    MT =    604  Q = -5.79080E-01 MeV  Emin = 2.00000E+00 MeV  : (n,p4)
   8    MT =    605  Q = -6.00340E-01 MeV  Emin = 2.00000E+00 MeV  : (n,p5)
   9    MT =    606  Q = -6.10290E-01 MeV  Emin = 2.00000E+00 MeV  : (n,p6)
  10    MT =    607  Q = -6.21250E-01 MeV  Emin = 2.00000E+00 MeV  : (n,p7)
  11    MT =    608  Q = -6.25430E-01 MeV  Emin = 2.00000E+00 MeV  : (n,p8)
  12    MT =    609  Q = -6.59280E-01 MeV  Emin = 2.00000E+00 MeV  : (n,p9)
  13    MT =    610  Q = -6.60870E-01 MeV  Emin = 2.00000E+00 MeV  : (n,p10)
  14    MT =    611  Q = -6.73530E-01 MeV  Emin = 2.00000E+00 MeV  : (n,p11)
  15    MT =    612  Q = -7.04000E-01 MeV  Emin = 2.00000E+00 MeV  : (n,p12)
  16    MT =    613  Q = -7.16000E-01 MeV  Emin = 2.00000E+00 MeV  : (n,p13)
  17    MT =    614  Q = -7.38000E-01 MeV  Emin = 2.00000E+00 MeV  : (n,p14)
  18    MT =    615  Q = -7.60140E-01 MeV  Emin = 2.00000E+00 MeV  : (n,p15)
  19    MT =    616  Q = -7.67560E-01 MeV  Emin = 2.00000E+00 MeV  : (n,p16)
  20    MT =    617  Q = -8.25590E-01 MeV  Emin = 2.00000E+00 MeV  : (n,p17)
  21    MT =    618  Q = -8.74680E-01 MeV  Emin = 2.00000E+00 MeV  : (n,p18)
  22    MT =    619  Q = -9.31100E-01 MeV  Emin = 2.00000E+00 MeV  : (n,p19)
  23    MT =    620  Q = -9.38510E-01 MeV  Emin = 2.00000E+00 MeV  : (n,p20)
  24    MT =    621  Q = -9.57480E-01 MeV  Emin = 2.00000E+00 MeV  : (n,p21)
  25    MT =    622  Q = -9.79900E-01 MeV  Emin = 2.00000E+00 MeV  : (n,p22)
  26    MT =    623  Q = -1.00749E+00 MeV  Emin = 2.00000E+00 MeV  : (n,p23)
  27    MT =    624  Q = -1.04600E+00 MeV  Emin = 2.50000E+00 MeV  : (n,p24)
  28    MT =    625  Q = -1.05604E+00 MeV  Emin = 2.50000E+00 MeV  : (n,p25)
  29    MT =    626  Q = -1.06300E+00 MeV  Emin = 2.50000E+00 MeV  : (n,p26)
  30    MT =    627  Q = -1.07600E+00 MeV  Emin = 2.50000E+00 MeV  : (n,p27)
  31    MT =    628  Q = -1.12543E+00 MeV  Emin = 2.50000E+00 MeV  : (n,p28)
  32    MT =    629  Q = -1.14459E+00 MeV  Emin = 2.50000E+00 MeV  : (n,p29)
  33    MT =    630  Q = -1.18010E+00 MeV  Emin = 2.50000E+00 MeV  : (n,p30)
  34    MT =    649  Q = -1.18010E+00 MeV  Emin = 2.50000E+00 MeV  : (n,p) to continuum
  35    MT =    800  Q =  3.29000E+00 MeV  Emin = 1.40000E+00 MeV  : (n,alpha) to ground state
  36    MT =    801  Q =  3.15300E+00 MeV  Emin = 1.40000E+00 MeV  : (n,a1)
  37    MT =    849  Q =  3.15300E+00 MeV  Emin = 1.40000E+00 MeV  : (n,alpha) to continuum
  38    MT =      4  Q =  0.00000E+00 MeV  Emin = 8.88453E-02 MeV  : total inelastic scattering

 Nuclide   88 / 130 : 48106.03c -- cadmium 106 (Cd-106)

 Pointers                     : 542070 49299
 Primary type                 : Transport
 Nuclide ZAI                  : 481060
 Library ID                   : 03c
 Cross section data file      : /home/leonardo.zortea/mcnp/xs/acedata/48106ENDF7.ace
 Atomic weight (AW)           : 105.90579
 Atomic weight ratio (AWR)    : 104.99600
 Temperature                  : 300.0 Kelvin
 XS temperature               : 300.0 Kelvin
 Minimum and maximum energy   : 1.00000E-11 2.00000E+01
 Half-life                    : stable
 Specific ingestion toxicity  : 4.80E-08 Sv/Bq
 Specific inhalation toxicity : 1.50E-07 Sv/Bq

 - Nuclide is not involved in burnup calculation
 - Nuclide has neutron transport data
 - Nuclide has no photon transport data
 - Nuclide has no S(a,b) data
 - Nuclide has no isomeric branching data
 - Nuclide is not fissile
 - Nuclide is not a delayed neutron precursor
 - Nuclide has no delayed neutron data
 - Nuclide uses ures ptable data between 6.00000E-03 and 9.99999E-02 MeV
 - Nuclide temperature is not adjusted with TMS
 - Nuclide has no dosimetry data
 - Nuclide has decay data
 - Nuclide has no supplementary transmutation cross section data
 - Nuclide has no NFY data
 - Nuclide has no SFY data

 - 25 reaction channels
 - 6 special reactions
 - No transmutation reactions
 - No transmutation branch reactions
 - No decay reactions
 - No decay branch reactions
 - No transmutation paths

 25 reactions channel:

   1    MT =      2  Q =  0.00000E+00 MeV  Emin = 1.00000E-11 MeV  frac = 1.00000E+00  : elastic scattering
   2    MT =     16  Q = -1.08711E+01 MeV  Emin = 1.10000E+01 MeV  frac = 1.00000E+00  : (n,2n)
   3    MT =     17  Q = -1.94332E+01 MeV  Emin = 1.96183E+01 MeV  frac = 1.00000E+00  : (n,3n)
   4    MT =     22  Q = -1.62791E+00 MeV  Emin = 1.64342E+00 MeV  frac = 1.00000E+00  : (n,nalpha)
   5    MT =     28  Q = -7.34964E+00 MeV  Emin = 7.41965E+00 MeV  frac = 1.00000E+00  : (n,np)
   6    MT =     32  Q = -1.50406E+01 MeV  Emin = 1.51839E+01 MeV  frac = 1.00000E+00  : (n,nd)
   7    MT =     51  Q = -6.32699E-01 MeV  Emin = 6.38726E-01 MeV  frac = 1.00000E+00  : inelastic scatt. to 1. excited state
   8    MT =     52  Q = -1.49380E+00 MeV  Emin = 1.50803E+00 MeV  frac = 1.00000E+00  : inelastic scatt. to 2. excited state
   9    MT =     53  Q = -1.71660E+00 MeV  Emin = 1.73295E+00 MeV  frac = 1.00000E+00  : inelastic scatt. to 3. excited state
  10    MT =     54  Q = -2.10450E+00 MeV  Emin = 2.12454E+00 MeV  frac = 1.00000E+00  : inelastic scatt. to 4. excited state
  11    MT =     55  Q = -2.30500E+00 MeV  Emin = 2.32695E+00 MeV  frac = 1.00000E+00  : inelastic scatt. to 5. excited state
  12    MT =     56  Q = -2.33060E+00 MeV  Emin = 2.35280E+00 MeV  frac = 1.00000E+00  : inelastic scatt. to 6. excited state
  13    MT =     57  Q = -2.33860E+00 MeV  Emin = 2.36087E+00 MeV  frac = 1.00000E+00  : inelastic scatt. to 7. excited state
  14    MT =     58  Q = -2.37050E+00 MeV  Emin = 2.39308E+00 MeV  frac = 1.00000E+00  : inelastic scatt. to 8. excited state
  15    MT =     59  Q = -2.48560E+00 MeV  Emin = 2.50927E+00 MeV  frac = 1.00000E+00  : inelastic scatt. to 9. excited state
  16    MT =     60  Q = -2.49170E+00 MeV  Emin = 2.51543E+00 MeV  frac = 1.00000E+00  : inelastic scatt. to 10. excited state
  17    MT =     61  Q = -2.50310E+00 MeV  Emin = 2.52694E+00 MeV  frac = 1.00000E+00  : inelastic scatt. to 11. excited state
  18    MT =     91  Q = -2.52200E+00 MeV  Emin = 2.54602E+00 MeV  frac = 1.00000E+00  : inelastic scattering to continuum
  19    MT =    102  Q =  7.92739E+00 MeV  Emin = 1.00000E-11 MeV  frac = 1.00000E+00  : (n,gamma)
  20    MT =    103  Q =  5.80454E-01 MeV  Emin = 5.00000E-01 MeV  frac = 1.00000E+00  : (n,p)
  21    MT =    104  Q = -5.03952E+00 MeV  Emin = 5.26991E+00 MeV  frac = 1.00000E+00  : (n,d)
  22    MT =    105  Q = -8.85546E+00 MeV  Emin = 1.00000E+01 MeV  frac = 1.00000E+00  : (n,t)
  23    MT =    106  Q = -4.58684E+00 MeV  Emin = 6.00000E+00 MeV  frac = 1.00000E+00  : (n,He-3)
  24    MT =    107  Q =  6.00119E+00 MeV  Emin = 9.99999E-02 MeV  frac = 1.00000E+00  : (n,alpha)
  25    MT =    111  Q = -5.22018E+00 MeV  Emin = 7.41965E+00 MeV  frac = 1.00000E+00  : (n,2p)

 6 special reactions:

   1    MT =    203  Q =  0.00000E+00 MeV  Emin = 5.00000E-01 MeV  : total proton production
   2    MT =    204  Q =  0.00000E+00 MeV  Emin = 5.26991E+00 MeV  : total deuteron production
   3    MT =    205  Q =  0.00000E+00 MeV  Emin = 1.00000E+01 MeV  : total triton production
   4    MT =    206  Q =  0.00000E+00 MeV  Emin = 5.93275E+00 MeV  : total He-3 production
   5    MT =    207  Q =  0.00000E+00 MeV  Emin = 9.99999E-02 MeV  : total alpha production
   6    MT =      4  Q =  0.00000E+00 MeV  Emin = 6.38726E-01 MeV  : total inelastic scattering

 Nuclide   89 / 130 : 48108.03c -- cadmium 108 (Cd-108)

 Pointers                     : 544407 49575
 Primary type                 : Transport
 Nuclide ZAI                  : 481080
 Library ID                   : 03c
 Cross section data file      : /home/leonardo.zortea/mcnp/xs/acedata/48108ENDF7.ace
 Atomic weight (AW)           : 107.90395
 Atomic weight ratio (AWR)    : 106.97700
 Temperature                  : 300.0 Kelvin
 XS temperature               : 300.0 Kelvin
 Minimum and maximum energy   : 1.00000E-11 2.00000E+01
 Half-life                    : stable
 Specific ingestion toxicity  : 4.70E-09 Sv/Bq
 Specific inhalation toxicity : 1.50E-08 Sv/Bq

 - Nuclide is not involved in burnup calculation
 - Nuclide has neutron transport data
 - Nuclide has no photon transport data
 - Nuclide has no S(a,b) data
 - Nuclide has no isomeric branching data
 - Nuclide is not fissile
 - Nuclide is not a delayed neutron precursor
 - Nuclide has no delayed neutron data
 - Nuclide uses ures ptable data between 6.00000E-03 and 9.99999E-02 MeV
 - Nuclide temperature is not adjusted with TMS
 - Nuclide has no dosimetry data
 - Nuclide has decay data
 - Nuclide has no supplementary transmutation cross section data
 - Nuclide has no NFY data
 - Nuclide has no SFY data

 - 24 reaction channels
 - 6 special reactions
 - No transmutation reactions
 - No transmutation branch reactions
 - No decay reactions
 - No decay branch reactions
 - No transmutation paths

 24 reactions channel:

   1    MT =      2  Q =  0.00000E+00 MeV  Emin = 1.00000E-11 MeV  frac = 1.00000E+00  : elastic scattering
   2    MT =     16  Q = -1.03340E+01 MeV  Emin = 1.04306E+01 MeV  frac = 1.00000E+00  : (n,2n)
   3    MT =     17  Q = -1.82610E+01 MeV  Emin = 1.84317E+01 MeV  frac = 1.00000E+00  : (n,3n)
   4    MT =     22  Q = -2.27600E+00 MeV  Emin = 2.29728E+00 MeV  frac = 1.00000E+00  : (n,nalpha)
   5    MT =     28  Q = -8.14060E+00 MeV  Emin = 8.21670E+00 MeV  frac = 1.00000E+00  : (n,np)
   6    MT =     32  Q = -1.54570E+01 MeV  Emin = 1.56015E+01 MeV  frac = 1.00000E+00  : (n,nd)
   7    MT =     33  Q = -1.71310E+01 MeV  Emin = 1.72911E+01 MeV  frac = 1.00000E+00  : (n,nt)
   8    MT =     51  Q = -6.33000E-01 MeV  Emin = 6.39000E-01 MeV  frac = 1.00000E+00  : inelastic scatt. to 1. excited state
   9    MT =     52  Q = -1.50600E+00 MeV  Emin = 1.52008E+00 MeV  frac = 1.00000E+00  : inelastic scatt. to 2. excited state
  10    MT =     53  Q = -1.60500E+00 MeV  Emin = 1.62000E+00 MeV  frac = 1.00000E+00  : inelastic scatt. to 3. excited state
  11    MT =     54  Q = -1.72400E+00 MeV  Emin = 1.74012E+00 MeV  frac = 1.00000E+00  : inelastic scatt. to 4. excited state
  12    MT =     55  Q = -1.91300E+00 MeV  Emin = 1.93088E+00 MeV  frac = 1.00000E+00  : inelastic scatt. to 5. excited state
  13    MT =     56  Q = -2.15000E+00 MeV  Emin = 2.17010E+00 MeV  frac = 1.00000E+00  : inelastic scatt. to 6. excited state
  14    MT =     57  Q = -2.16000E+00 MeV  Emin = 2.18019E+00 MeV  frac = 1.00000E+00  : inelastic scatt. to 7. excited state
  15    MT =     58  Q = -2.19900E+00 MeV  Emin = 2.22000E+00 MeV  frac = 1.00000E+00  : inelastic scatt. to 8. excited state
  16    MT =     59  Q = -2.23900E+00 MeV  Emin = 2.26000E+00 MeV  frac = 1.00000E+00  : inelastic scatt. to 9. excited state
  17    MT =     60  Q = -2.36800E+00 MeV  Emin = 2.39014E+00 MeV  frac = 1.00000E+00  : inelastic scatt. to 10. excited state
  18    MT =     91  Q = -2.47710E+00 MeV  Emin = 2.50026E+00 MeV  frac = 1.00000E+00  : inelastic scattering to continuum
  19    MT =    102  Q =  7.33000E+00 MeV  Emin = 1.00000E-11 MeV  frac = 1.00000E+00  : (n,gamma)
  20    MT =    103  Q = -8.66000E-01 MeV  Emin = 8.74096E-01 MeV  frac = 1.00000E+00  : (n,p)
  21    MT =    104  Q = -5.91220E+00 MeV  Emin = 5.96747E+00 MeV  frac = 1.00000E+00  : (n,d)
  22    MT =    105  Q = -9.20180E+00 MeV  Emin = 9.28782E+00 MeV  frac = 1.00000E+00  : (n,t)
  23    MT =    106  Q = -6.19860E+00 MeV  Emin = 6.25655E+00 MeV  frac = 1.00000E+00  : (n,He-3)
  24    MT =    107  Q =  4.86300E+00 MeV  Emin = 1.25000E-07 MeV  frac = 1.00000E+00  : (n,alpha)

 6 special reactions:

   1    MT =    203  Q =  0.00000E+00 MeV  Emin = 8.74096E-01 MeV  : total proton production
   2    MT =    204  Q =  0.00000E+00 MeV  Emin = 5.96747E+00 MeV  : total deuteron production
   3    MT =    205  Q =  0.00000E+00 MeV  Emin = 9.28782E+00 MeV  : total triton production
   4    MT =    206  Q =  0.00000E+00 MeV  Emin = 6.25655E+00 MeV  : total He-3 production
   5    MT =    207  Q =  0.00000E+00 MeV  Emin = 1.25000E-07 MeV  : total alpha production
   6    MT =      4  Q =  0.00000E+00 MeV  Emin = 6.39000E-01 MeV  : total inelastic scattering

 Nuclide   90 / 130 : 48110.03c -- cadmium 110 (Cd-110)

 Pointers                     : 546672 49851
 Primary type                 : Transport
 Nuclide ZAI                  : 481100
 Library ID                   : 03c
 Cross section data file      : /home/leonardo.zortea/mcnp/xs/acedata/48110ENDF7.ace
 Atomic weight (AW)           : 109.90313
 Atomic weight ratio (AWR)    : 108.95900
 Temperature                  : 300.0 Kelvin
 XS temperature               : 300.0 Kelvin
 Minimum and maximum energy   : 1.00000E-11 2.00000E+01
 Half-life                    : stable
 Specific ingestion toxicity  : N/A
 Specific inhalation toxicity : N/A

 - Nuclide is not involved in burnup calculation
 - Nuclide has neutron transport data
 - Nuclide has no photon transport data
 - Nuclide has no S(a,b) data
 - Nuclide has isomeric branching data
 - Nuclide is not fissile
 - Nuclide is not a delayed neutron precursor
 - Nuclide has no delayed neutron data
 - Nuclide uses ures ptable data between 7.00000E-03 and 9.99999E-02 MeV
 - Nuclide temperature is not adjusted with TMS
 - Nuclide has no dosimetry data
 - Nuclide has decay data
 - Nuclide has no supplementary transmutation cross section data
 - Nuclide has no NFY data
 - Nuclide has no SFY data

 - 28 reaction channels
 - 6 special reactions
 - No transmutation reactions
 - 1 transmutation branch reactions
 - No decay reactions
 - No decay branch reactions
 - No transmutation paths

 28 reactions channel:

   1    MT =      2  Q =  0.00000E+00 MeV  Emin = 1.00000E-11 MeV  frac = 1.00000E+00  : elastic scattering
   2    MT =     16  Q = -9.88030E+00 MeV  Emin = 9.97100E+00 MeV  frac = 1.00000E+00  : (n,2n)
   3    MT =     17  Q = -1.72430E+01 MeV  Emin = 1.74013E+01 MeV  frac = 1.00000E+00  : (n,3n)
   4    MT =     22  Q = -2.86100E+00 MeV  Emin = 2.88726E+00 MeV  frac = 1.00000E+00  : (n,nalpha)
   5    MT =     28  Q = -8.91690E+00 MeV  Emin = 1.10000E+01 MeV  frac = 1.00000E+00  : (n,np)
   6    MT =     32  Q = -1.58860E+01 MeV  Emin = 1.60318E+01 MeV  frac = 1.00000E+00  : (n,nd)
   7    MT =     33  Q = -1.68960E+01 MeV  Emin = 1.70511E+01 MeV  frac = 1.00000E+00  : (n,nt)
   8    MT =     51  Q = -6.58020E-01 MeV  Emin = 6.64059E-01 MeV  frac = 1.00000E+00  : inelastic scatt. to 1. excited state
   9    MT =     52  Q = -1.47500E+00 MeV  Emin = 1.49000E+00 MeV  frac = 1.00000E+00  : inelastic scatt. to 2. excited state
  10    MT =     53  Q = -1.47600E+00 MeV  Emin = 1.49000E+00 MeV  frac = 1.00000E+00  : inelastic scatt. to 3. excited state
  11    MT =     54  Q = -1.54600E+00 MeV  Emin = 1.56019E+00 MeV  frac = 1.00000E+00  : inelastic scatt. to 4. excited state
  12    MT =     55  Q = -1.73400E+00 MeV  Emin = 1.75000E+00 MeV  frac = 1.00000E+00  : inelastic scatt. to 5. excited state
  13    MT =     56  Q = -1.78300E+00 MeV  Emin = 1.80000E+00 MeV  frac = 1.00000E+00  : inelastic scatt. to 6. excited state
  14    MT =     57  Q = -1.81300E+00 MeV  Emin = 1.83000E+00 MeV  frac = 1.00000E+00  : inelastic scatt. to 7. excited state
  15    MT =     58  Q = -2.07900E+00 MeV  Emin = 2.10000E+00 MeV  frac = 1.00000E+00  : inelastic scatt. to 8. excited state
  16    MT =     59  Q = -2.08000E+00 MeV  Emin = 2.10000E+00 MeV  frac = 1.00000E+00  : inelastic scatt. to 9. excited state
  17    MT =     60  Q = -2.16000E+00 MeV  Emin = 2.18000E+00 MeV  frac = 1.00000E+00  : inelastic scatt. to 10. excited state
  18    MT =     61  Q = -2.22000E+00 MeV  Emin = 2.24038E+00 MeV  frac = 1.00000E+00  : inelastic scatt. to 11. excited state
  19    MT =     62  Q = -2.28700E+00 MeV  Emin = 2.31000E+00 MeV  frac = 1.00000E+00  : inelastic scatt. to 12. excited state
  20    MT =     63  Q = -2.32900E+00 MeV  Emin = 2.35038E+00 MeV  frac = 1.00000E+00  : inelastic scatt. to 13. excited state
  21    MT =     64  Q = -2.35600E+00 MeV  Emin = 2.38000E+00 MeV  frac = 1.00000E+00  : inelastic scatt. to 14. excited state
  22    MT =     91  Q = -2.35860E+00 MeV  Emin = 2.38025E+00 MeV  frac = 1.00000E+00  : inelastic scattering to continuum
  23    MT =    102  Q =  6.97680E+00 MeV  Emin = 1.00000E-11 MeV  frac = 1.00000E+00  : (n,gamma)
  24    MT =    103  Q = -2.11080E+00 MeV  Emin = 2.13017E+00 MeV  frac = 1.00000E+00  : (n,p)
  25    MT =    104  Q = -6.69220E+00 MeV  Emin = 6.75362E+00 MeV  frac = 1.00000E+00  : (n,d)
  26    MT =    105  Q = -9.88000E+00 MeV  Emin = 9.97100E+00 MeV  frac = 1.00000E+00  : (n,t)
  27    MT =    106  Q = -7.68710E+00 MeV  Emin = 7.75765E+00 MeV  frac = 1.00000E+00  : (n,He-3)
  28    MT =    107  Q =  3.70100E+00 MeV  Emin = 1.68750E-04 MeV  frac = 1.00000E+00  : (n,alpha)

 1 additional transport branch:

   1    MT =    102  Q =  6.97680E+00 MeV  Emin = 1.00000E-11 MeV  frac = 1.00000E+00  : (n,gamma)

 6 special reactions:

   1    MT =    203  Q =  0.00000E+00 MeV  Emin = 2.13017E+00 MeV  : total proton production
   2    MT =    204  Q =  0.00000E+00 MeV  Emin = 6.75362E+00 MeV  : total deuteron production
   3    MT =    205  Q =  0.00000E+00 MeV  Emin = 9.71400E+00 MeV  : total triton production
   4    MT =    206  Q =  0.00000E+00 MeV  Emin = 7.75765E+00 MeV  : total He-3 production
   5    MT =    207  Q =  0.00000E+00 MeV  Emin = 1.68750E-04 MeV  : total alpha production
   6    MT =      4  Q =  0.00000E+00 MeV  Emin = 6.64059E-01 MeV  : total inelastic scattering

 Nuclide   91 / 130 : 48111.03c -- cadmium 111 (Cd-111)

 Pointers                     : 549316 50127
 Primary type                 : Transport
 Nuclide ZAI                  : 481110
 Library ID                   : 03c
 Cross section data file      : /home/leonardo.zortea/mcnp/xs/acedata/48111ENDF7.ace
 Atomic weight (AW)           : 110.90372
 Atomic weight ratio (AWR)    : 109.95100
 Temperature                  : 300.0 Kelvin
 XS temperature               : 300.0 Kelvin
 Minimum and maximum energy   : 1.00000E-11 2.00000E+01
 Half-life                    : stable
 Specific ingestion toxicity  : N/A
 Specific inhalation toxicity : N/A

 - Nuclide is not involved in burnup calculation
 - Nuclide has neutron transport data
 - Nuclide has no photon transport data
 - Nuclide has no S(a,b) data
 - Nuclide has no isomeric branching data
 - Nuclide is not fissile
 - Nuclide is not a delayed neutron precursor
 - Nuclide has no delayed neutron data
 - Nuclide uses ures ptable data between 2.30000E-03 and 9.99999E-02 MeV
 - Nuclide temperature is not adjusted with TMS
 - Nuclide has no dosimetry data
 - Nuclide has decay data
 - Nuclide has no supplementary transmutation cross section data
 - Nuclide has no NFY data
 - Nuclide has no SFY data

 - 23 reaction channels
 - 5 special reactions
 - No transmutation reactions
 - No transmutation branch reactions
 - No decay reactions
 - No decay branch reactions
 - No transmutation paths

 23 reactions channel:

   1    MT =      2  Q =  0.00000E+00 MeV  Emin = 1.00000E-11 MeV  frac = 1.00000E+00  : elastic scattering
   2    MT =     16  Q = -6.98110E+00 MeV  Emin = 7.04460E+00 MeV  frac = 1.00000E+00  : (n,2n)
   3    MT =     17  Q = -1.68662E+01 MeV  Emin = 1.70196E+01 MeV  frac = 1.00000E+00  : (n,3n)
   4    MT =     22  Q = -3.30490E+00 MeV  Emin = 3.33496E+00 MeV  frac = 1.00000E+00  : (n,nalpha)
   5    MT =     28  Q = -9.09163E+00 MeV  Emin = 9.17433E+00 MeV  frac = 1.00000E+00  : (n,np)
   6    MT =     32  Q = -1.35916E+01 MeV  Emin = 1.45000E+01 MeV  frac = 1.00000E+00  : (n,nd)
   7    MT =     51  Q = -2.45400E-01 MeV  Emin = 2.47632E-01 MeV  frac = 1.00000E+00  : inelastic scatt. to 1. excited state
   8    MT =     52  Q = -3.41900E-01 MeV  Emin = 3.45010E-01 MeV  frac = 1.00000E+00  : inelastic scatt. to 2. excited state
   9    MT =     53  Q = -3.95999E-01 MeV  Emin = 3.99602E-01 MeV  frac = 1.00000E+00  : inelastic scatt. to 3. excited state
  10    MT =     54  Q = -4.16599E-01 MeV  Emin = 4.20389E-01 MeV  frac = 1.00000E+00  : inelastic scatt. to 4. excited state
  11    MT =     55  Q = -6.19999E-01 MeV  Emin = 6.25639E-01 MeV  frac = 1.00000E+00  : inelastic scatt. to 5. excited state
  12    MT =     56  Q = -6.99999E-01 MeV  Emin = 7.06366E-01 MeV  frac = 1.00000E+00  : inelastic scatt. to 6. excited state
  13    MT =     57  Q = -7.53999E-01 MeV  Emin = 7.60858E-01 MeV  frac = 1.00000E+00  : inelastic scatt. to 7. excited state
  14    MT =     58  Q = -8.66499E-01 MeV  Emin = 8.74381E-01 MeV  frac = 1.00000E+00  : inelastic scatt. to 8. excited state
  15    MT =     59  Q = -1.02000E+00 MeV  Emin = 1.02928E+00 MeV  frac = 1.00000E+00  : inelastic scatt. to 9. excited state
  16    MT =     60  Q = -1.13000E+00 MeV  Emin = 1.14028E+00 MeV  frac = 1.00000E+00  : inelastic scatt. to 10. excited state
  17    MT =     61  Q = -1.19000E+00 MeV  Emin = 1.20082E+00 MeV  frac = 1.00000E+00  : inelastic scatt. to 11. excited state
  18    MT =     91  Q = -1.33000E+00 MeV  Emin = 1.34210E+00 MeV  frac = 1.00000E+00  : inelastic scattering to continuum
  19    MT =    102  Q =  9.39529E+00 MeV  Emin = 1.00000E-11 MeV  frac = 1.00000E+00  : (n,gamma)
  20    MT =    103  Q = -2.45534E-01 MeV  Emin = 5.00000E-01 MeV  frac = 1.00000E+00  : (n,p)
  21    MT =    104  Q = -6.78151E+00 MeV  Emin = 7.49776E+00 MeV  frac = 1.00000E+00  : (n,d)
  22    MT =    105  Q = -7.40646E+00 MeV  Emin = 8.58117E+00 MeV  frac = 1.00000E+00  : (n,t)
  23    MT =    107  Q =  5.92319E+00 MeV  Emin = 9.99999E-02 MeV  frac = 1.00000E+00  : (n,alpha)

 5 special reactions:

   1    MT =    203  Q =  0.00000E+00 MeV  Emin = 5.00000E-01 MeV  : total proton production
   2    MT =    204  Q =  0.00000E+00 MeV  Emin = 7.49776E+00 MeV  : total deuteron production
   3    MT =    205  Q =  0.00000E+00 MeV  Emin = 8.58117E+00 MeV  : total triton production
   4    MT =    207  Q =  0.00000E+00 MeV  Emin = 9.99999E-02 MeV  : total alpha production
   5    MT =      4  Q =  0.00000E+00 MeV  Emin = 2.47632E-01 MeV  : total inelastic scattering

 Nuclide   92 / 130 : 48112.03c -- cadmium 112 (Cd-112)

 Pointers                     : 551437 50403
 Primary type                 : Transport
 Nuclide ZAI                  : 481120
 Library ID                   : 03c
 Cross section data file      : /home/leonardo.zortea/mcnp/xs/acedata/48112ENDF7.ace
 Atomic weight (AW)           : 111.90331
 Atomic weight ratio (AWR)    : 110.94200
 Temperature                  : 300.0 Kelvin
 XS temperature               : 300.0 Kelvin
 Minimum and maximum energy   : 1.00000E-11 2.00000E+01
 Half-life                    : stable
 Specific ingestion toxicity  : N/A
 Specific inhalation toxicity : N/A

 - Nuclide is not involved in burnup calculation
 - Nuclide has neutron transport data
 - Nuclide has no photon transport data
 - Nuclide has no S(a,b) data
 - Nuclide has isomeric branching data
 - Nuclide is not fissile
 - Nuclide is not a delayed neutron precursor
 - Nuclide has no delayed neutron data
 - Nuclide uses ures ptable data between 1.15000E-02 and 9.99999E-02 MeV
 - Nuclide temperature is not adjusted with TMS
 - Nuclide has no dosimetry data
 - Nuclide has decay data
 - Nuclide has no supplementary transmutation cross section data
 - Nuclide has no NFY data
 - Nuclide has no SFY data

 - 22 reaction channels
 - 6 special reactions
 - No transmutation reactions
 - 1 transmutation branch reactions
 - No decay reactions
 - No decay branch reactions
 - No transmutation paths

 22 reactions channel:

   1    MT =      2  Q =  0.00000E+00 MeV  Emin = 1.00000E-11 MeV  frac = 1.00000E+00  : elastic scattering
   2    MT =     16  Q = -9.39710E+00 MeV  Emin = 9.48181E+00 MeV  frac = 1.00000E+00  : (n,2n)
   3    MT =     17  Q = -1.63740E+01 MeV  Emin = 1.65216E+01 MeV  frac = 1.00000E+00  : (n,3n)
   4    MT =     22  Q = -3.47990E+00 MeV  Emin = 3.51127E+00 MeV  frac = 1.00000E+00  : (n,nalpha)
   5    MT =     28  Q = -9.64190E+00 MeV  Emin = 9.72881E+00 MeV  frac = 1.00000E+00  : (n,np)
   6    MT =     32  Q = -1.62650E+01 MeV  Emin = 1.64116E+01 MeV  frac = 1.00000E+00  : (n,nd)
   7    MT =     33  Q = -1.68100E+01 MeV  Emin = 1.69615E+01 MeV  frac = 1.00000E+00  : (n,nt)
   8    MT =     51  Q = -6.18000E-01 MeV  Emin = 6.23571E-01 MeV  frac = 1.00000E+00  : inelastic scatt. to 1. excited state
   9    MT =     52  Q = -1.22900E+00 MeV  Emin = 1.24008E+00 MeV  frac = 1.00000E+00  : inelastic scatt. to 2. excited state
  10    MT =     53  Q = -1.30800E+00 MeV  Emin = 1.32000E+00 MeV  frac = 1.00000E+00  : inelastic scatt. to 3. excited state
  11    MT =     54  Q = -1.41700E+00 MeV  Emin = 1.43000E+00 MeV  frac = 1.00000E+00  : inelastic scatt. to 4. excited state
  12    MT =     55  Q = -1.43700E+00 MeV  Emin = 1.45000E+00 MeV  frac = 1.00000E+00  : inelastic scatt. to 5. excited state
  13    MT =     56  Q = -1.46700E+00 MeV  Emin = 1.48022E+00 MeV  frac = 1.00000E+00  : inelastic scatt. to 6. excited state
  14    MT =     57  Q = -1.87300E+00 MeV  Emin = 1.89000E+00 MeV  frac = 1.00000E+00  : inelastic scatt. to 7. excited state
  15    MT =     58  Q = -2.00200E+00 MeV  Emin = 2.02005E+00 MeV  frac = 1.00000E+00  : inelastic scatt. to 8. excited state
  16    MT =     91  Q = -1.98230E+00 MeV  Emin = 2.00017E+00 MeV  frac = 1.00000E+00  : inelastic scattering to continuum
  17    MT =    102  Q =  6.53980E+00 MeV  Emin = 1.00000E-11 MeV  frac = 1.00000E+00  : (n,gamma)
  18    MT =    103  Q = -3.17600E+00 MeV  Emin = 3.20463E+00 MeV  frac = 1.00000E+00  : (n,p)
  19    MT =    104  Q = -7.41680E+00 MeV  Emin = 7.48366E+00 MeV  frac = 1.00000E+00  : (n,d)
  20    MT =    105  Q = -1.00030E+01 MeV  Emin = 1.00932E+01 MeV  frac = 1.00000E+00  : (n,t)
  21    MT =    106  Q = -9.10470E+00 MeV  Emin = 9.18677E+00 MeV  frac = 1.00000E+00  : (n,He-3)
  22    MT =    107  Q =  2.69800E+00 MeV  Emin = 1.81792E-03 MeV  frac = 1.00000E+00  : (n,alpha)

 1 additional transport branch:

   1    MT =    102  Q =  6.53980E+00 MeV  Emin = 1.00000E-11 MeV  frac = 1.00000E+00  : (n,gamma)

 6 special reactions:

   1    MT =    203  Q =  0.00000E+00 MeV  Emin = 3.20463E+00 MeV  : total proton production
   2    MT =    204  Q =  0.00000E+00 MeV  Emin = 7.48366E+00 MeV  : total deuteron production
   3    MT =    205  Q =  0.00000E+00 MeV  Emin = 1.00932E+01 MeV  : total triton production
   4    MT =    206  Q =  0.00000E+00 MeV  Emin = 9.18677E+00 MeV  : total He-3 production
   5    MT =    207  Q =  0.00000E+00 MeV  Emin = 1.81792E-03 MeV  : total alpha production
   6    MT =      4  Q =  0.00000E+00 MeV  Emin = 6.23571E-01 MeV  : total inelastic scattering

 Nuclide   93 / 130 : 48113.03c -- cadmium 113 (Cd-113)

 Pointers                     : 553649 50679
 Primary type                 : Transport
 Nuclide ZAI                  : 481130
 Library ID                   : 03c
 Cross section data file      : /home/leonardo.zortea/mcnp/xs/acedata/48113ENDF7.ace
 Atomic weight (AW)           : 112.89987
 Atomic weight ratio (AWR)    : 111.93000
 Temperature                  : 300.0 Kelvin
 XS temperature               : 300.0 Kelvin
 Minimum and maximum energy   : 1.00000E-11 2.00000E+01
 Half-life                    : 2.43E+23 seconds (7.71E+15 years)
 Specific ingestion toxicity  : 2.50E-08 Sv/Bq
 Specific inhalation toxicity : 1.20E-07 Sv/Bq

 - Nuclide is not involved in burnup calculation
 - Nuclide has neutron transport data
 - Nuclide has no photon transport data
 - Nuclide has no S(a,b) data
 - Nuclide has no isomeric branching data
 - Nuclide is not fissile
 - Nuclide is not a delayed neutron precursor
 - Nuclide has no delayed neutron data
 - Nuclide uses ures ptable data between 1.10000E-02 and 9.99999E-02 MeV
 - Nuclide temperature is not adjusted with TMS
 - Nuclide has no dosimetry data
 - Nuclide has decay data
 - Nuclide has no supplementary transmutation cross section data
 - Nuclide has no NFY data
 - Nuclide has no SFY data

 - 32 reaction channels
 - 5 special reactions
 - No transmutation reactions
 - No transmutation branch reactions
 - 1 decay reactions
 - No decay branch reactions
 - No transmutation paths
 - All reaction paths linked to target

 32 reactions channel:

   1    MT =      2  Q =  0.00000E+00 MeV  Emin = 1.00000E-11 MeV  frac = 1.00000E+00  : elastic scattering
   2    MT =     16  Q = -6.53980E+00 MeV  Emin = 6.59823E+00 MeV  frac = 1.00000E+00  : (n,2n)
   3    MT =     17  Q = -1.59380E+01 MeV  Emin = 1.60810E+01 MeV  frac = 1.00000E+00  : (n,3n)
   4    MT =     22  Q = -3.86960E+00 MeV  Emin = 1.65000E+01 MeV  frac = 1.00000E+00  : (n,nalpha)
   5    MT =     28  Q = -9.71440E+00 MeV  Emin = 1.55000E+01 MeV  frac = 1.00000E+00  : (n,np)
   6    MT =     51  Q = -2.63600E-01 MeV  Emin = 2.65955E-01 MeV  frac = 1.00000E+00  : inelastic scatt. to 1. excited state
   7    MT =     52  Q = -2.98500E-01 MeV  Emin = 3.01170E-01 MeV  frac = 1.00000E+00  : inelastic scatt. to 2. excited state
   8    MT =     53  Q = -3.16200E-01 MeV  Emin = 3.19025E-01 MeV  frac = 1.00000E+00  : inelastic scatt. to 3. excited state
   9    MT =     54  Q = -4.58400E-01 MeV  Emin = 4.62500E-01 MeV  frac = 1.00000E+00  : inelastic scatt. to 4. excited state
  10    MT =     55  Q = -5.22300E-01 MeV  Emin = 5.26970E-01 MeV  frac = 1.00000E+00  : inelastic scatt. to 5. excited state
  11    MT =     56  Q = -5.30000E-01 MeV  Emin = 5.34735E-01 MeV  frac = 1.00000E+00  : inelastic scatt. to 6. excited state
  12    MT =     57  Q = -5.84100E-01 MeV  Emin = 5.89320E-01 MeV  frac = 1.00000E+00  : inelastic scatt. to 7. excited state
  13    MT =     58  Q = -6.38100E-01 MeV  Emin = 6.43801E-01 MeV  frac = 1.00000E+00  : inelastic scatt. to 8. excited state
  14    MT =     59  Q = -6.80600E-01 MeV  Emin = 6.86681E-01 MeV  frac = 1.00000E+00  : inelastic scatt. to 9. excited state
  15    MT =     60  Q = -7.08400E-01 MeV  Emin = 7.14730E-01 MeV  frac = 1.00000E+00  : inelastic scatt. to 10. excited state
  16    MT =     61  Q = -7.60000E-01 MeV  Emin = 7.66790E-01 MeV  frac = 1.00000E+00  : inelastic scatt. to 11. excited state
  17    MT =     62  Q = -8.20000E-01 MeV  Emin = 8.27330E-01 MeV  frac = 1.00000E+00  : inelastic scatt. to 12. excited state
  18    MT =     63  Q = -8.55300E-01 MeV  Emin = 8.62942E-01 MeV  frac = 1.00000E+00  : inelastic scatt. to 13. excited state
  19    MT =     64  Q = -8.83600E-01 MeV  Emin = 8.91494E-01 MeV  frac = 1.00000E+00  : inelastic scatt. to 14. excited state
  20    MT =     65  Q = -9.00000E-01 MeV  Emin = 9.08041E-01 MeV  frac = 1.00000E+00  : inelastic scatt. to 15. excited state
  21    MT =     66  Q = -9.59000E-01 MeV  Emin = 9.67570E-01 MeV  frac = 1.00000E+00  : inelastic scatt. to 16. excited state
  22    MT =     67  Q = -9.88400E-01 MeV  Emin = 9.97231E-01 MeV  frac = 1.00000E+00  : inelastic scatt. to 17. excited state
  23    MT =     68  Q = -1.00720E+00 MeV  Emin = 1.01620E+00 MeV  frac = 1.00000E+00  : inelastic scatt. to 18. excited state
  24    MT =     69  Q = -1.04750E+00 MeV  Emin = 1.05690E+00 MeV  frac = 1.00000E+00  : inelastic scatt. to 19. excited state
  25    MT =     70  Q = -1.04990E+00 MeV  Emin = 1.05930E+00 MeV  frac = 1.00000E+00  : inelastic scatt. to 20. excited state
  26    MT =     71  Q = -1.12610E+00 MeV  Emin = 1.13620E+00 MeV  frac = 1.00000E+00  : inelastic scatt. to 21. excited state
  27    MT =     91  Q = -1.12610E+00 MeV  Emin = 2.50000E+00 MeV  frac = 1.00000E+00  : inelastic scattering to continuum
  28    MT =    102  Q =  9.04270E+00 MeV  Emin = 1.00000E-11 MeV  frac = 1.00000E+00  : (n,gamma)
  29    MT =    103  Q = -1.22690E+00 MeV  Emin = 4.50000E+00 MeV  frac = 1.00000E+00  : (n,p)
  30    MT =    104  Q = -7.48990E+00 MeV  Emin = 1.12500E+01 MeV  frac = 1.00000E+00  : (n,d)
  31    MT =    105  Q = -7.71110E+00 MeV  Emin = 1.17500E+01 MeV  frac = 1.00000E+00  : (n,t)
  32    MT =    107  Q =  4.94210E+00 MeV  Emin = 3.00000E+00 MeV  frac = 1.00000E+00  : (n,alpha)

 5 special reactions:

   1    MT =    203  Q =  0.00000E+00 MeV  Emin = 4.50000E+00 MeV  : total proton production
   2    MT =    204  Q =  0.00000E+00 MeV  Emin = 1.10000E+01 MeV  : total deuteron production
   3    MT =    205  Q =  0.00000E+00 MeV  Emin = 1.17500E+01 MeV  : total triton production
   4    MT =    207  Q =  0.00000E+00 MeV  Emin = 3.00000E+00 MeV  : total alpha production
   5    MT =      4  Q =  0.00000E+00 MeV  Emin = 2.65955E-01 MeV  : total inelastic scattering

 1 decay reaction:

   1  RTYP = 1     Q =  3.20000E-01 MeV  frac = 1.00000E+00  : beta-

 Nuclide   94 / 130 : 48114.03c -- cadmium 114 (Cd-114)

 Pointers                     : 556523 50955
 Primary type                 : Transport
 Nuclide ZAI                  : 481140
 Library ID                   : 03c
 Cross section data file      : /home/leonardo.zortea/mcnp/xs/acedata/48114ENDF7.ace
 Atomic weight (AW)           : 113.90349
 Atomic weight ratio (AWR)    : 112.92500
 Temperature                  : 300.0 Kelvin
 XS temperature               : 300.0 Kelvin
 Minimum and maximum energy   : 1.00000E-11 2.00000E+01
 Half-life                    : stable
 Specific ingestion toxicity  : 9.20E-09 Sv/Bq
 Specific inhalation toxicity : 2.90E-08 Sv/Bq

 - Nuclide is not involved in burnup calculation
 - Nuclide has neutron transport data
 - Nuclide has no photon transport data
 - Nuclide has no S(a,b) data
 - Nuclide has isomeric branching data
 - Nuclide is not fissile
 - Nuclide is not a delayed neutron precursor
 - Nuclide has no delayed neutron data
 - Nuclide uses ures ptable data between 8.00000E-03 and 9.99999E-02 MeV
 - Nuclide temperature is not adjusted with TMS
 - Nuclide has no dosimetry data
 - Nuclide has decay data
 - Nuclide has no supplementary transmutation cross section data
 - Nuclide has no NFY data
 - Nuclide has no SFY data

 - 24 reaction channels
 - 6 special reactions
 - No transmutation reactions
 - 1 transmutation branch reactions
 - 1 decay reactions
 - No decay branch reactions
 - No transmutation paths
 - All reaction paths linked to target

 24 reactions channel:

   1    MT =      2  Q =  0.00000E+00 MeV  Emin = 1.00000E-11 MeV  frac = 1.00000E+00  : elastic scattering
   2    MT =     16  Q = -9.04070E+00 MeV  Emin = 9.12076E+00 MeV  frac = 1.00000E+00  : (n,2n)
   3    MT =     17  Q = -1.55830E+01 MeV  Emin = 1.57210E+01 MeV  frac = 1.00000E+00  : (n,3n)
   4    MT =     22  Q = -4.07700E+00 MeV  Emin = 4.11311E+00 MeV  frac = 1.00000E+00  : (n,nalpha)
   5    MT =     28  Q = -1.02700E+01 MeV  Emin = 1.03610E+01 MeV  frac = 1.00000E+00  : (n,np)
   6    MT =     32  Q = -1.65350E+01 MeV  Emin = 1.66814E+01 MeV  frac = 1.00000E+00  : (n,nd)
   7    MT =     33  Q = -1.67430E+01 MeV  Emin = 1.68913E+01 MeV  frac = 1.00000E+00  : (n,nt)
   8    MT =     51  Q = -5.58100E-01 MeV  Emin = 5.63042E-01 MeV  frac = 1.00000E+00  : inelastic scatt. to 1. excited state
   9    MT =     52  Q = -1.13000E+00 MeV  Emin = 1.14001E+00 MeV  frac = 1.00000E+00  : inelastic scatt. to 2. excited state
  10    MT =     53  Q = -1.21000E+00 MeV  Emin = 1.22072E+00 MeV  frac = 1.00000E+00  : inelastic scatt. to 3. excited state
  11    MT =     54  Q = -1.27900E+00 MeV  Emin = 1.29033E+00 MeV  frac = 1.00000E+00  : inelastic scatt. to 4. excited state
  12    MT =     55  Q = -1.30800E+00 MeV  Emin = 1.32000E+00 MeV  frac = 1.00000E+00  : inelastic scatt. to 5. excited state
  13    MT =     56  Q = -1.36800E+00 MeV  Emin = 1.38011E+00 MeV  frac = 1.00000E+00  : inelastic scatt. to 6. excited state
  14    MT =     57  Q = -1.73500E+00 MeV  Emin = 1.75036E+00 MeV  frac = 1.00000E+00  : inelastic scatt. to 7. excited state
  15    MT =     58  Q = -1.84200E+00 MeV  Emin = 1.86000E+00 MeV  frac = 1.00000E+00  : inelastic scatt. to 8. excited state
  16    MT =     59  Q = -1.86300E+00 MeV  Emin = 1.88000E+00 MeV  frac = 1.00000E+00  : inelastic scatt. to 9. excited state
  17    MT =     60  Q = -1.86310E+00 MeV  Emin = 1.88000E+00 MeV  frac = 1.00000E+00  : inelastic scatt. to 10. excited state
  18    MT =     91  Q = -1.86310E+00 MeV  Emin = 1.88000E+00 MeV  frac = 1.00000E+00  : inelastic scattering to continuum
  19    MT =    102  Q =  6.14800E+00 MeV  Emin = 1.00000E-11 MeV  frac = 1.00000E+00  : (n,gamma)
  20    MT =    103  Q = -4.07700E+00 MeV  Emin = 4.11311E+00 MeV  frac = 1.00000E+00  : (n,p)
  21    MT =    104  Q = -8.04440E+00 MeV  Emin = 8.11564E+00 MeV  frac = 1.00000E+00  : (n,d)
  22    MT =    105  Q = -1.02790E+01 MeV  Emin = 1.03700E+01 MeV  frac = 1.00000E+00  : (n,t)
  23    MT =    106  Q = -9.04000E+00 MeV  Emin = 9.12005E+00 MeV  frac = 1.00000E+00  : (n,He-3)
  24    MT =    107  Q =  1.67150E+00 MeV  Emin = 8.00000E-03 MeV  frac = 1.00000E+00  : (n,alpha)

 1 additional transport branch:

   1    MT =    102  Q =  6.14800E+00 MeV  Emin = 1.00000E-11 MeV  frac = 1.00000E+00  : (n,gamma)

 6 special reactions:

   1    MT =    203  Q =  0.00000E+00 MeV  Emin = 4.11311E+00 MeV  : total proton production
   2    MT =    204  Q =  0.00000E+00 MeV  Emin = 8.11500E+00 MeV  : total deuteron production
   3    MT =    205  Q =  0.00000E+00 MeV  Emin = 1.03700E+01 MeV  : total triton production
   4    MT =    206  Q =  0.00000E+00 MeV  Emin = 9.12005E+00 MeV  : total He-3 production
   5    MT =    207  Q =  0.00000E+00 MeV  Emin = 8.00000E-03 MeV  : total alpha production
   6    MT =      4  Q =  0.00000E+00 MeV  Emin = 5.63042E-01 MeV  : total inelastic scattering

 1 decay reaction:

   1  RTYP = 11    Q =  5.39960E-01 MeV  frac = 1.00000E+00  : beta- + beta-

 Nuclide   95 / 130 : 48116.03c -- cadmium 116 (Cd-116)

 Pointers                     : 572973 51231
 Primary type                 : Transport
 Nuclide ZAI                  : 481160
 Library ID                   : 03c
 Cross section data file      : /home/leonardo.zortea/mcnp/xs/acedata/48116ENDF7.ace
 Atomic weight (AW)           : 115.90468
 Atomic weight ratio (AWR)    : 114.90900
 Temperature                  : 300.0 Kelvin
 XS temperature               : 300.0 Kelvin
 Minimum and maximum energy   : 1.00000E-11 2.00000E+01
 Half-life                    : 9.78E+26 seconds (3.1E+19 years)
 Specific ingestion toxicity  : 4.80E-08 Sv/Bq
 Specific inhalation toxicity : 1.50E-07 Sv/Bq

 - Nuclide is not involved in burnup calculation
 - Nuclide has neutron transport data
 - Nuclide has no photon transport data
 - Nuclide has no S(a,b) data
 - Nuclide has isomeric branching data
 - Nuclide is not fissile
 - Nuclide is not a delayed neutron precursor
 - Nuclide has no delayed neutron data
 - Nuclide uses ures ptable data between 9.50000E-03 and 9.99999E-02 MeV
 - Nuclide temperature is not adjusted with TMS
 - Nuclide has no dosimetry data
 - Nuclide has decay data
 - Nuclide has no supplementary transmutation cross section data
 - Nuclide has no NFY data
 - Nuclide has no SFY data

 - 20 reaction channels
 - 6 special reactions
 - No transmutation reactions
 - 1 transmutation branch reactions
 - 1 decay reactions
 - No decay branch reactions
 - No transmutation paths
 - All reaction paths linked to target

 20 reactions channel:

   1    MT =      2  Q =  0.00000E+00 MeV  Emin = 1.00000E-11 MeV  frac = 1.00000E+00  : elastic scattering
   2    MT =     16  Q = -8.69700E+00 MeV  Emin = 8.77269E+00 MeV  frac = 1.00000E+00  : (n,2n)
   3    MT =     17  Q = -1.48420E+01 MeV  Emin = 1.49712E+01 MeV  frac = 1.00000E+00  : (n,3n)
   4    MT =     22  Q = -4.81750E+00 MeV  Emin = 4.85942E+00 MeV  frac = 1.00000E+00  : (n,nalpha)
   5    MT =     28  Q = -1.10940E+01 MeV  Emin = 1.11906E+01 MeV  frac = 1.00000E+00  : (n,np)
   6    MT =     32  Q = -1.66960E+01 MeV  Emin = 1.68413E+01 MeV  frac = 1.00000E+00  : (n,nd)
   7    MT =     33  Q = -1.66250E+01 MeV  Emin = 1.67700E+01 MeV  frac = 1.00000E+00  : (n,nt)
   8    MT =     51  Q = -5.12580E-01 MeV  Emin = 5.17041E-01 MeV  frac = 1.00000E+00  : inelastic scatt. to 1. excited state
   9    MT =     52  Q = -1.20900E+00 MeV  Emin = 1.22000E+00 MeV  frac = 1.00000E+00  : inelastic scatt. to 2. excited state
  10    MT =     53  Q = -1.21900E+00 MeV  Emin = 1.23000E+00 MeV  frac = 1.00000E+00  : inelastic scatt. to 3. excited state
  11    MT =     54  Q = -1.27900E+00 MeV  Emin = 1.29013E+00 MeV  frac = 1.00000E+00  : inelastic scatt. to 4. excited state
  12    MT =     55  Q = -1.37800E+00 MeV  Emin = 1.39000E+00 MeV  frac = 1.00000E+00  : inelastic scatt. to 5. excited state
  13    MT =     56  Q = -1.64600E+00 MeV  Emin = 1.66033E+00 MeV  frac = 1.00000E+00  : inelastic scatt. to 6. excited state
  14    MT =     91  Q = -1.78460E+00 MeV  Emin = 1.80013E+00 MeV  frac = 1.00000E+00  : inelastic scattering to continuum
  15    MT =    102  Q =  5.76500E+00 MeV  Emin = 1.00000E-11 MeV  frac = 1.00000E+00  : (n,gamma)
  16    MT =    103  Q = -5.31600E+00 MeV  Emin = 5.36226E+00 MeV  frac = 1.00000E+00  : (n,p)
  17    MT =    104  Q = -8.87350E+00 MeV  Emin = 8.95072E+00 MeV  frac = 1.00000E+00  : (n,d)
  18    MT =    105  Q = -1.04380E+01 MeV  Emin = 1.05300E+01 MeV  frac = 1.00000E+00  : (n,t)
  19    MT =    106  Q = -1.12330E+01 MeV  Emin = 1.13308E+01 MeV  frac = 1.00000E+00  : (n,He-3)
  20    MT =    107  Q =  5.72900E-01 MeV  Emin = 9.50000E-03 MeV  frac = 1.00000E+00  : (n,alpha)

 1 additional transport branch:

   1    MT =    102  Q =  5.76500E+00 MeV  Emin = 1.00000E-11 MeV  frac = 1.00000E+00  : (n,gamma)

 6 special reactions:

   1    MT =    203  Q =  0.00000E+00 MeV  Emin = 5.36200E+00 MeV  : total proton production
   2    MT =    204  Q =  0.00000E+00 MeV  Emin = 8.95072E+00 MeV  : total deuteron production
   3    MT =    205  Q =  0.00000E+00 MeV  Emin = 1.05300E+01 MeV  : total triton production
   4    MT =    206  Q =  0.00000E+00 MeV  Emin = 1.13300E+01 MeV  : total He-3 production
   5    MT =    207  Q =  0.00000E+00 MeV  Emin = 9.50000E-03 MeV  : total alpha production
   6    MT =      4  Q =  0.00000E+00 MeV  Emin = 5.17041E-01 MeV  : total inelastic scattering

 1 decay reaction:

   1  RTYP = 11    Q =  2.80871E+00 MeV  frac = 1.00000E+00  : beta- + beta-

 Nuclide   96 / 130 : 50112.03c -- tin 112 (Sn-112)

 Pointers                     : 322111 52887
 Primary type                 : Transport
 Nuclide ZAI                  : 501120
 Library ID                   : 03c
 Cross section data file      : /home/leonardo.zortea/mcnp/xs/acedata/50112ENDF7.ace
 Atomic weight (AW)           : 111.90533
 Atomic weight ratio (AWR)    : 110.94400
 Temperature                  : 300.0 Kelvin
 XS temperature               : 300.0 Kelvin
 Minimum and maximum energy   : 1.00000E-11 2.00000E+01
 Half-life                    : stable
 Specific ingestion toxicity  : N/A
 Specific inhalation toxicity : N/A

 - Nuclide is not involved in burnup calculation
 - Nuclide has neutron transport data
 - Nuclide has no photon transport data
 - Nuclide has no S(a,b) data
 - Nuclide has isomeric branching data
 - Nuclide is not fissile
 - Nuclide is not a delayed neutron precursor
 - Nuclide has no delayed neutron data
 - Nuclide uses ures ptable data between 1.50000E-03 and 9.99999E-02 MeV
 - Nuclide temperature is not adjusted with TMS
 - Nuclide has no dosimetry data
 - Nuclide has decay data
 - Nuclide has no supplementary transmutation cross section data
 - Nuclide has no NFY data
 - Nuclide has no SFY data

 - 36 reaction channels
 - 6 special reactions
 - No transmutation reactions
 - 1 transmutation branch reactions
 - No decay reactions
 - No decay branch reactions
 - No transmutation paths

 36 reactions channel:

   1    MT =      2  Q =  0.00000E+00 MeV  Emin = 1.00000E-11 MeV  frac = 1.00000E+00  : elastic scattering
   2    MT =     16  Q = -1.07931E+01 MeV  Emin = 1.10000E+01 MeV  frac = 1.00000E+00  : (n,2n)
   3    MT =     17  Q = -1.89762E+01 MeV  Emin = 1.91472E+01 MeV  frac = 1.00000E+00  : (n,3n)
   4    MT =     22  Q = -1.82890E+00 MeV  Emin = 2.00000E+00 MeV  frac = 1.00000E+00  : (n,nalpha)
   5    MT =     28  Q = -7.54663E+00 MeV  Emin = 8.00000E+00 MeV  frac = 1.00000E+00  : (n,np)
   6    MT =     51  Q = -1.25700E+00 MeV  Emin = 1.26833E+00 MeV  frac = 1.00000E+00  : inelastic scatt. to 1. excited state
   7    MT =     52  Q = -2.15130E+00 MeV  Emin = 2.17069E+00 MeV  frac = 1.00000E+00  : inelastic scatt. to 2. excited state
   8    MT =     53  Q = -2.19090E+00 MeV  Emin = 2.21065E+00 MeV  frac = 1.00000E+00  : inelastic scatt. to 3. excited state
   9    MT =     54  Q = -2.24790E+00 MeV  Emin = 2.26816E+00 MeV  frac = 1.00000E+00  : inelastic scatt. to 4. excited state
  10    MT =     55  Q = -2.35500E+00 MeV  Emin = 2.37623E+00 MeV  frac = 1.00000E+00  : inelastic scatt. to 5. excited state
  11    MT =     56  Q = -2.47620E+00 MeV  Emin = 2.49852E+00 MeV  frac = 1.00000E+00  : inelastic scatt. to 6. excited state
  12    MT =     57  Q = -2.52140E+00 MeV  Emin = 2.54413E+00 MeV  frac = 1.00000E+00  : inelastic scatt. to 7. excited state
  13    MT =     58  Q = -2.54890E+00 MeV  Emin = 2.57188E+00 MeV  frac = 1.00000E+00  : inelastic scatt. to 8. excited state
  14    MT =     59  Q = -2.55000E+00 MeV  Emin = 2.57299E+00 MeV  frac = 1.00000E+00  : inelastic scatt. to 9. excited state
  15    MT =     60  Q = -2.55660E+00 MeV  Emin = 2.57965E+00 MeV  frac = 1.00000E+00  : inelastic scatt. to 10. excited state
  16    MT =     61  Q = -2.61800E+00 MeV  Emin = 2.64160E+00 MeV  frac = 1.00000E+00  : inelastic scatt. to 11. excited state
  17    MT =     62  Q = -2.72170E+00 MeV  Emin = 2.74623E+00 MeV  frac = 1.00000E+00  : inelastic scatt. to 12. excited state
  18    MT =     63  Q = -2.78460E+00 MeV  Emin = 2.80970E+00 MeV  frac = 1.00000E+00  : inelastic scatt. to 13. excited state
  19    MT =     64  Q = -2.91360E+00 MeV  Emin = 2.93986E+00 MeV  frac = 1.00000E+00  : inelastic scatt. to 14. excited state
  20    MT =     65  Q = -2.92640E+00 MeV  Emin = 2.95278E+00 MeV  frac = 1.00000E+00  : inelastic scatt. to 15. excited state
  21    MT =     66  Q = -2.94600E+00 MeV  Emin = 2.97255E+00 MeV  frac = 1.00000E+00  : inelastic scatt. to 16. excited state
  22    MT =     67  Q = -2.96710E+00 MeV  Emin = 2.99384E+00 MeV  frac = 1.00000E+00  : inelastic scatt. to 17. excited state
  23    MT =     68  Q = -3.09330E+00 MeV  Emin = 3.12118E+00 MeV  frac = 1.00000E+00  : inelastic scatt. to 18. excited state
  24    MT =     69  Q = -3.14970E+00 MeV  Emin = 3.17809E+00 MeV  frac = 1.00000E+00  : inelastic scatt. to 19. excited state
  25    MT =     70  Q = -3.24850E+00 MeV  Emin = 3.27778E+00 MeV  frac = 1.00000E+00  : inelastic scatt. to 20. excited state
  26    MT =     71  Q = -3.25300E+00 MeV  Emin = 3.28232E+00 MeV  frac = 1.00000E+00  : inelastic scatt. to 21. excited state
  27    MT =     72  Q = -3.27800E+00 MeV  Emin = 3.30755E+00 MeV  frac = 1.00000E+00  : inelastic scatt. to 22. excited state
  28    MT =     73  Q = -3.28650E+00 MeV  Emin = 3.31612E+00 MeV  frac = 1.00000E+00  : inelastic scatt. to 23. excited state
  29    MT =     91  Q = -3.29200E+00 MeV  Emin = 3.32167E+00 MeV  frac = 1.00000E+00  : inelastic scattering to continuum
  30    MT =    102  Q =  7.74539E+00 MeV  Emin = 1.00000E-11 MeV  frac = 1.00000E+00  : (n,gamma)
  31    MT =    103  Q =  1.24467E-01 MeV  Emin = 5.00000E-01 MeV  frac = 1.00000E+00  : (n,p)
  32    MT =    104  Q = -5.23651E+00 MeV  Emin = 6.00000E+00 MeV  frac = 1.00000E+00  : (n,d)
  33    MT =    105  Q = -9.12345E+00 MeV  Emin = 1.08904E+01 MeV  frac = 1.00000E+00  : (n,t)
  34    MT =    106  Q = -5.16483E+00 MeV  Emin = 8.00000E+00 MeV  frac = 1.00000E+00  : (n,He-3)
  35    MT =    107  Q =  5.53620E+00 MeV  Emin = 9.99999E-02 MeV  frac = 1.00000E+00  : (n,alpha)
  36    MT =    111  Q = -5.91517E+00 MeV  Emin = 1.10000E+01 MeV  frac = 1.00000E+00  : (n,2p)

 1 additional transport branch:

   1    MT =    102  Q =  7.74539E+00 MeV  Emin = 1.00000E-11 MeV  frac = 1.00000E+00  : (n,gamma)

 6 special reactions:

   1    MT =    203  Q =  0.00000E+00 MeV  Emin = 5.00000E-01 MeV  : total proton production
   2    MT =    204  Q =  0.00000E+00 MeV  Emin = 6.00000E+00 MeV  : total deuteron production
   3    MT =    205  Q =  0.00000E+00 MeV  Emin = 1.08653E+01 MeV  : total triton production
   4    MT =    206  Q =  0.00000E+00 MeV  Emin = 8.00000E+00 MeV  : total He-3 production
   5    MT =    207  Q =  0.00000E+00 MeV  Emin = 9.99999E-02 MeV  : total alpha production
   6    MT =      4  Q =  0.00000E+00 MeV  Emin = 1.26833E+00 MeV  : total inelastic scattering

 Nuclide   97 / 130 : 50114.03c -- tin 114 (Sn-114)

 Pointers                     : 325331 53439
 Primary type                 : Transport
 Nuclide ZAI                  : 501140
 Library ID                   : 03c
 Cross section data file      : /home/leonardo.zortea/mcnp/xs/acedata/50114ENDF7.ace
 Atomic weight (AW)           : 113.90349
 Atomic weight ratio (AWR)    : 112.92500
 Temperature                  : 300.0 Kelvin
 XS temperature               : 300.0 Kelvin
 Minimum and maximum energy   : 1.00000E-11 2.00000E+01
 Half-life                    : stable
 Specific ingestion toxicity  : N/A
 Specific inhalation toxicity : N/A

 - Nuclide is not involved in burnup calculation
 - Nuclide has neutron transport data
 - Nuclide has no photon transport data
 - Nuclide has no S(a,b) data
 - Nuclide has no isomeric branching data
 - Nuclide is not fissile
 - Nuclide is not a delayed neutron precursor
 - Nuclide has no delayed neutron data
 - Nuclide uses ures ptable data between 2.00000E-03 and 9.99999E-02 MeV
 - Nuclide temperature is not adjusted with TMS
 - Nuclide has no dosimetry data
 - Nuclide has decay data
 - Nuclide has no supplementary transmutation cross section data
 - Nuclide has no NFY data
 - Nuclide has no SFY data

 - 38 reaction channels
 - 6 special reactions
 - No transmutation reactions
 - No transmutation branch reactions
 - No decay reactions
 - No decay branch reactions
 - No transmutation paths

 38 reactions channel:

   1    MT =      2  Q =  0.00000E+00 MeV  Emin = 1.00000E-11 MeV  frac = 1.00000E+00  : elastic scattering
   2    MT =     16  Q = -1.03041E+01 MeV  Emin = 1.03954E+01 MeV  frac = 1.00000E+00  : (n,2n)
   3    MT =     17  Q = -1.80542E+01 MeV  Emin = 1.82141E+01 MeV  frac = 1.00000E+00  : (n,3n)
   4    MT =     22  Q = -2.63290E+00 MeV  Emin = 2.65622E+00 MeV  frac = 1.00000E+00  : (n,nalpha)
   5    MT =     28  Q = -8.48163E+00 MeV  Emin = 9.00000E+00 MeV  frac = 1.00000E+00  : (n,np)
   6    MT =     51  Q = -1.29990E+00 MeV  Emin = 1.31141E+00 MeV  frac = 1.00000E+00  : inelastic scatt. to 1. excited state
   7    MT =     52  Q = -1.95320E+00 MeV  Emin = 1.97050E+00 MeV  frac = 1.00000E+00  : inelastic scatt. to 2. excited state
   8    MT =     53  Q = -2.15500E+00 MeV  Emin = 2.17408E+00 MeV  frac = 1.00000E+00  : inelastic scatt. to 3. excited state
   9    MT =     54  Q = -2.18750E+00 MeV  Emin = 2.20687E+00 MeV  frac = 1.00000E+00  : inelastic scatt. to 4. excited state
  10    MT =     55  Q = -2.23920E+00 MeV  Emin = 2.25903E+00 MeV  frac = 1.00000E+00  : inelastic scatt. to 5. excited state
  11    MT =     56  Q = -2.27470E+00 MeV  Emin = 2.29484E+00 MeV  frac = 1.00000E+00  : inelastic scatt. to 6. excited state
  12    MT =     57  Q = -2.42200E+00 MeV  Emin = 2.44345E+00 MeV  frac = 1.00000E+00  : inelastic scatt. to 7. excited state
  13    MT =     58  Q = -2.45430E+00 MeV  Emin = 2.47603E+00 MeV  frac = 1.00000E+00  : inelastic scatt. to 8. excited state
  14    MT =     59  Q = -2.51470E+00 MeV  Emin = 2.53697E+00 MeV  frac = 1.00000E+00  : inelastic scatt. to 9. excited state
  15    MT =     60  Q = -2.57600E+00 MeV  Emin = 2.59881E+00 MeV  frac = 1.00000E+00  : inelastic scatt. to 10. excited state
  16    MT =     61  Q = -2.61430E+00 MeV  Emin = 2.63745E+00 MeV  frac = 1.00000E+00  : inelastic scatt. to 11. excited state
  17    MT =     62  Q = -2.76560E+00 MeV  Emin = 2.79009E+00 MeV  frac = 1.00000E+00  : inelastic scatt. to 12. excited state
  18    MT =     63  Q = -2.81510E+00 MeV  Emin = 2.84003E+00 MeV  frac = 1.00000E+00  : inelastic scatt. to 13. excited state
  19    MT =     64  Q = -2.85990E+00 MeV  Emin = 2.88523E+00 MeV  frac = 1.00000E+00  : inelastic scatt. to 14. excited state
  20    MT =     65  Q = -2.90510E+00 MeV  Emin = 2.93083E+00 MeV  frac = 1.00000E+00  : inelastic scatt. to 15. excited state
  21    MT =     66  Q = -2.91400E+00 MeV  Emin = 2.93981E+00 MeV  frac = 1.00000E+00  : inelastic scatt. to 16. excited state
  22    MT =     67  Q = -2.94350E+00 MeV  Emin = 2.96957E+00 MeV  frac = 1.00000E+00  : inelastic scatt. to 17. excited state
  23    MT =     68  Q = -3.02700E+00 MeV  Emin = 3.05381E+00 MeV  frac = 1.00000E+00  : inelastic scatt. to 18. excited state
  24    MT =     69  Q = -3.08740E+00 MeV  Emin = 3.11474E+00 MeV  frac = 1.00000E+00  : inelastic scatt. to 19. excited state
  25    MT =     70  Q = -3.14800E+00 MeV  Emin = 3.17588E+00 MeV  frac = 1.00000E+00  : inelastic scatt. to 20. excited state
  26    MT =     71  Q = -3.18400E+00 MeV  Emin = 3.21220E+00 MeV  frac = 1.00000E+00  : inelastic scatt. to 21. excited state
  27    MT =     72  Q = -3.18840E+00 MeV  Emin = 3.21664E+00 MeV  frac = 1.00000E+00  : inelastic scatt. to 22. excited state
  28    MT =     73  Q = -3.19030E+00 MeV  Emin = 3.21855E+00 MeV  frac = 1.00000E+00  : inelastic scatt. to 23. excited state
  29    MT =     74  Q = -3.20400E+00 MeV  Emin = 3.23237E+00 MeV  frac = 1.00000E+00  : inelastic scatt. to 24. excited state
  30    MT =     75  Q = -3.20780E+00 MeV  Emin = 3.23621E+00 MeV  frac = 1.00000E+00  : inelastic scatt. to 25. excited state
  31    MT =     76  Q = -3.22590E+00 MeV  Emin = 3.25447E+00 MeV  frac = 1.00000E+00  : inelastic scatt. to 26. excited state
  32    MT =     91  Q = -3.24420E+00 MeV  Emin = 3.27293E+00 MeV  frac = 1.00000E+00  : inelastic scattering to continuum
  33    MT =    102  Q =  7.54659E+00 MeV  Emin = 1.00000E-11 MeV  frac = 1.00000E+00  : (n,gamma)
  34    MT =    103  Q = -1.20154E+00 MeV  Emin = 2.00000E+00 MeV  frac = 1.00000E+00  : (n,p)
  35    MT =    104  Q = -6.17151E+00 MeV  Emin = 7.00000E+00 MeV  frac = 1.00000E+00  : (n,d)
  36    MT =    105  Q = -9.43445E+00 MeV  Emin = 1.10000E+01 MeV  frac = 1.00000E+00  : (n,t)
  37    MT =    106  Q = -6.83793E+00 MeV  Emin = 1.03954E+01 MeV  frac = 1.00000E+00  : (n,He-3)
  38    MT =    107  Q =  4.34819E+00 MeV  Emin = 9.99999E-02 MeV  frac = 1.00000E+00  : (n,alpha)

 6 special reactions:

   1    MT =    203  Q =  0.00000E+00 MeV  Emin = 2.00000E+00 MeV  : total proton production
   2    MT =    204  Q =  0.00000E+00 MeV  Emin = 7.00000E+00 MeV  : total deuteron production
   3    MT =    205  Q =  0.00000E+00 MeV  Emin = 1.09680E+01 MeV  : total triton production
   4    MT =    206  Q =  0.00000E+00 MeV  Emin = 1.03954E+01 MeV  : total He-3 production
   5    MT =    207  Q =  0.00000E+00 MeV  Emin = 9.99999E-02 MeV  : total alpha production
   6    MT =      4  Q =  0.00000E+00 MeV  Emin = 1.31141E+00 MeV  : total inelastic scattering

 Nuclide   98 / 130 : 50115.03c -- tin 115 (Sn-115)

 Pointers                     : 328604 53715
 Primary type                 : Transport
 Nuclide ZAI                  : 501150
 Library ID                   : 03c
 Cross section data file      : /home/leonardo.zortea/mcnp/xs/acedata/50115ENDF7.ace
 Atomic weight (AW)           : 114.90308
 Atomic weight ratio (AWR)    : 113.91600
 Temperature                  : 300.0 Kelvin
 XS temperature               : 300.0 Kelvin
 Minimum and maximum energy   : 1.00000E-11 2.00000E+01
 Half-life                    : stable
 Specific ingestion toxicity  : N/A
 Specific inhalation toxicity : N/A

 - Nuclide is not involved in burnup calculation
 - Nuclide has neutron transport data
 - Nuclide has no photon transport data
 - Nuclide has no S(a,b) data
 - Nuclide has no isomeric branching data
 - Nuclide is not fissile
 - Nuclide is not a delayed neutron precursor
 - Nuclide has no delayed neutron data
 - Nuclide uses ures ptable data between 9.00000E-04 and 9.99999E-02 MeV
 - Nuclide temperature is not adjusted with TMS
 - Nuclide has no dosimetry data
 - Nuclide has decay data
 - Nuclide has no supplementary transmutation cross section data
 - Nuclide has no NFY data
 - Nuclide has no SFY data

 - 29 reaction channels
 - 6 special reactions
 - No transmutation reactions
 - No transmutation branch reactions
 - No decay reactions
 - No decay branch reactions
 - No transmutation paths

 29 reactions channel:

   1    MT =      2  Q =  0.00000E+00 MeV  Emin = 1.00000E-11 MeV  frac = 1.00000E+00  : elastic scattering
   2    MT =     16  Q = -7.55119E+00 MeV  Emin = 7.61749E+00 MeV  frac = 1.00000E+00  : (n,2n)
   3    MT =     17  Q = -1.78553E+01 MeV  Emin = 1.80121E+01 MeV  frac = 1.00000E+00  : (n,3n)
   4    MT =     22  Q = -3.20300E+00 MeV  Emin = 3.23112E+00 MeV  frac = 1.00000E+00  : (n,nalpha)
   5    MT =     28  Q = -8.75274E+00 MeV  Emin = 9.00000E+00 MeV  frac = 1.00000E+00  : (n,np)
   6    MT =     32  Q = -1.37227E+01 MeV  Emin = 1.50000E+01 MeV  frac = 1.00000E+00  : (n,nd)
   7    MT =     51  Q = -4.97299E-01 MeV  Emin = 5.01666E-01 MeV  frac = 1.00000E+00  : inelastic scatt. to 1. excited state
   8    MT =     52  Q = -6.12799E-01 MeV  Emin = 6.18179E-01 MeV  frac = 1.00000E+00  : inelastic scatt. to 2. excited state
   9    MT =     53  Q = -7.13399E-01 MeV  Emin = 7.19663E-01 MeV  frac = 1.00000E+00  : inelastic scatt. to 3. excited state
  10    MT =     54  Q = -9.86499E-01 MeV  Emin = 9.95160E-01 MeV  frac = 1.00000E+00  : inelastic scatt. to 4. excited state
  11    MT =     55  Q = -1.28010E+00 MeV  Emin = 1.29134E+00 MeV  frac = 1.00000E+00  : inelastic scatt. to 5. excited state
  12    MT =     56  Q = -1.41680E+00 MeV  Emin = 1.42924E+00 MeV  frac = 1.00000E+00  : inelastic scatt. to 6. excited state
  13    MT =     57  Q = -1.63380E+00 MeV  Emin = 1.64814E+00 MeV  frac = 1.00000E+00  : inelastic scatt. to 7. excited state
  14    MT =     58  Q = -1.73390E+00 MeV  Emin = 1.74912E+00 MeV  frac = 1.00000E+00  : inelastic scatt. to 8. excited state
  15    MT =     59  Q = -1.78560E+00 MeV  Emin = 1.80128E+00 MeV  frac = 1.00000E+00  : inelastic scatt. to 9. excited state
  16    MT =     60  Q = -1.82500E+00 MeV  Emin = 1.84102E+00 MeV  frac = 1.00000E+00  : inelastic scatt. to 10. excited state
  17    MT =     61  Q = -1.85750E+00 MeV  Emin = 1.87381E+00 MeV  frac = 1.00000E+00  : inelastic scatt. to 11. excited state
  18    MT =     62  Q = -1.94400E+00 MeV  Emin = 1.96107E+00 MeV  frac = 1.00000E+00  : inelastic scatt. to 12. excited state
  19    MT =     63  Q = -1.96400E+00 MeV  Emin = 1.98124E+00 MeV  frac = 1.00000E+00  : inelastic scatt. to 13. excited state
  20    MT =     64  Q = -1.97380E+00 MeV  Emin = 1.99113E+00 MeV  frac = 1.00000E+00  : inelastic scatt. to 14. excited state
  21    MT =     65  Q = -2.02460E+00 MeV  Emin = 2.04237E+00 MeV  frac = 1.00000E+00  : inelastic scatt. to 15. excited state
  22    MT =     66  Q = -2.06010E+00 MeV  Emin = 2.07818E+00 MeV  frac = 1.00000E+00  : inelastic scatt. to 16. excited state
  23    MT =     91  Q = -2.08420E+00 MeV  Emin = 2.10250E+00 MeV  frac = 1.00000E+00  : inelastic scattering to continuum
  24    MT =    102  Q =  9.56239E+00 MeV  Emin = 1.00000E-11 MeV  frac = 1.00000E+00  : (n,gamma)
  25    MT =    103  Q =  2.88364E-01 MeV  Emin = 5.00000E-01 MeV  frac = 1.00000E+00  : (n,p)
  26    MT =    104  Q = -6.44262E+00 MeV  Emin = 8.00000E+00 MeV  frac = 1.00000E+00  : (n,d)
  27    MT =    105  Q = -7.53756E+00 MeV  Emin = 9.00000E+00 MeV  frac = 1.00000E+00  : (n,t)
  28    MT =    106  Q = -7.84063E+00 MeV  Emin = 1.10000E+01 MeV  frac = 1.00000E+00  : (n,He-3)
  29    MT =    107  Q =  6.19700E+00 MeV  Emin = 9.99999E-02 MeV  frac = 1.00000E+00  : (n,alpha)

 6 special reactions:

   1    MT =    203  Q =  0.00000E+00 MeV  Emin = 5.00000E-01 MeV  : total proton production
   2    MT =    204  Q =  0.00000E+00 MeV  Emin = 8.00000E+00 MeV  : total deuteron production
   3    MT =    205  Q =  0.00000E+00 MeV  Emin = 8.97870E+00 MeV  : total triton production
   4    MT =    206  Q =  0.00000E+00 MeV  Emin = 1.10000E+01 MeV  : total He-3 production
   5    MT =    207  Q =  0.00000E+00 MeV  Emin = 9.99999E-02 MeV  : total alpha production
   6    MT =      4  Q =  0.00000E+00 MeV  Emin = 5.01666E-01 MeV  : total inelastic scattering

 Nuclide   99 / 130 : 50116.03c -- tin 116 (Sn-116)

 Pointers                     : 331229 53991
 Primary type                 : Transport
 Nuclide ZAI                  : 501160
 Library ID                   : 03c
 Cross section data file      : /home/leonardo.zortea/mcnp/xs/acedata/50116ENDF7.ace
 Atomic weight (AW)           : 115.90166
 Atomic weight ratio (AWR)    : 114.90600
 Temperature                  : 300.0 Kelvin
 XS temperature               : 300.0 Kelvin
 Minimum and maximum energy   : 1.00000E-11 2.00000E+01
 Half-life                    : stable
 Specific ingestion toxicity  : N/A
 Specific inhalation toxicity : N/A

 - Nuclide is not involved in burnup calculation
 - Nuclide has neutron transport data
 - Nuclide has no photon transport data
 - Nuclide has no S(a,b) data
 - Nuclide has isomeric branching data
 - Nuclide is not fissile
 - Nuclide is not a delayed neutron precursor
 - Nuclide has no delayed neutron data
 - Nuclide uses ures ptable data between 3.00000E-02 and 9.99999E-02 MeV
 - Nuclide temperature is not adjusted with TMS
 - Nuclide has no dosimetry data
 - Nuclide has decay data
 - Nuclide has no supplementary transmutation cross section data
 - Nuclide has no NFY data
 - Nuclide has no SFY data

 - 21 reaction channels
 - 5 special reactions
 - No transmutation reactions
 - 1 transmutation branch reactions
 - No decay reactions
 - No decay branch reactions
 - No transmutation paths

 21 reactions channel:

   1    MT =      2  Q =  0.00000E+00 MeV  Emin = 1.00000E-11 MeV  frac = 1.00000E+00  : elastic scattering
   2    MT =     16  Q = -9.56709E+00 MeV  Emin = 9.65036E+00 MeV  frac = 1.00000E+00  : (n,2n)
   3    MT =     17  Q = -1.71183E+01 MeV  Emin = 1.72673E+01 MeV  frac = 1.00000E+00  : (n,3n)
   4    MT =     22  Q = -3.37009E+00 MeV  Emin = 3.39942E+00 MeV  frac = 1.00000E+00  : (n,nalpha)
   5    MT =     28  Q = -9.27873E+00 MeV  Emin = 1.00308E+01 MeV  frac = 1.00000E+00  : (n,np)
   6    MT =     51  Q = -1.29350E+00 MeV  Emin = 1.30476E+00 MeV  frac = 1.00000E+00  : inelastic scatt. to 1. excited state
   7    MT =     52  Q = -1.75680E+00 MeV  Emin = 1.77209E+00 MeV  frac = 1.00000E+00  : inelastic scatt. to 2. excited state
   8    MT =     53  Q = -2.02730E+00 MeV  Emin = 2.04494E+00 MeV  frac = 1.00000E+00  : inelastic scatt. to 3. excited state
   9    MT =     54  Q = -2.11230E+00 MeV  Emin = 2.13068E+00 MeV  frac = 1.00000E+00  : inelastic scatt. to 4. excited state
  10    MT =     55  Q = -2.22530E+00 MeV  Emin = 2.24467E+00 MeV  frac = 1.00000E+00  : inelastic scatt. to 5. excited state
  11    MT =     56  Q = -2.26610E+00 MeV  Emin = 2.28582E+00 MeV  frac = 1.00000E+00  : inelastic scatt. to 6. excited state
  12    MT =     57  Q = -2.36590E+00 MeV  Emin = 2.38649E+00 MeV  frac = 1.00000E+00  : inelastic scatt. to 7. excited state
  13    MT =     58  Q = -2.39080E+00 MeV  Emin = 2.41161E+00 MeV  frac = 1.00000E+00  : inelastic scatt. to 8. excited state
  14    MT =     59  Q = -2.39220E+00 MeV  Emin = 2.41302E+00 MeV  frac = 1.00000E+00  : inelastic scatt. to 9. excited state
  15    MT =     60  Q = -2.52910E+00 MeV  Emin = 2.55111E+00 MeV  frac = 1.00000E+00  : inelastic scatt. to 10. excited state
  16    MT =     91  Q = -2.54600E+00 MeV  Emin = 2.56816E+00 MeV  frac = 1.00000E+00  : inelastic scattering to continuum
  17    MT =    102  Q =  6.94419E+00 MeV  Emin = 1.00000E-11 MeV  frac = 1.00000E+00  : (n,gamma)
  18    MT =    103  Q = -2.49064E+00 MeV  Emin = 3.39942E+00 MeV  frac = 1.00000E+00  : (n,p)
  19    MT =    104  Q = -6.96861E+00 MeV  Emin = 8.43511E+00 MeV  frac = 1.00000E+00  : (n,d)
  20    MT =    105  Q = -9.82456E+00 MeV  Emin = 1.10000E+01 MeV  frac = 1.00000E+00  : (n,t)
  21    MT =    107  Q =  3.17841E+00 MeV  Emin = 9.99999E-02 MeV  frac = 1.00000E+00  : (n,alpha)

 1 additional transport branch:

   1    MT =    102  Q =  6.94419E+00 MeV  Emin = 1.00000E-11 MeV  frac = 1.00000E+00  : (n,gamma)

 5 special reactions:

   1    MT =    203  Q =  0.00000E+00 MeV  Emin = 3.34949E+00 MeV  : total proton production
   2    MT =    204  Q =  0.00000E+00 MeV  Emin = 8.38000E+00 MeV  : total deuteron production
   3    MT =    205  Q =  0.00000E+00 MeV  Emin = 1.10000E+01 MeV  : total triton production
   4    MT =    207  Q =  0.00000E+00 MeV  Emin = 9.99999E-02 MeV  : total alpha production
   5    MT =      4  Q =  0.00000E+00 MeV  Emin = 1.30476E+00 MeV  : total inelastic scattering

 Nuclide  100 / 130 : 50117.03c -- tin 117 (Sn-117)

 Pointers                     : 333297 54267
 Primary type                 : Transport
 Nuclide ZAI                  : 501170
 Library ID                   : 03c
 Cross section data file      : /home/leonardo.zortea/mcnp/xs/acedata/50117ENDF7.ace
 Atomic weight (AW)           : 116.90326
 Atomic weight ratio (AWR)    : 115.89900
 Temperature                  : 300.0 Kelvin
 XS temperature               : 300.0 Kelvin
 Minimum and maximum energy   : 1.00000E-11 2.00000E+01
 Half-life                    : stable
 Specific ingestion toxicity  : N/A
 Specific inhalation toxicity : N/A

 - Nuclide is not involved in burnup calculation
 - Nuclide has neutron transport data
 - Nuclide has no photon transport data
 - Nuclide has no S(a,b) data
 - Nuclide has no isomeric branching data
 - Nuclide is not fissile
 - Nuclide is not a delayed neutron precursor
 - Nuclide has no delayed neutron data
 - Nuclide uses ures ptable data between 2.30000E-03 and 9.99999E-02 MeV
 - Nuclide temperature is not adjusted with TMS
 - Nuclide has no dosimetry data
 - Nuclide has decay data
 - Nuclide has no supplementary transmutation cross section data
 - Nuclide has no NFY data
 - Nuclide has no SFY data

 - 24 reaction channels
 - 5 special reactions
 - No transmutation reactions
 - No transmutation branch reactions
 - No decay reactions
 - No decay branch reactions
 - No transmutation paths

 24 reactions channel:

   1    MT =      2  Q =  0.00000E+00 MeV  Emin = 1.00000E-11 MeV  frac = 1.00000E+00  : elastic scattering
   2    MT =     16  Q = -6.94890E+00 MeV  Emin = 7.00886E+00 MeV  frac = 1.00000E+00  : (n,2n)
   3    MT =     17  Q = -1.65160E+01 MeV  Emin = 1.66585E+01 MeV  frac = 1.00000E+00  : (n,3n)
   4    MT =     22  Q = -3.77049E+00 MeV  Emin = 4.00000E+00 MeV  frac = 1.00000E+00  : (n,nalpha)
   5    MT =     28  Q = -9.43953E+00 MeV  Emin = 1.00000E+01 MeV  frac = 1.00000E+00  : (n,np)
   6    MT =     32  Q = -1.39175E+01 MeV  Emin = 1.50000E+01 MeV  frac = 1.00000E+00  : (n,nd)
   7    MT =     51  Q = -1.58600E-01 MeV  Emin = 1.59969E-01 MeV  frac = 1.00000E+00  : inelastic scatt. to 1. excited state
   8    MT =     52  Q = -3.14600E-01 MeV  Emin = 3.17314E-01 MeV  frac = 1.00000E+00  : inelastic scatt. to 2. excited state
   9    MT =     53  Q = -7.11599E-01 MeV  Emin = 7.17740E-01 MeV  frac = 1.00000E+00  : inelastic scatt. to 3. excited state
  10    MT =     54  Q = -1.00450E+00 MeV  Emin = 1.01317E+00 MeV  frac = 1.00000E+00  : inelastic scatt. to 4. excited state
  11    MT =     55  Q = -1.01990E+00 MeV  Emin = 1.02870E+00 MeV  frac = 1.00000E+00  : inelastic scatt. to 5. excited state
  12    MT =     56  Q = -1.17960E+00 MeV  Emin = 1.18978E+00 MeV  frac = 1.00000E+00  : inelastic scatt. to 6. excited state
  13    MT =     57  Q = -1.30430E+00 MeV  Emin = 1.31556E+00 MeV  frac = 1.00000E+00  : inelastic scatt. to 7. excited state
  14    MT =     58  Q = -1.44640E+00 MeV  Emin = 1.45888E+00 MeV  frac = 1.00000E+00  : inelastic scatt. to 8. excited state
  15    MT =     59  Q = -1.49720E+00 MeV  Emin = 1.51012E+00 MeV  frac = 1.00000E+00  : inelastic scatt. to 9. excited state
  16    MT =     60  Q = -1.57830E+00 MeV  Emin = 1.59192E+00 MeV  frac = 1.00000E+00  : inelastic scatt. to 10. excited state
  17    MT =     61  Q = -1.66800E+00 MeV  Emin = 1.68239E+00 MeV  frac = 1.00000E+00  : inelastic scatt. to 11. excited state
  18    MT =     62  Q = -1.77000E+00 MeV  Emin = 1.78527E+00 MeV  frac = 1.00000E+00  : inelastic scatt. to 12. excited state
  19    MT =     91  Q = -1.94800E+00 MeV  Emin = 1.96481E+00 MeV  frac = 1.00000E+00  : inelastic scattering to continuum
  20    MT =    102  Q =  9.32619E+00 MeV  Emin = 1.00000E-11 MeV  frac = 1.00000E+00  : (n,gamma)
  21    MT =    103  Q = -6.72430E-01 MeV  Emin = 1.00000E+00 MeV  frac = 1.00000E+00  : (n,p)
  22    MT =    104  Q = -7.12941E+00 MeV  Emin = 8.26316E+00 MeV  frac = 1.00000E+00  : (n,d)
  23    MT =    105  Q = -7.73235E+00 MeV  Emin = 9.52099E+00 MeV  frac = 1.00000E+00  : (n,t)
  24    MT =    107  Q =  5.27490E+00 MeV  Emin = 9.99999E-02 MeV  frac = 1.00000E+00  : (n,alpha)

 5 special reactions:

   1    MT =    203  Q =  0.00000E+00 MeV  Emin = 1.00000E+00 MeV  : total proton production
   2    MT =    204  Q =  0.00000E+00 MeV  Emin = 8.26316E+00 MeV  : total deuteron production
   3    MT =    205  Q =  0.00000E+00 MeV  Emin = 9.52099E+00 MeV  : total triton production
   4    MT =    207  Q =  0.00000E+00 MeV  Emin = 9.99999E-02 MeV  : total alpha production
   5    MT =      4  Q =  0.00000E+00 MeV  Emin = 1.59969E-01 MeV  : total inelastic scattering

 Nuclide  101 / 130 : 50118.03c -- tin 118 (Sn-118)

 Pointers                     : 335490 54543
 Primary type                 : Transport
 Nuclide ZAI                  : 501180
 Library ID                   : 03c
 Cross section data file      : /home/leonardo.zortea/mcnp/xs/acedata/50118ENDF7.ace
 Atomic weight (AW)           : 117.90184
 Atomic weight ratio (AWR)    : 116.88900
 Temperature                  : 300.0 Kelvin
 XS temperature               : 300.0 Kelvin
 Minimum and maximum energy   : 1.00000E-11 2.00000E+01
 Half-life                    : stable
 Specific ingestion toxicity  : N/A
 Specific inhalation toxicity : N/A

 - Nuclide is not involved in burnup calculation
 - Nuclide has neutron transport data
 - Nuclide has no photon transport data
 - Nuclide has no S(a,b) data
 - Nuclide has isomeric branching data
 - Nuclide is not fissile
 - Nuclide is not a delayed neutron precursor
 - Nuclide has no delayed neutron data
 - Nuclide uses ures ptable data between 2.00000E-03 and 9.99999E-02 MeV
 - Nuclide temperature is not adjusted with TMS
 - Nuclide has no dosimetry data
 - Nuclide has decay data
 - Nuclide has no supplementary transmutation cross section data
 - Nuclide has no NFY data
 - Nuclide has no SFY data

 - 18 reaction channels
 - 5 special reactions
 - No transmutation reactions
 - 1 transmutation branch reactions
 - No decay reactions
 - No decay branch reactions
 - No transmutation paths

 18 reactions channel:

   1    MT =      2  Q =  0.00000E+00 MeV  Emin = 1.00000E-11 MeV  frac = 1.00000E+00  : elastic scattering
   2    MT =     16  Q = -9.33080E+00 MeV  Emin = 9.41063E+00 MeV  frac = 1.00000E+00  : (n,2n)
   3    MT =     17  Q = -1.62797E+01 MeV  Emin = 1.64190E+01 MeV  frac = 1.00000E+00  : (n,3n)
   4    MT =     22  Q = -4.05589E+00 MeV  Emin = 4.09060E+00 MeV  frac = 1.00000E+00  : (n,nalpha)
   5    MT =     28  Q = -1.00032E+01 MeV  Emin = 1.10000E+01 MeV  frac = 1.00000E+00  : (n,np)
   6    MT =     51  Q = -1.22960E+00 MeV  Emin = 1.24012E+00 MeV  frac = 1.00000E+00  : inelastic scatt. to 1. excited state
   7    MT =     52  Q = -1.75780E+00 MeV  Emin = 1.77284E+00 MeV  frac = 1.00000E+00  : inelastic scatt. to 2. excited state
   8    MT =     53  Q = -2.04310E+00 MeV  Emin = 2.06058E+00 MeV  frac = 1.00000E+00  : inelastic scatt. to 3. excited state
   9    MT =     54  Q = -2.05650E+00 MeV  Emin = 2.07409E+00 MeV  frac = 1.00000E+00  : inelastic scatt. to 4. excited state
  10    MT =     55  Q = -2.28030E+00 MeV  Emin = 2.29981E+00 MeV  frac = 1.00000E+00  : inelastic scatt. to 5. excited state
  11    MT =     56  Q = -2.31000E+00 MeV  Emin = 2.32976E+00 MeV  frac = 1.00000E+00  : inelastic scatt. to 6. excited state
  12    MT =     57  Q = -2.32110E+00 MeV  Emin = 2.34096E+00 MeV  frac = 1.00000E+00  : inelastic scatt. to 7. excited state
  13    MT =     91  Q = -2.32650E+00 MeV  Emin = 2.34640E+00 MeV  frac = 1.00000E+00  : inelastic scattering to continuum
  14    MT =    102  Q =  6.48449E+00 MeV  Emin = 1.00000E-11 MeV  frac = 1.00000E+00  : (n,gamma)
  15    MT =    103  Q = -3.42113E+00 MeV  Emin = 4.09060E+00 MeV  frac = 1.00000E+00  : (n,p)
  16    MT =    104  Q = -7.69311E+00 MeV  Emin = 9.41063E+00 MeV  frac = 1.00000E+00  : (n,d)
  17    MT =    105  Q = -1.02751E+01 MeV  Emin = 1.20000E+01 MeV  frac = 1.00000E+00  : (n,t)
  18    MT =    107  Q =  2.09361E+00 MeV  Emin = 9.99999E-02 MeV  frac = 1.00000E+00  : (n,alpha)

 1 additional transport branch:

   1    MT =    102  Q =  6.48449E+00 MeV  Emin = 1.00000E-11 MeV  frac = 1.00000E+00  : (n,gamma)

 5 special reactions:

   1    MT =    203  Q =  0.00000E+00 MeV  Emin = 4.04530E+00 MeV  : total proton production
   2    MT =    204  Q =  0.00000E+00 MeV  Emin = 9.41063E+00 MeV  : total deuteron production
   3    MT =    205  Q =  0.00000E+00 MeV  Emin = 1.20000E+01 MeV  : total triton production
   4    MT =    207  Q =  0.00000E+00 MeV  Emin = 9.99999E-02 MeV  : total alpha production
   5    MT =      4  Q =  0.00000E+00 MeV  Emin = 1.24012E+00 MeV  : total inelastic scattering

 Nuclide  102 / 130 : 50119.03c -- tin 119 (Sn-119)

 Pointers                     : 337342 54819
 Primary type                 : Transport
 Nuclide ZAI                  : 501190
 Library ID                   : 03c
 Cross section data file      : /home/leonardo.zortea/mcnp/xs/acedata/50119ENDF7.ace
 Atomic weight (AW)           : 118.90345
 Atomic weight ratio (AWR)    : 117.88200
 Temperature                  : 300.0 Kelvin
 XS temperature               : 300.0 Kelvin
 Minimum and maximum energy   : 1.00000E-11 2.00000E+01
 Half-life                    : stable
 Specific ingestion toxicity  : N/A
 Specific inhalation toxicity : N/A

 - Nuclide is not involved in burnup calculation
 - Nuclide has neutron transport data
 - Nuclide has no photon transport data
 - Nuclide has no S(a,b) data
 - Nuclide has no isomeric branching data
 - Nuclide is not fissile
 - Nuclide is not a delayed neutron precursor
 - Nuclide has no delayed neutron data
 - Nuclide uses ures ptable data between 1.26000E-03 and 9.99999E-02 MeV
 - Nuclide temperature is not adjusted with TMS
 - Nuclide has no dosimetry data
 - Nuclide has decay data
 - Nuclide has no supplementary transmutation cross section data
 - Nuclide has no NFY data
 - Nuclide has no SFY data

 - 32 reaction channels
 - 5 special reactions
 - No transmutation reactions
 - No transmutation branch reactions
 - No decay reactions
 - No decay branch reactions
 - No transmutation paths

 32 reactions channel:

   1    MT =      2  Q =  0.00000E+00 MeV  Emin = 1.00000E-11 MeV  frac = 1.00000E+00  : elastic scattering
   2    MT =     16  Q = -6.48919E+00 MeV  Emin = 6.54425E+00 MeV  frac = 1.00000E+00  : (n,2n)
   3    MT =     17  Q = -1.58200E+01 MeV  Emin = 1.60000E+01 MeV  frac = 1.00000E+00  : (n,3n)
   4    MT =     22  Q = -4.39558E+00 MeV  Emin = 4.43288E+00 MeV  frac = 1.00000E+00  : (n,nalpha)
   5    MT =     28  Q = -9.91033E+00 MeV  Emin = 1.10000E+01 MeV  frac = 1.00000E+00  : (n,np)
   6    MT =     32  Q = -1.41823E+01 MeV  Emin = 1.59542E+01 MeV  frac = 1.00000E+00  : (n,nd)
   7    MT =     51  Q = -2.39000E-02 MeV  Emin = 2.41028E-02 MeV  frac = 1.00000E+00  : inelastic scatt. to 1. excited state
   8    MT =     52  Q = -8.94999E-02 MeV  Emin = 9.02592E-02 MeV  frac = 1.00000E+00  : inelastic scatt. to 2. excited state
   9    MT =     53  Q = -7.86999E-01 MeV  Emin = 7.93676E-01 MeV  frac = 1.00000E+00  : inelastic scatt. to 3. excited state
  10    MT =     54  Q = -9.20499E-01 MeV  Emin = 9.28309E-01 MeV  frac = 1.00000E+00  : inelastic scatt. to 4. excited state
  11    MT =     55  Q = -9.21399E-01 MeV  Emin = 9.29216E-01 MeV  frac = 1.00000E+00  : inelastic scatt. to 5. excited state
  12    MT =     56  Q = -1.06240E+00 MeV  Emin = 1.07141E+00 MeV  frac = 1.00000E+00  : inelastic scatt. to 6. excited state
  13    MT =     57  Q = -1.08940E+00 MeV  Emin = 1.09864E+00 MeV  frac = 1.00000E+00  : inelastic scatt. to 7. excited state
  14    MT =     58  Q = -1.18770E+00 MeV  Emin = 1.19778E+00 MeV  frac = 1.00000E+00  : inelastic scatt. to 8. excited state
  15    MT =     59  Q = -1.24970E+00 MeV  Emin = 1.26030E+00 MeV  frac = 1.00000E+00  : inelastic scatt. to 9. excited state
  16    MT =     60  Q = -1.35490E+00 MeV  Emin = 1.36640E+00 MeV  frac = 1.00000E+00  : inelastic scatt. to 10. excited state
  17    MT =     61  Q = -1.55440E+00 MeV  Emin = 1.56759E+00 MeV  frac = 1.00000E+00  : inelastic scatt. to 11. excited state
  18    MT =     62  Q = -1.57160E+00 MeV  Emin = 1.58493E+00 MeV  frac = 1.00000E+00  : inelastic scatt. to 12. excited state
  19    MT =     63  Q = -1.61730E+00 MeV  Emin = 1.63102E+00 MeV  frac = 1.00000E+00  : inelastic scatt. to 13. excited state
  20    MT =     64  Q = -1.63100E+00 MeV  Emin = 1.64484E+00 MeV  frac = 1.00000E+00  : inelastic scatt. to 14. excited state
  21    MT =     65  Q = -1.71840E+00 MeV  Emin = 1.73298E+00 MeV  frac = 1.00000E+00  : inelastic scatt. to 15. excited state
  22    MT =     66  Q = -1.77470E+00 MeV  Emin = 1.78976E+00 MeV  frac = 1.00000E+00  : inelastic scatt. to 16. excited state
  23    MT =     67  Q = -1.78970E+00 MeV  Emin = 1.80488E+00 MeV  frac = 1.00000E+00  : inelastic scatt. to 17. excited state
  24    MT =     68  Q = -1.90500E+00 MeV  Emin = 1.92116E+00 MeV  frac = 1.00000E+00  : inelastic scatt. to 18. excited state
  25    MT =     69  Q = -1.92960E+00 MeV  Emin = 1.94597E+00 MeV  frac = 1.00000E+00  : inelastic scatt. to 19. excited state
  26    MT =     70  Q = -1.93880E+00 MeV  Emin = 1.95525E+00 MeV  frac = 1.00000E+00  : inelastic scatt. to 20. excited state
  27    MT =     91  Q = -1.98300E+00 MeV  Emin = 1.99982E+00 MeV  frac = 1.00000E+00  : inelastic scattering to continuum
  28    MT =    102  Q =  9.10659E+00 MeV  Emin = 1.00000E-11 MeV  frac = 1.00000E+00  : (n,gamma)
  29    MT =    103  Q = -1.55424E+00 MeV  Emin = 2.00000E+00 MeV  frac = 1.00000E+00  : (n,p)
  30    MT =    104  Q = -7.60021E+00 MeV  Emin = 9.00000E+00 MeV  frac = 1.00000E+00  : (n,d)
  31    MT =    105  Q = -7.99715E+00 MeV  Emin = 1.00000E+01 MeV  frac = 1.00000E+00  : (n,t)
  32    MT =    107  Q =  4.30510E+00 MeV  Emin = 9.99999E-02 MeV  frac = 1.00000E+00  : (n,alpha)

 5 special reactions:

   1    MT =    203  Q =  0.00000E+00 MeV  Emin = 2.00000E+00 MeV  : total proton production
   2    MT =    204  Q =  0.00000E+00 MeV  Emin = 9.00000E+00 MeV  : total deuteron production
   3    MT =    205  Q =  0.00000E+00 MeV  Emin = 9.99441E+00 MeV  : total triton production
   4    MT =    207  Q =  0.00000E+00 MeV  Emin = 9.99999E-02 MeV  : total alpha production
   5    MT =      4  Q =  0.00000E+00 MeV  Emin = 2.41028E-02 MeV  : total inelastic scattering

 Nuclide  103 / 130 : 50120.03c -- tin 120 (Sn-120)

 Pointers                     : 340111 55095
 Primary type                 : Transport
 Nuclide ZAI                  : 501200
 Library ID                   : 03c
 Cross section data file      : /home/leonardo.zortea/mcnp/xs/acedata/50120ENDF7.ace
 Atomic weight (AW)           : 119.90202
 Atomic weight ratio (AWR)    : 118.87200
 Temperature                  : 300.0 Kelvin
 XS temperature               : 300.0 Kelvin
 Minimum and maximum energy   : 1.00000E-11 2.00000E+01
 Half-life                    : stable
 Specific ingestion toxicity  : N/A
 Specific inhalation toxicity : N/A

 - Nuclide is not involved in burnup calculation
 - Nuclide has neutron transport data
 - Nuclide has no photon transport data
 - Nuclide has no S(a,b) data
 - Nuclide has isomeric branching data
 - Nuclide is not fissile
 - Nuclide is not a delayed neutron precursor
 - Nuclide has no delayed neutron data
 - Nuclide uses ures ptable data between 5.00000E-02 and 9.99999E-02 MeV
 - Nuclide temperature is not adjusted with TMS
 - Nuclide has no dosimetry data
 - Nuclide has decay data
 - Nuclide has no supplementary transmutation cross section data
 - Nuclide has no NFY data
 - Nuclide has no SFY data

 - 27 reaction channels
 - 5 special reactions
 - No transmutation reactions
 - 1 transmutation branch reactions
 - No decay reactions
 - No decay branch reactions
 - No transmutation paths

 27 reactions channel:

   1    MT =      2  Q =  0.00000E+00 MeV  Emin = 1.00000E-11 MeV  frac = 1.00000E+00  : elastic scattering
   2    MT =     16  Q = -9.11120E+00 MeV  Emin = 9.18785E+00 MeV  frac = 1.00000E+00  : (n,2n)
   3    MT =     17  Q = -1.56004E+01 MeV  Emin = 1.57317E+01 MeV  frac = 1.00000E+00  : (n,3n)
   4    MT =     22  Q = -4.80608E+00 MeV  Emin = 5.00000E+00 MeV  frac = 1.00000E+00  : (n,nalpha)
   5    MT =     28  Q = -1.06654E+01 MeV  Emin = 1.20000E+01 MeV  frac = 1.00000E+00  : (n,np)
   6    MT =     51  Q = -1.17150E+00 MeV  Emin = 1.18136E+00 MeV  frac = 1.00000E+00  : inelastic scatt. to 1. excited state
   7    MT =     52  Q = -1.87500E+00 MeV  Emin = 1.89077E+00 MeV  frac = 1.00000E+00  : inelastic scatt. to 2. excited state
   8    MT =     53  Q = -2.09750E+00 MeV  Emin = 2.11515E+00 MeV  frac = 1.00000E+00  : inelastic scatt. to 3. excited state
   9    MT =     54  Q = -2.15980E+00 MeV  Emin = 2.17797E+00 MeV  frac = 1.00000E+00  : inelastic scatt. to 4. excited state
  10    MT =     55  Q = -2.19460E+00 MeV  Emin = 2.21306E+00 MeV  frac = 1.00000E+00  : inelastic scatt. to 5. excited state
  11    MT =     56  Q = -2.28460E+00 MeV  Emin = 2.30382E+00 MeV  frac = 1.00000E+00  : inelastic scatt. to 6. excited state
  12    MT =     57  Q = -2.29000E+00 MeV  Emin = 2.30926E+00 MeV  frac = 1.00000E+00  : inelastic scatt. to 7. excited state
  13    MT =     58  Q = -2.35560E+00 MeV  Emin = 2.37542E+00 MeV  frac = 1.00000E+00  : inelastic scatt. to 8. excited state
  14    MT =     59  Q = -2.39970E+00 MeV  Emin = 2.41989E+00 MeV  frac = 1.00000E+00  : inelastic scatt. to 9. excited state
  15    MT =     60  Q = -2.42110E+00 MeV  Emin = 2.44147E+00 MeV  frac = 1.00000E+00  : inelastic scatt. to 10. excited state
  16    MT =     61  Q = -2.46610E+00 MeV  Emin = 2.48685E+00 MeV  frac = 1.00000E+00  : inelastic scatt. to 11. excited state
  17    MT =     62  Q = -2.48200E+00 MeV  Emin = 2.50288E+00 MeV  frac = 1.00000E+00  : inelastic scatt. to 12. excited state
  18    MT =     63  Q = -2.58680E+00 MeV  Emin = 2.60856E+00 MeV  frac = 1.00000E+00  : inelastic scatt. to 13. excited state
  19    MT =     64  Q = -2.64270E+00 MeV  Emin = 2.66493E+00 MeV  frac = 1.00000E+00  : inelastic scatt. to 14. excited state
  20    MT =     65  Q = -2.69720E+00 MeV  Emin = 2.71989E+00 MeV  frac = 1.00000E+00  : inelastic scatt. to 15. excited state
  21    MT =     66  Q = -2.72130E+00 MeV  Emin = 2.74419E+00 MeV  frac = 1.00000E+00  : inelastic scatt. to 16. excited state
  22    MT =     91  Q = -2.76000E+00 MeV  Emin = 2.78322E+00 MeV  frac = 1.00000E+00  : inelastic scattering to continuum
  23    MT =    102  Q =  6.17139E+00 MeV  Emin = 1.00000E-11 MeV  frac = 1.00000E+00  : (n,gamma)
  24    MT =    103  Q = -4.61932E+00 MeV  Emin = 6.00000E+00 MeV  frac = 1.00000E+00  : (n,p)
  25    MT =    104  Q = -8.35531E+00 MeV  Emin = 1.00000E+01 MeV  frac = 1.00000E+00  : (n,d)
  26    MT =    105  Q = -1.05263E+01 MeV  Emin = 1.20000E+01 MeV  frac = 1.00000E+00  : (n,t)
  27    MT =    107  Q =  9.68414E-01 MeV  Emin = 9.99999E-02 MeV  frac = 1.00000E+00  : (n,alpha)

 1 additional transport branch:

   1    MT =    102  Q =  6.17139E+00 MeV  Emin = 1.00000E-11 MeV  frac = 1.00000E+00  : (n,gamma)

 5 special reactions:

   1    MT =    203  Q =  0.00000E+00 MeV  Emin = 6.00000E+00 MeV  : total proton production
   2    MT =    204  Q =  0.00000E+00 MeV  Emin = 1.00000E+01 MeV  : total deuteron production
   3    MT =    205  Q =  0.00000E+00 MeV  Emin = 1.20000E+01 MeV  : total triton production
   4    MT =    207  Q =  0.00000E+00 MeV  Emin = 9.99999E-02 MeV  : total alpha production
   5    MT =      4  Q =  0.00000E+00 MeV  Emin = 1.18136E+00 MeV  : total inelastic scattering

 Nuclide  104 / 130 : 50122.03c -- tin 122 (Sn-122)

 Pointers                     : 342611 55371
 Primary type                 : Transport
 Nuclide ZAI                  : 501220
 Library ID                   : 03c
 Cross section data file      : /home/leonardo.zortea/mcnp/xs/acedata/50122ENDF7.ace
 Atomic weight (AW)           : 121.90322
 Atomic weight ratio (AWR)    : 120.85600
 Temperature                  : 300.0 Kelvin
 XS temperature               : 300.0 Kelvin
 Minimum and maximum energy   : 1.00000E-11 2.00000E+01
 Half-life                    : stable
 Specific ingestion toxicity  : N/A
 Specific inhalation toxicity : N/A

 - Nuclide is not involved in burnup calculation
 - Nuclide has neutron transport data
 - Nuclide has no photon transport data
 - Nuclide has no S(a,b) data
 - Nuclide has isomeric branching data
 - Nuclide is not fissile
 - Nuclide is not a delayed neutron precursor
 - Nuclide has no delayed neutron data
 - Nuclide has no ures ptable data
 - Nuclide temperature is not adjusted with TMS
 - Nuclide has no dosimetry data
 - Nuclide has decay data
 - Nuclide has no supplementary transmutation cross section data
 - Nuclide has no NFY data
 - Nuclide has no SFY data

 - 20 reaction channels
 - 5 special reactions
 - No transmutation reactions
 - 1 transmutation branch reactions
 - No decay reactions
 - No decay branch reactions
 - No transmutation paths

 20 reactions channel:

   1    MT =      2  Q =  0.00000E+00 MeV  Emin = 1.00000E-11 MeV  frac = 1.00000E+00  : elastic scattering
   2    MT =     16  Q = -8.82030E+00 MeV  Emin = 9.00000E+00 MeV  frac = 1.00000E+00  : (n,2n)
   3    MT =     17  Q = -1.49964E+01 MeV  Emin = 1.51205E+01 MeV  frac = 1.00000E+00  : (n,3n)
   4    MT =     22  Q = -5.66088E+00 MeV  Emin = 6.00000E+00 MeV  frac = 1.00000E+00  : (n,nalpha)
   5    MT =     28  Q = -1.13976E+01 MeV  Emin = 1.20000E+01 MeV  frac = 1.00000E+00  : (n,np)
   6    MT =     51  Q = -1.14020E+00 MeV  Emin = 1.14963E+00 MeV  frac = 1.00000E+00  : inelastic scatt. to 1. excited state
   7    MT =     52  Q = -2.09000E+00 MeV  Emin = 2.10729E+00 MeV  frac = 1.00000E+00  : inelastic scatt. to 2. excited state
   8    MT =     53  Q = -2.14500E+00 MeV  Emin = 2.16275E+00 MeV  frac = 1.00000E+00  : inelastic scatt. to 3. excited state
   9    MT =     54  Q = -2.15300E+00 MeV  Emin = 2.17082E+00 MeV  frac = 1.00000E+00  : inelastic scatt. to 4. excited state
  10    MT =     55  Q = -2.24900E+00 MeV  Emin = 2.26761E+00 MeV  frac = 1.00000E+00  : inelastic scatt. to 5. excited state
  11    MT =     56  Q = -2.33600E+00 MeV  Emin = 2.35533E+00 MeV  frac = 1.00000E+00  : inelastic scatt. to 6. excited state
  12    MT =     57  Q = -2.40000E+00 MeV  Emin = 2.41986E+00 MeV  frac = 1.00000E+00  : inelastic scatt. to 7. excited state
  13    MT =     58  Q = -2.41500E+00 MeV  Emin = 2.43498E+00 MeV  frac = 1.00000E+00  : inelastic scatt. to 8. excited state
  14    MT =     59  Q = -2.49200E+00 MeV  Emin = 2.51262E+00 MeV  frac = 1.00000E+00  : inelastic scatt. to 9. excited state
  15    MT =     91  Q = -2.55600E+00 MeV  Emin = 2.57715E+00 MeV  frac = 1.00000E+00  : inelastic scattering to continuum
  16    MT =    102  Q =  5.94639E+00 MeV  Emin = 1.00000E-11 MeV  frac = 1.00000E+00  : (n,gamma)
  17    MT =    103  Q = -5.56352E+00 MeV  Emin = 7.00000E+00 MeV  frac = 1.00000E+00  : (n,p)
  18    MT =    104  Q = -9.08751E+00 MeV  Emin = 1.12125E+01 MeV  frac = 1.00000E+00  : (n,d)
  19    MT =    105  Q = -1.11205E+01 MeV  Emin = 1.30000E+01 MeV  frac = 1.00000E+00  : (n,t)
  20    MT =    107  Q = -6.17863E-02 MeV  Emin = 1.00000E+00 MeV  frac = 1.00000E+00  : (n,alpha)

 1 additional transport branch:

   1    MT =    102  Q =  5.94639E+00 MeV  Emin = 1.00000E-11 MeV  frac = 1.00000E+00  : (n,gamma)

 5 special reactions:

   1    MT =    203  Q =  0.00000E+00 MeV  Emin = 7.00000E+00 MeV  : total proton production
   2    MT =    204  Q =  0.00000E+00 MeV  Emin = 1.11594E+01 MeV  : total deuteron production
   3    MT =    205  Q =  0.00000E+00 MeV  Emin = 1.30000E+01 MeV  : total triton production
   4    MT =    207  Q =  0.00000E+00 MeV  Emin = 1.00000E+00 MeV  : total alpha production
   5    MT =      4  Q =  0.00000E+00 MeV  Emin = 1.14963E+00 MeV  : total inelastic scattering

 Nuclide  105 / 130 : 50124.03c -- tin 124 (Sn-124)

 Pointers                     : 344607 55923
 Primary type                 : Transport
 Nuclide ZAI                  : 501240
 Library ID                   : 03c
 Cross section data file      : /home/leonardo.zortea/mcnp/xs/acedata/50124ENDF7.ace
 Atomic weight (AW)           : 123.90542
 Atomic weight ratio (AWR)    : 122.84100
 Temperature                  : 300.0 Kelvin
 XS temperature               : 300.0 Kelvin
 Minimum and maximum energy   : 1.00000E-11 2.00000E+01
 Half-life                    : stable
 Specific ingestion toxicity  : 5.70E-04 Sv/Bq
 Specific inhalation toxicity : 2.10E-03 Sv/Bq

 - Nuclide is not involved in burnup calculation
 - Nuclide has neutron transport data
 - Nuclide has no photon transport data
 - Nuclide has no S(a,b) data
 - Nuclide has isomeric branching data
 - Nuclide is not fissile
 - Nuclide is not a delayed neutron precursor
 - Nuclide has no delayed neutron data
 - Nuclide has no ures ptable data
 - Nuclide temperature is not adjusted with TMS
 - Nuclide has no dosimetry data
 - Nuclide has decay data
 - Nuclide has no supplementary transmutation cross section data
 - Nuclide has no NFY data
 - Nuclide has no SFY data

 - 31 reaction channels
 - 5 special reactions
 - No transmutation reactions
 - 1 transmutation branch reactions
 - No decay reactions
 - No decay branch reactions
 - No transmutation paths

 31 reactions channel:

   1    MT =      2  Q =  0.00000E+00 MeV  Emin = 1.00000E-11 MeV  frac = 1.00000E+00  : elastic scattering
   2    MT =     16  Q = -8.49509E+00 MeV  Emin = 8.56426E+00 MeV  frac = 1.00000E+00  : (n,2n)
   3    MT =     17  Q = -1.44462E+01 MeV  Emin = 1.45638E+01 MeV  frac = 1.00000E+00  : (n,3n)
   4    MT =     22  Q = -6.68088E+00 MeV  Emin = 8.00000E+00 MeV  frac = 1.00000E+00  : (n,nalpha)
   5    MT =     28  Q = -1.20936E+01 MeV  Emin = 1.30000E+01 MeV  frac = 1.00000E+00  : (n,np)
   6    MT =     51  Q = -1.13160E+00 MeV  Emin = 1.14081E+00 MeV  frac = 1.00000E+00  : inelastic scatt. to 1. excited state
   7    MT =     52  Q = -2.10160E+00 MeV  Emin = 2.11871E+00 MeV  frac = 1.00000E+00  : inelastic scatt. to 2. excited state
   8    MT =     53  Q = -2.12930E+00 MeV  Emin = 2.14663E+00 MeV  frac = 1.00000E+00  : inelastic scatt. to 3. excited state
   9    MT =     54  Q = -2.12940E+00 MeV  Emin = 2.14674E+00 MeV  frac = 1.00000E+00  : inelastic scatt. to 4. excited state
  10    MT =     55  Q = -2.19200E+00 MeV  Emin = 2.20985E+00 MeV  frac = 1.00000E+00  : inelastic scatt. to 5. excited state
  11    MT =     56  Q = -2.20450E+00 MeV  Emin = 2.22245E+00 MeV  frac = 1.00000E+00  : inelastic scatt. to 6. excited state
  12    MT =     57  Q = -2.22150E+00 MeV  Emin = 2.23958E+00 MeV  frac = 1.00000E+00  : inelastic scatt. to 7. excited state
  13    MT =     58  Q = -2.32490E+00 MeV  Emin = 2.34383E+00 MeV  frac = 1.00000E+00  : inelastic scatt. to 8. excited state
  14    MT =     59  Q = -2.36640E+00 MeV  Emin = 2.38566E+00 MeV  frac = 1.00000E+00  : inelastic scatt. to 9. excited state
  15    MT =     60  Q = -2.42640E+00 MeV  Emin = 2.44615E+00 MeV  frac = 1.00000E+00  : inelastic scatt. to 10. excited state
  16    MT =     61  Q = -2.44690E+00 MeV  Emin = 2.46682E+00 MeV  frac = 1.00000E+00  : inelastic scatt. to 11. excited state
  17    MT =     62  Q = -2.56800E+00 MeV  Emin = 2.58891E+00 MeV  frac = 1.00000E+00  : inelastic scatt. to 12. excited state
  18    MT =     63  Q = -2.60240E+00 MeV  Emin = 2.62359E+00 MeV  frac = 1.00000E+00  : inelastic scatt. to 13. excited state
  19    MT =     64  Q = -2.61420E+00 MeV  Emin = 2.63548E+00 MeV  frac = 1.00000E+00  : inelastic scatt. to 14. excited state
  20    MT =     65  Q = -2.68660E+00 MeV  Emin = 2.70847E+00 MeV  frac = 1.00000E+00  : inelastic scatt. to 15. excited state
  21    MT =     66  Q = -2.68870E+00 MeV  Emin = 2.71059E+00 MeV  frac = 1.00000E+00  : inelastic scatt. to 16. excited state
  22    MT =     67  Q = -2.70290E+00 MeV  Emin = 2.72490E+00 MeV  frac = 1.00000E+00  : inelastic scatt. to 17. excited state
  23    MT =     68  Q = -2.83630E+00 MeV  Emin = 2.85939E+00 MeV  frac = 1.00000E+00  : inelastic scatt. to 18. excited state
  24    MT =     69  Q = -2.87510E+00 MeV  Emin = 2.89851E+00 MeV  frac = 1.00000E+00  : inelastic scatt. to 19. excited state
  25    MT =     70  Q = -2.87830E+00 MeV  Emin = 2.90173E+00 MeV  frac = 1.00000E+00  : inelastic scatt. to 20. excited state
  26    MT =     91  Q = -2.90000E+00 MeV  Emin = 2.92361E+00 MeV  frac = 1.00000E+00  : inelastic scattering to continuum
  27    MT =    102  Q =  5.73339E+00 MeV  Emin = 1.00000E-11 MeV  frac = 1.00000E+00  : (n,gamma)
  28    MT =    103  Q = -6.35752E+00 MeV  Emin = 8.00000E+00 MeV  frac = 1.00000E+00  : (n,p)
  29    MT =    104  Q = -9.78351E+00 MeV  Emin = 1.21921E+01 MeV  frac = 1.00000E+00  : (n,d)
  30    MT =    105  Q = -1.15145E+01 MeV  Emin = 1.30000E+01 MeV  frac = 1.00000E+00  : (n,t)
  31    MT =    107  Q = -1.25822E+00 MeV  Emin = 3.00000E+00 MeV  frac = 1.00000E+00  : (n,alpha)

 1 additional transport branch:

   1    MT =    102  Q =  5.73339E+00 MeV  Emin = 1.00000E-11 MeV  frac = 1.00000E+00  : (n,gamma)

 5 special reactions:

   1    MT =    203  Q =  0.00000E+00 MeV  Emin = 8.00000E+00 MeV  : total proton production
   2    MT =    204  Q =  0.00000E+00 MeV  Emin = 1.21921E+01 MeV  : total deuteron production
   3    MT =    205  Q =  0.00000E+00 MeV  Emin = 1.29483E+01 MeV  : total triton production
   4    MT =    207  Q =  0.00000E+00 MeV  Emin = 3.00000E+00 MeV  : total alpha production
   5    MT =      4  Q =  0.00000E+00 MeV  Emin = 1.14081E+00 MeV  : total inelastic scattering

 Nuclide  106 / 130 : 56130.03c -- barium 130 (Ba-130)

 Pointers                     : 439851 67515
 Primary type                 : Transport
 Nuclide ZAI                  : 561300
 Library ID                   : 03c
 Cross section data file      : /home/leonardo.zortea/mcnp/xs/acedata/56130ENDF7.ace
 Atomic weight (AW)           : 129.90595
 Atomic weight ratio (AWR)    : 128.79000
 Temperature                  : 300.0 Kelvin
 XS temperature               : 300.0 Kelvin
 Minimum and maximum energy   : 1.00000E-11 2.00000E+01
 Half-life                    : stable
 Specific ingestion toxicity  : N/A
 Specific inhalation toxicity : N/A

 - Nuclide is not involved in burnup calculation
 - Nuclide has neutron transport data
 - Nuclide has no photon transport data
 - Nuclide has no S(a,b) data
 - Nuclide has isomeric branching data
 - Nuclide is not fissile
 - Nuclide is not a delayed neutron precursor
 - Nuclide has no delayed neutron data
 - Nuclide uses ures ptable data between 2.80000E-03 and 9.99999E-02 MeV
 - Nuclide temperature is not adjusted with TMS
 - Nuclide has no dosimetry data
 - Nuclide has decay data
 - Nuclide has no supplementary transmutation cross section data
 - Nuclide has no NFY data
 - Nuclide has no SFY data

 - 21 reaction channels
 - 6 special reactions
 - No transmutation reactions
 - 1 transmutation branch reactions
 - No decay reactions
 - No decay branch reactions
 - No transmutation paths

 21 reactions channel:

   1    MT =      2  Q =  0.00000E+00 MeV  Emin = 1.00000E-11 MeV  frac = 1.00000E+00  : elastic scattering
   2    MT =     16  Q = -1.02631E+01 MeV  Emin = 1.03428E+01 MeV  frac = 1.00000E+00  : (n,2n)
   3    MT =     17  Q = -1.79732E+01 MeV  Emin = 1.81128E+01 MeV  frac = 1.00000E+00  : (n,3n)
   4    MT =     22  Q = -5.62895E-01 MeV  Emin = 5.67267E-01 MeV  frac = 1.00000E+00  : (n,nalpha)
   5    MT =     28  Q = -7.03363E+00 MeV  Emin = 7.08826E+00 MeV  frac = 1.00000E+00  : (n,np)
   6    MT =     32  Q = -1.44276E+01 MeV  Emin = 1.60000E+01 MeV  frac = 1.00000E+00  : (n,nd)
   7    MT =     51  Q = -3.57300E-01 MeV  Emin = 3.60074E-01 MeV  frac = 1.00000E+00  : inelastic scatt. to 1. excited state
   8    MT =     52  Q = -9.01699E-01 MeV  Emin = 9.08701E-01 MeV  frac = 1.00000E+00  : inelastic scatt. to 2. excited state
   9    MT =     53  Q = -9.07899E-01 MeV  Emin = 9.14949E-01 MeV  frac = 1.00000E+00  : inelastic scatt. to 3. excited state
  10    MT =     54  Q = -1.36090E+00 MeV  Emin = 1.37147E+00 MeV  frac = 1.00000E+00  : inelastic scatt. to 4. excited state
  11    MT =     55  Q = -1.47740E+00 MeV  Emin = 1.48887E+00 MeV  frac = 1.00000E+00  : inelastic scatt. to 5. excited state
  12    MT =     56  Q = -1.55730E+00 MeV  Emin = 1.56939E+00 MeV  frac = 1.00000E+00  : inelastic scatt. to 6. excited state
  13    MT =     57  Q = -1.59280E+00 MeV  Emin = 1.60517E+00 MeV  frac = 1.00000E+00  : inelastic scatt. to 7. excited state
  14    MT =     91  Q = -1.84450E+00 MeV  Emin = 1.85882E+00 MeV  frac = 1.00000E+00  : inelastic scattering to continuum
  15    MT =    102  Q =  7.49439E+00 MeV  Emin = 1.00000E-11 MeV  frac = 1.00000E+00  : (n,gamma)
  16    MT =    103  Q =  3.42466E-01 MeV  Emin = 9.99999E-02 MeV  frac = 1.00000E+00  : (n,p)
  17    MT =    104  Q = -4.72351E+00 MeV  Emin = 6.00000E+00 MeV  frac = 1.00000E+00  : (n,d)
  18    MT =    105  Q = -8.24245E+00 MeV  Emin = 1.00000E+01 MeV  frac = 1.00000E+00  : (n,t)
  19    MT =    106  Q = -4.29763E+00 MeV  Emin = 7.08826E+00 MeV  frac = 1.00000E+00  : (n,He-3)
  20    MT =    107  Q =  6.66720E+00 MeV  Emin = 9.99999E-02 MeV  frac = 1.00000E+00  : (n,alpha)
  21    MT =    111  Q = -5.11667E+00 MeV  Emin = 1.10000E+01 MeV  frac = 1.00000E+00  : (n,2p)

 1 additional transport branch:

   1    MT =    102  Q =  7.49439E+00 MeV  Emin = 1.00000E-11 MeV  frac = 1.00000E+00  : (n,gamma)

 6 special reactions:

   1    MT =    203  Q =  0.00000E+00 MeV  Emin = 9.99999E-02 MeV  : total proton production
   2    MT =    204  Q =  0.00000E+00 MeV  Emin = 6.00000E+00 MeV  : total deuteron production
   3    MT =    205  Q =  0.00000E+00 MeV  Emin = 9.96875E+00 MeV  : total triton production
   4    MT =    206  Q =  0.00000E+00 MeV  Emin = 7.08826E+00 MeV  : total He-3 production
   5    MT =    207  Q =  0.00000E+00 MeV  Emin = 9.99999E-02 MeV  : total alpha production
   6    MT =      4  Q =  0.00000E+00 MeV  Emin = 3.60074E-01 MeV  : total inelastic scattering

 Nuclide  107 / 130 : 56132.03c -- barium 132 (Ba-132)

 Pointers                     : 441991 67791
 Primary type                 : Transport
 Nuclide ZAI                  : 561320
 Library ID                   : 03c
 Cross section data file      : /home/leonardo.zortea/mcnp/xs/acedata/56132ENDF7.ace
 Atomic weight (AW)           : 131.90514
 Atomic weight ratio (AWR)    : 130.77200
 Temperature                  : 300.0 Kelvin
 XS temperature               : 300.0 Kelvin
 Minimum and maximum energy   : 1.00000E-11 2.00000E+01
 Half-life                    : stable
 Specific ingestion toxicity  : N/A
 Specific inhalation toxicity : N/A

 - Nuclide is not involved in burnup calculation
 - Nuclide has neutron transport data
 - Nuclide has no photon transport data
 - Nuclide has no S(a,b) data
 - Nuclide has isomeric branching data
 - Nuclide is not fissile
 - Nuclide is not a delayed neutron precursor
 - Nuclide has no delayed neutron data
 - Nuclide uses ures ptable data between 1.30000E-04 and 9.99999E-02 MeV
 - Nuclide temperature is not adjusted with TMS
 - Nuclide has no dosimetry data
 - Nuclide has decay data
 - Nuclide has no supplementary transmutation cross section data
 - Nuclide has no NFY data
 - Nuclide has no SFY data

 - 22 reaction channels
 - 6 special reactions
 - No transmutation reactions
 - 1 transmutation branch reactions
 - No decay reactions
 - No decay branch reactions
 - No transmutation paths

 22 reactions channel:

   1    MT =      2  Q =  0.00000E+00 MeV  Emin = 1.00000E-11 MeV  frac = 1.00000E+00  : elastic scattering
   2    MT =     16  Q = -9.80310E+00 MeV  Emin = 1.00000E+01 MeV  frac = 1.00000E+00  : (n,2n)
   3    MT =     17  Q = -1.73022E+01 MeV  Emin = 1.74345E+01 MeV  frac = 1.00000E+00  : (n,3n)
   4    MT =     22  Q = -1.01370E+00 MeV  Emin = 1.02146E+00 MeV  frac = 1.00000E+00  : (n,nalpha)
   5    MT =     28  Q = -7.68064E+00 MeV  Emin = 8.52919E+00 MeV  frac = 1.00000E+00  : (n,np)
   6    MT =     51  Q = -4.64599E-01 MeV  Emin = 4.68153E-01 MeV  frac = 1.00000E+00  : inelastic scatt. to 1. excited state
   7    MT =     52  Q = -1.03170E+00 MeV  Emin = 1.03959E+00 MeV  frac = 1.00000E+00  : inelastic scatt. to 2. excited state
   8    MT =     53  Q = -1.12760E+00 MeV  Emin = 1.13622E+00 MeV  frac = 1.00000E+00  : inelastic scatt. to 3. excited state
   9    MT =     54  Q = -1.50300E+00 MeV  Emin = 1.51449E+00 MeV  frac = 1.00000E+00  : inelastic scatt. to 4. excited state
  10    MT =     55  Q = -1.51120E+00 MeV  Emin = 1.52276E+00 MeV  frac = 1.00000E+00  : inelastic scatt. to 5. excited state
  11    MT =     56  Q = -1.68580E+00 MeV  Emin = 1.69869E+00 MeV  frac = 1.00000E+00  : inelastic scatt. to 6. excited state
  12    MT =     57  Q = -1.72940E+00 MeV  Emin = 1.74263E+00 MeV  frac = 1.00000E+00  : inelastic scatt. to 7. excited state
  13    MT =     58  Q = -1.93280E+00 MeV  Emin = 1.94758E+00 MeV  frac = 1.00000E+00  : inelastic scatt. to 8. excited state
  14    MT =     59  Q = -1.99820E+00 MeV  Emin = 2.01348E+00 MeV  frac = 1.00000E+00  : inelastic scatt. to 9. excited state
  15    MT =     60  Q = -2.02700E+00 MeV  Emin = 2.04250E+00 MeV  frac = 1.00000E+00  : inelastic scatt. to 10. excited state
  16    MT =     91  Q = -2.04630E+00 MeV  Emin = 2.06195E+00 MeV  frac = 1.00000E+00  : inelastic scattering to continuum
  17    MT =    102  Q =  7.18739E+00 MeV  Emin = 1.00000E-11 MeV  frac = 1.00000E+00  : (n,gamma)
  18    MT =    103  Q = -4.95538E-01 MeV  Emin = 1.02146E+00 MeV  frac = 1.00000E+00  : (n,p)
  19    MT =    104  Q = -5.37052E+00 MeV  Emin = 7.00000E+00 MeV  frac = 1.00000E+00  : (n,d)
  20    MT =    105  Q = -8.46446E+00 MeV  Emin = 1.00000E+01 MeV  frac = 1.00000E+00  : (n,t)
  21    MT =    106  Q = -5.42773E+00 MeV  Emin = 8.52919E+00 MeV  frac = 1.00000E+00  : (n,He-3)
  22    MT =    107  Q =  5.89870E+00 MeV  Emin = 9.99999E-02 MeV  frac = 1.00000E+00  : (n,alpha)

 1 additional transport branch:

   1    MT =    102  Q =  7.18739E+00 MeV  Emin = 1.00000E-11 MeV  frac = 1.00000E+00  : (n,gamma)

 6 special reactions:

   1    MT =    203  Q =  0.00000E+00 MeV  Emin = 1.02146E+00 MeV  : total proton production
   2    MT =    204  Q =  0.00000E+00 MeV  Emin = 7.00000E+00 MeV  : total deuteron production
   3    MT =    205  Q =  0.00000E+00 MeV  Emin = 1.00000E+01 MeV  : total triton production
   4    MT =    206  Q =  0.00000E+00 MeV  Emin = 8.52919E+00 MeV  : total He-3 production
   5    MT =    207  Q =  0.00000E+00 MeV  Emin = 9.99999E-02 MeV  : total alpha production
   6    MT =      4  Q =  0.00000E+00 MeV  Emin = 4.68153E-01 MeV  : total inelastic scattering

 Nuclide  108 / 130 : 56134.03c -- barium 134 (Ba-134)

 Pointers                     : 444203 68343
 Primary type                 : Transport
 Nuclide ZAI                  : 561340
 Library ID                   : 03c
 Cross section data file      : /home/leonardo.zortea/mcnp/xs/acedata/56134ENDF7.ace
 Atomic weight (AW)           : 133.90431
 Atomic weight ratio (AWR)    : 132.75400
 Temperature                  : 300.0 Kelvin
 XS temperature               : 300.0 Kelvin
 Minimum and maximum energy   : 1.00000E-11 2.00000E+01
 Half-life                    : stable
 Specific ingestion toxicity  : N/A
 Specific inhalation toxicity : N/A

 - Nuclide is not involved in burnup calculation
 - Nuclide has neutron transport data
 - Nuclide has no photon transport data
 - Nuclide has no S(a,b) data
 - Nuclide has isomeric branching data
 - Nuclide is not fissile
 - Nuclide is not a delayed neutron precursor
 - Nuclide has no delayed neutron data
 - Nuclide uses ures ptable data between 1.10000E-02 and 9.99999E-02 MeV
 - Nuclide temperature is not adjusted with TMS
 - Nuclide has no dosimetry data
 - Nuclide has decay data
 - Nuclide has no supplementary transmutation cross section data
 - Nuclide has no NFY data
 - Nuclide has no SFY data

 - 24 reaction channels
 - 5 special reactions
 - No transmutation reactions
 - 1 transmutation branch reactions
 - No decay reactions
 - No decay branch reactions
 - No transmutation paths

 24 reactions channel:

   1    MT =      2  Q =  0.00000E+00 MeV  Emin = 1.00000E-11 MeV  frac = 1.00000E+00  : elastic scattering
   2    MT =     16  Q = -9.47510E+00 MeV  Emin = 9.54648E+00 MeV  frac = 1.00000E+00  : (n,2n)
   3    MT =     17  Q = -1.66672E+01 MeV  Emin = 1.67928E+01 MeV  frac = 1.00000E+00  : (n,3n)
   4    MT =     22  Q = -1.50880E+00 MeV  Emin = 1.52017E+00 MeV  frac = 1.00000E+00  : (n,nalpha)
   5    MT =     28  Q = -8.17264E+00 MeV  Emin = 9.00000E+00 MeV  frac = 1.00000E+00  : (n,np)
   6    MT =     51  Q = -6.04699E-01 MeV  Emin = 6.09255E-01 MeV  frac = 1.00000E+00  : inelastic scatt. to 1. excited state
   7    MT =     52  Q = -1.16790E+00 MeV  Emin = 1.17670E+00 MeV  frac = 1.00000E+00  : inelastic scatt. to 2. excited state
   8    MT =     53  Q = -1.40060E+00 MeV  Emin = 1.41115E+00 MeV  frac = 1.00000E+00  : inelastic scatt. to 3. excited state
   9    MT =     54  Q = -1.64330E+00 MeV  Emin = 1.65568E+00 MeV  frac = 1.00000E+00  : inelastic scatt. to 4. excited state
  10    MT =     55  Q = -1.76050E+00 MeV  Emin = 1.77376E+00 MeV  frac = 1.00000E+00  : inelastic scatt. to 5. excited state
  11    MT =     56  Q = -1.96990E+00 MeV  Emin = 1.98474E+00 MeV  frac = 1.00000E+00  : inelastic scatt. to 6. excited state
  12    MT =     57  Q = -2.02920E+00 MeV  Emin = 2.04449E+00 MeV  frac = 1.00000E+00  : inelastic scatt. to 7. excited state
  13    MT =     58  Q = -2.08830E+00 MeV  Emin = 2.10403E+00 MeV  frac = 1.00000E+00  : inelastic scatt. to 8. excited state
  14    MT =     59  Q = -2.15970E+00 MeV  Emin = 2.17597E+00 MeV  frac = 1.00000E+00  : inelastic scatt. to 9. excited state
  15    MT =     60  Q = -2.25460E+00 MeV  Emin = 2.27158E+00 MeV  frac = 1.00000E+00  : inelastic scatt. to 10. excited state
  16    MT =     61  Q = -2.33680E+00 MeV  Emin = 2.35440E+00 MeV  frac = 1.00000E+00  : inelastic scatt. to 11. excited state
  17    MT =     62  Q = -2.37910E+00 MeV  Emin = 2.39702E+00 MeV  frac = 1.00000E+00  : inelastic scatt. to 12. excited state
  18    MT =     63  Q = -2.48860E+00 MeV  Emin = 2.50735E+00 MeV  frac = 1.00000E+00  : inelastic scatt. to 13. excited state
  19    MT =     91  Q = -2.54000E+00 MeV  Emin = 2.55913E+00 MeV  frac = 1.00000E+00  : inelastic scattering to continuum
  20    MT =    102  Q =  6.97339E+00 MeV  Emin = 1.00000E-11 MeV  frac = 1.00000E+00  : (n,gamma)
  21    MT =    103  Q = -1.27654E+00 MeV  Emin = 2.00000E+00 MeV  frac = 1.00000E+00  : (n,p)
  22    MT =    104  Q = -5.86252E+00 MeV  Emin = 7.00000E+00 MeV  frac = 1.00000E+00  : (n,d)
  23    MT =    105  Q = -8.66746E+00 MeV  Emin = 1.00000E+01 MeV  frac = 1.00000E+00  : (n,t)
  24    MT =    107  Q =  5.10720E+00 MeV  Emin = 9.99999E-02 MeV  frac = 1.00000E+00  : (n,alpha)

 1 additional transport branch:

   1    MT =    102  Q =  6.97339E+00 MeV  Emin = 1.00000E-11 MeV  frac = 1.00000E+00  : (n,gamma)

 5 special reactions:

   1    MT =    203  Q =  0.00000E+00 MeV  Emin = 1.98474E+00 MeV  : total proton production
   2    MT =    204  Q =  0.00000E+00 MeV  Emin = 7.00000E+00 MeV  : total deuteron production
   3    MT =    205  Q =  0.00000E+00 MeV  Emin = 1.00000E+01 MeV  : total triton production
   4    MT =    207  Q =  0.00000E+00 MeV  Emin = 9.99999E-02 MeV  : total alpha production
   5    MT =      4  Q =  0.00000E+00 MeV  Emin = 6.09255E-01 MeV  : total inelastic scattering

 Nuclide  109 / 130 : 56135.03c -- barium 135 (Ba-135)

 Pointers                     : 446487 68619
 Primary type                 : Transport
 Nuclide ZAI                  : 561350
 Library ID                   : 03c
 Cross section data file      : /home/leonardo.zortea/mcnp/xs/acedata/56135ENDF7.ace
 Atomic weight (AW)           : 134.90591
 Atomic weight ratio (AWR)    : 133.74700
 Temperature                  : 300.0 Kelvin
 XS temperature               : 300.0 Kelvin
 Minimum and maximum energy   : 1.00000E-11 2.00000E+01
 Half-life                    : stable
 Specific ingestion toxicity  : N/A
 Specific inhalation toxicity : N/A

 - Nuclide is not involved in burnup calculation
 - Nuclide has neutron transport data
 - Nuclide has no photon transport data
 - Nuclide has no S(a,b) data
 - Nuclide has isomeric branching data
 - Nuclide is not fissile
 - Nuclide is not a delayed neutron precursor
 - Nuclide has no delayed neutron data
 - Nuclide uses ures ptable data between 4.70000E-03 and 9.99999E-02 MeV
 - Nuclide temperature is not adjusted with TMS
 - Nuclide has no dosimetry data
 - Nuclide has decay data
 - Nuclide has no supplementary transmutation cross section data
 - Nuclide has no NFY data
 - Nuclide has no SFY data

 - 20 reaction channels
 - 6 special reactions
 - No transmutation reactions
 - 1 transmutation branch reactions
 - No decay reactions
 - No decay branch reactions
 - No transmutation paths

 20 reactions channel:

   1    MT =      2  Q =  0.00000E+00 MeV  Emin = 1.00000E-11 MeV  frac = 1.00000E+00  : elastic scattering
   2    MT =     16  Q = -6.97810E+00 MeV  Emin = 7.11666E+00 MeV  frac = 1.00000E+00  : (n,2n)
   3    MT =     17  Q = -1.64532E+01 MeV  Emin = 1.65762E+01 MeV  frac = 1.00000E+00  : (n,3n)
   4    MT =     22  Q = -1.87090E+00 MeV  Emin = 2.00000E+00 MeV  frac = 1.00000E+00  : (n,nalpha)
   5    MT =     28  Q = -8.25464E+00 MeV  Emin = 9.00000E+00 MeV  frac = 1.00000E+00  : (n,np)
   6    MT =     32  Q = -1.28406E+01 MeV  Emin = 1.45000E+01 MeV  frac = 1.00000E+00  : (n,nd)
   7    MT =     51  Q = -2.21000E-01 MeV  Emin = 2.22653E-01 MeV  frac = 1.00000E+00  : inelastic scatt. to 1. excited state
   8    MT =     52  Q = -2.68200E-01 MeV  Emin = 2.70205E-01 MeV  frac = 1.00000E+00  : inelastic scatt. to 2. excited state
   9    MT =     53  Q = -4.80599E-01 MeV  Emin = 4.84193E-01 MeV  frac = 1.00000E+00  : inelastic scatt. to 3. excited state
  10    MT =     54  Q = -5.87899E-01 MeV  Emin = 5.92296E-01 MeV  frac = 1.00000E+00  : inelastic scatt. to 4. excited state
  11    MT =     55  Q = -8.54999E-01 MeV  Emin = 8.61393E-01 MeV  frac = 1.00000E+00  : inelastic scatt. to 5. excited state
  12    MT =     56  Q = -8.74499E-01 MeV  Emin = 8.81038E-01 MeV  frac = 1.00000E+00  : inelastic scatt. to 6. excited state
  13    MT =     57  Q = -9.79999E-01 MeV  Emin = 9.87327E-01 MeV  frac = 1.00000E+00  : inelastic scatt. to 7. excited state
  14    MT =     91  Q = -1.17000E+00 MeV  Emin = 1.17875E+00 MeV  frac = 1.00000E+00  : inelastic scattering to continuum
  15    MT =    102  Q =  9.10739E+00 MeV  Emin = 1.00000E-11 MeV  frac = 1.00000E+00  : (n,gamma)
  16    MT =    103  Q =  5.77454E-01 MeV  Emin = 9.99999E-02 MeV  frac = 1.00000E+00  : (n,p)
  17    MT =    104  Q = -5.94452E+00 MeV  Emin = 7.11666E+00 MeV  frac = 1.00000E+00  : (n,d)
  18    MT =    105  Q = -6.65546E+00 MeV  Emin = 8.31636E+00 MeV  frac = 1.00000E+00  : (n,t)
  19    MT =    106  Q = -7.06383E+00 MeV  Emin = 1.10000E+01 MeV  frac = 1.00000E+00  : (n,He-3)
  20    MT =    107  Q =  7.07019E+00 MeV  Emin = 9.99999E-02 MeV  frac = 1.00000E+00  : (n,alpha)

 1 additional transport branch:

   1    MT =    102  Q =  9.10739E+00 MeV  Emin = 1.00000E-11 MeV  frac = 1.00000E+00  : (n,gamma)

 6 special reactions:

   1    MT =    203  Q =  0.00000E+00 MeV  Emin = 9.99999E-02 MeV  : total proton production
   2    MT =    204  Q =  0.00000E+00 MeV  Emin = 7.11666E+00 MeV  : total deuteron production
   3    MT =    205  Q =  0.00000E+00 MeV  Emin = 8.31636E+00 MeV  : total triton production
   4    MT =    206  Q =  0.00000E+00 MeV  Emin = 1.10000E+01 MeV  : total He-3 production
   5    MT =    207  Q =  0.00000E+00 MeV  Emin = 9.99999E-02 MeV  : total alpha production
   6    MT =      4  Q =  0.00000E+00 MeV  Emin = 2.22653E-01 MeV  : total inelastic scattering

 Nuclide  110 / 130 : 56136.03c -- barium 136 (Ba-136)

 Pointers                     : 448555 68895
 Primary type                 : Transport
 Nuclide ZAI                  : 561360
 Library ID                   : 03c
 Cross section data file      : /home/leonardo.zortea/mcnp/xs/acedata/56136ENDF7.ace
 Atomic weight (AW)           : 135.90449
 Atomic weight ratio (AWR)    : 134.73700
 Temperature                  : 300.0 Kelvin
 XS temperature               : 300.0 Kelvin
 Minimum and maximum energy   : 1.00000E-11 2.00000E+01
 Half-life                    : stable
 Specific ingestion toxicity  : N/A
 Specific inhalation toxicity : N/A

 - Nuclide is not involved in burnup calculation
 - Nuclide has neutron transport data
 - Nuclide has no photon transport data
 - Nuclide has no S(a,b) data
 - Nuclide has isomeric branching data
 - Nuclide is not fissile
 - Nuclide is not a delayed neutron precursor
 - Nuclide has no delayed neutron data
 - Nuclide uses ures ptable data between 3.50000E-02 and 9.99999E-02 MeV
 - Nuclide temperature is not adjusted with TMS
 - Nuclide has no dosimetry data
 - Nuclide has decay data
 - Nuclide has no supplementary transmutation cross section data
 - Nuclide has no NFY data
 - Nuclide has no SFY data

 - 21 reaction channels
 - 5 special reactions
 - No transmutation reactions
 - 1 transmutation branch reactions
 - No decay reactions
 - No decay branch reactions
 - No transmutation paths

 21 reactions channel:

   1    MT =      2  Q =  0.00000E+00 MeV  Emin = 1.00000E-11 MeV  frac = 1.00000E+00  : elastic scattering
   2    MT =     16  Q = -9.11209E+00 MeV  Emin = 9.17973E+00 MeV  frac = 1.00000E+00  : (n,2n)
   3    MT =     17  Q = -1.60902E+01 MeV  Emin = 1.62096E+01 MeV  frac = 1.00000E+00  : (n,3n)
   4    MT =     22  Q = -2.04190E+00 MeV  Emin = 2.05706E+00 MeV  frac = 1.00000E+00  : (n,nalpha)
   5    MT =     28  Q = -8.53464E+00 MeV  Emin = 9.17973E+00 MeV  frac = 1.00000E+00  : (n,np)
   6    MT =     51  Q = -8.18599E-01 MeV  Emin = 8.24676E-01 MeV  frac = 1.00000E+00  : inelastic scatt. to 1. excited state
   7    MT =     52  Q = -1.55050E+00 MeV  Emin = 1.56201E+00 MeV  frac = 1.00000E+00  : inelastic scatt. to 2. excited state
   8    MT =     53  Q = -1.57920E+00 MeV  Emin = 1.59092E+00 MeV  frac = 1.00000E+00  : inelastic scatt. to 3. excited state
   9    MT =     54  Q = -1.86630E+00 MeV  Emin = 1.88015E+00 MeV  frac = 1.00000E+00  : inelastic scatt. to 4. excited state
  10    MT =     55  Q = -2.05400E+00 MeV  Emin = 2.06925E+00 MeV  frac = 1.00000E+00  : inelastic scatt. to 5. excited state
  11    MT =     56  Q = -2.07990E+00 MeV  Emin = 2.09534E+00 MeV  frac = 1.00000E+00  : inelastic scatt. to 6. excited state
  12    MT =     57  Q = -2.12800E+00 MeV  Emin = 2.14379E+00 MeV  frac = 1.00000E+00  : inelastic scatt. to 7. excited state
  13    MT =     58  Q = -2.14020E+00 MeV  Emin = 2.15609E+00 MeV  frac = 1.00000E+00  : inelastic scatt. to 8. excited state
  14    MT =     59  Q = -2.14150E+00 MeV  Emin = 2.15740E+00 MeV  frac = 1.00000E+00  : inelastic scatt. to 9. excited state
  15    MT =     60  Q = -2.20710E+00 MeV  Emin = 2.22348E+00 MeV  frac = 1.00000E+00  : inelastic scatt. to 10. excited state
  16    MT =     91  Q = -2.28400E+00 MeV  Emin = 2.30095E+00 MeV  frac = 1.00000E+00  : inelastic scattering to continuum
  17    MT =    102  Q =  6.89839E+00 MeV  Emin = 1.00000E-11 MeV  frac = 1.00000E+00  : (n,gamma)
  18    MT =    103  Q = -1.76554E+00 MeV  Emin = 2.05706E+00 MeV  frac = 1.00000E+00  : (n,p)
  19    MT =    104  Q = -6.22452E+00 MeV  Emin = 8.00000E+00 MeV  frac = 1.00000E+00  : (n,d)
  20    MT =    105  Q = -8.87146E+00 MeV  Emin = 1.00000E+01 MeV  frac = 1.00000E+00  : (n,t)
  21    MT =    107  Q =  4.41020E+00 MeV  Emin = 9.99999E-02 MeV  frac = 1.00000E+00  : (n,alpha)

 1 additional transport branch:

   1    MT =    102  Q =  6.89839E+00 MeV  Emin = 1.00000E-11 MeV  frac = 1.00000E+00  : (n,gamma)

 5 special reactions:

   1    MT =    203  Q =  0.00000E+00 MeV  Emin = 2.00000E+00 MeV  : total proton production
   2    MT =    204  Q =  0.00000E+00 MeV  Emin = 8.00000E+00 MeV  : total deuteron production
   3    MT =    205  Q =  0.00000E+00 MeV  Emin = 1.00000E+01 MeV  : total triton production
   4    MT =    207  Q =  0.00000E+00 MeV  Emin = 9.99999E-02 MeV  : total alpha production
   5    MT =      4  Q =  0.00000E+00 MeV  Emin = 8.24676E-01 MeV  : total inelastic scattering

 Nuclide  111 / 130 : 56137.03c -- barium 137 (Ba-137)

 Pointers                     : 450623 69171
 Primary type                 : Transport
 Nuclide ZAI                  : 561370
 Library ID                   : 03c
 Cross section data file      : /home/leonardo.zortea/mcnp/xs/acedata/56137ENDF7.ace
 Atomic weight (AW)           : 136.90609
 Atomic weight ratio (AWR)    : 135.73000
 Temperature                  : 300.0 Kelvin
 XS temperature               : 300.0 Kelvin
 Minimum and maximum energy   : 1.00000E-11 2.00000E+01
 Half-life                    : stable
 Specific ingestion toxicity  : N/A
 Specific inhalation toxicity : N/A

 - Nuclide is not involved in burnup calculation
 - Nuclide has neutron transport data
 - Nuclide has no photon transport data
 - Nuclide has no S(a,b) data
 - Nuclide has no isomeric branching data
 - Nuclide is not fissile
 - Nuclide is not a delayed neutron precursor
 - Nuclide has no delayed neutron data
 - Nuclide uses ures ptable data between 1.25000E-02 and 9.99999E-02 MeV
 - Nuclide temperature is not adjusted with TMS
 - Nuclide has no dosimetry data
 - Nuclide has decay data
 - Nuclide has no supplementary transmutation cross section data
 - Nuclide has no NFY data
 - Nuclide has no SFY data

 - 20 reaction channels
 - 5 special reactions
 - No transmutation reactions
 - No transmutation branch reactions
 - No decay reactions
 - No decay branch reactions
 - No transmutation paths

 20 reactions channel:

   1    MT =      2  Q =  0.00000E+00 MeV  Emin = 1.00000E-11 MeV  frac = 1.00000E+00  : elastic scattering
   2    MT =     16  Q = -6.90309E+00 MeV  Emin = 7.00000E+00 MeV  frac = 1.00000E+00  : (n,2n)
   3    MT =     17  Q = -1.60152E+01 MeV  Emin = 1.61332E+01 MeV  frac = 1.00000E+00  : (n,3n)
   4    MT =     22  Q = -2.49290E+00 MeV  Emin = 2.51127E+00 MeV  frac = 1.00000E+00  : (n,nalpha)
   5    MT =     28  Q = -8.66863E+00 MeV  Emin = 1.00000E+01 MeV  frac = 1.00000E+00  : (n,np)
   6    MT =     32  Q = -1.31276E+01 MeV  Emin = 1.45000E+01 MeV  frac = 1.00000E+00  : (n,nd)
   7    MT =     51  Q = -2.79200E-01 MeV  Emin = 2.81257E-01 MeV  frac = 1.00000E+00  : inelastic scatt. to 1. excited state
   8    MT =     52  Q = -6.61599E-01 MeV  Emin = 6.66474E-01 MeV  frac = 1.00000E+00  : inelastic scatt. to 2. excited state
   9    MT =     53  Q = -1.29000E+00 MeV  Emin = 1.29950E+00 MeV  frac = 1.00000E+00  : inelastic scatt. to 3. excited state
  10    MT =     54  Q = -1.46290E+00 MeV  Emin = 1.47368E+00 MeV  frac = 1.00000E+00  : inelastic scatt. to 4. excited state
  11    MT =     55  Q = -1.79000E+00 MeV  Emin = 1.80319E+00 MeV  frac = 1.00000E+00  : inelastic scatt. to 5. excited state
  12    MT =     56  Q = -1.84000E+00 MeV  Emin = 1.85356E+00 MeV  frac = 1.00000E+00  : inelastic scatt. to 6. excited state
  13    MT =     57  Q = -1.90000E+00 MeV  Emin = 1.91400E+00 MeV  frac = 1.00000E+00  : inelastic scatt. to 7. excited state
  14    MT =     58  Q = -2.04000E+00 MeV  Emin = 2.05503E+00 MeV  frac = 1.00000E+00  : inelastic scatt. to 8. excited state
  15    MT =     91  Q = -2.12000E+00 MeV  Emin = 2.13562E+00 MeV  frac = 1.00000E+00  : inelastic scattering to continuum
  16    MT =    102  Q =  8.61139E+00 MeV  Emin = 1.00000E-11 MeV  frac = 1.00000E+00  : (n,gamma)
  17    MT =    103  Q = -3.90530E-01 MeV  Emin = 1.00000E+00 MeV  frac = 1.00000E+00  : (n,p)
  18    MT =    104  Q = -6.35851E+00 MeV  Emin = 8.14238E+00 MeV  frac = 1.00000E+00  : (n,d)
  19    MT =    105  Q = -6.94246E+00 MeV  Emin = 9.00000E+00 MeV  frac = 1.00000E+00  : (n,t)
  20    MT =    107  Q =  6.04620E+00 MeV  Emin = 9.99999E-02 MeV  frac = 1.00000E+00  : (n,alpha)

 5 special reactions:

   1    MT =    203  Q =  0.00000E+00 MeV  Emin = 1.00000E+00 MeV  : total proton production
   2    MT =    204  Q =  0.00000E+00 MeV  Emin = 8.14238E+00 MeV  : total deuteron production
   3    MT =    205  Q =  0.00000E+00 MeV  Emin = 9.00000E+00 MeV  : total triton production
   4    MT =    207  Q =  0.00000E+00 MeV  Emin = 9.99999E-02 MeV  : total alpha production
   5    MT =      4  Q =  0.00000E+00 MeV  Emin = 2.81257E-01 MeV  : total inelastic scattering

 Nuclide  112 / 130 : 56138.03c -- barium 138 (Ba-138)

 Pointers                     : 452528 69447
 Primary type                 : Transport
 Nuclide ZAI                  : 561380
 Library ID                   : 03c
 Cross section data file      : /home/leonardo.zortea/mcnp/xs/acedata/56138ENDF7.ace
 Atomic weight (AW)           : 137.90467
 Atomic weight ratio (AWR)    : 136.72000
 Temperature                  : 300.0 Kelvin
 XS temperature               : 300.0 Kelvin
 Minimum and maximum energy   : 1.00000E-11 2.00000E+01
 Half-life                    : stable
 Specific ingestion toxicity  : N/A
 Specific inhalation toxicity : N/A

 - Nuclide is not involved in burnup calculation
 - Nuclide has neutron transport data
 - Nuclide has no photon transport data
 - Nuclide has no S(a,b) data
 - Nuclide has no isomeric branching data
 - Nuclide is not fissile
 - Nuclide is not a delayed neutron precursor
 - Nuclide has no delayed neutron data
 - Nuclide has no ures ptable data
 - Nuclide temperature is not adjusted with TMS
 - Nuclide has no dosimetry data
 - Nuclide has decay data
 - Nuclide has no supplementary transmutation cross section data
 - Nuclide has no NFY data
 - Nuclide has no SFY data

 - 15 reaction channels
 - 6 special reactions
 - No transmutation reactions
 - No transmutation branch reactions
 - No decay reactions
 - No decay branch reactions
 - No transmutation paths

 15 reactions channel:

   1    MT =      2  Q =  0.00000E+00 MeV  Emin = 1.00000E-11 MeV  frac = 1.00000E+00  : elastic scattering
   2    MT =     16  Q = -8.61140E+00 MeV  Emin = 8.67440E+00 MeV  frac = 1.00000E+00  : (n,2n)
   3    MT =     17  Q = -1.55110E+01 MeV  Emin = 1.57500E+01 MeV  frac = 1.00000E+00  : (n,3n)
   4    MT =     22  Q = -2.57200E+00 MeV  Emin = 1.12500E+01 MeV  frac = 1.00000E+00  : (n,nalpha)
   5    MT =     28  Q = -9.00460E+00 MeV  Emin = 1.20000E+01 MeV  frac = 1.00000E+00  : (n,np)
   6    MT =     51  Q = -1.43580E+00 MeV  Emin = 1.44630E+00 MeV  frac = 1.00000E+00  : inelastic scatt. to 1. excited state
   7    MT =     52  Q = -1.89860E+00 MeV  Emin = 1.91250E+00 MeV  frac = 1.00000E+00  : inelastic scatt. to 2. excited state
   8    MT =     53  Q = -2.09050E+00 MeV  Emin = 2.10580E+00 MeV  frac = 1.00000E+00  : inelastic scatt. to 3. excited state
   9    MT =     91  Q = -2.09050E+00 MeV  Emin = 2.75000E+00 MeV  frac = 1.00000E+00  : inelastic scattering to continuum
  10    MT =    102  Q =  4.72340E+00 MeV  Emin = 1.00000E-11 MeV  frac = 1.00000E+00  : (n,gamma)
  11    MT =    103  Q = -4.59320E+00 MeV  Emin = 7.50000E+00 MeV  frac = 1.00000E+00  : (n,p)
  12    MT =    104  Q = -6.78010E+00 MeV  Emin = 9.75000E+00 MeV  frac = 1.00000E+00  : (n,d)
  13    MT =    105  Q = -8.79630E+00 MeV  Emin = 1.24860E+01 MeV  frac = 1.00000E+00  : (n,t)
  14    MT =    106  Q = -8.70230E+00 MeV  Emin = 1.85000E+01 MeV  frac = 1.00000E+00  : (n,He-3)
  15    MT =    107  Q =  3.88020E+00 MeV  Emin = 4.00000E+00 MeV  frac = 1.00000E+00  : (n,alpha)

 6 special reactions:

   1    MT =    203  Q =  0.00000E+00 MeV  Emin = 7.25000E+00 MeV  : total proton production
   2    MT =    204  Q =  0.00000E+00 MeV  Emin = 9.50000E+00 MeV  : total deuteron production
   3    MT =    205  Q =  0.00000E+00 MeV  Emin = 1.24860E+01 MeV  : total triton production
   4    MT =    206  Q =  0.00000E+00 MeV  Emin = 1.85000E+01 MeV  : total He-3 production
   5    MT =    207  Q =  0.00000E+00 MeV  Emin = 4.00000E+00 MeV  : total alpha production
   6    MT =      4  Q =  0.00000E+00 MeV  Emin = 1.44630E+00 MeV  : total inelastic scattering

 Nuclide  113 / 130 : 72174.03c -- hafnium 174 (Hf-174)

 Pointers                     : 625058 90699
 Primary type                 : Transport
 Nuclide ZAI                  : 721740
 Library ID                   : 03c
 Cross section data file      : /home/leonardo.zortea/mcnp/xs/acedata/72174ENDF7.ace
 Atomic weight (AW)           : 173.94024
 Atomic weight ratio (AWR)    : 172.44600
 Temperature                  : 300.0 Kelvin
 XS temperature               : 300.0 Kelvin
 Minimum and maximum energy   : 1.00000E-11 2.00000E+01
 Half-life                    : 6.31E+22 seconds (2E+15 years)
 Specific ingestion toxicity  : 7.70E-08 Sv/Bq
 Specific inhalation toxicity : 3.60E-07 Sv/Bq

 - Nuclide is not involved in burnup calculation
 - Nuclide has neutron transport data
 - Nuclide has no photon transport data
 - Nuclide has no S(a,b) data
 - Nuclide has no isomeric branching data
 - Nuclide is not fissile
 - Nuclide is not a delayed neutron precursor
 - Nuclide has no delayed neutron data
 - Nuclide uses ures ptable data between 2.30000E-04 and 9.00000E-02 MeV
 - Nuclide temperature is not adjusted with TMS
 - Nuclide has no dosimetry data
 - Nuclide has decay data
 - Nuclide has no supplementary transmutation cross section data
 - Nuclide has no NFY data
 - Nuclide has no SFY data

 - 8 reaction channels
 - 2 special reactions
 - No transmutation reactions
 - No transmutation branch reactions
 - 1 decay reactions
 - No decay branch reactions
 - No transmutation paths
 - All reaction paths linked to target

 8 reactions channel:

   1    MT =      2  Q =  0.00000E+00 MeV  Emin = 1.00000E-11 MeV  frac = 1.00000E+00  : elastic scattering
   2    MT =     16  Q = -8.57000E+00 MeV  Emin = 8.62000E+00 MeV  frac = 1.00000E+00  : (n,2n)
   3    MT =     51  Q = -9.32000E-02 MeV  Emin = 9.37405E-02 MeV  frac = 1.00000E+00  : inelastic scatt. to 1. excited state
   4    MT =     52  Q = -3.07000E-01 MeV  Emin = 3.09000E-01 MeV  frac = 1.00000E+00  : inelastic scatt. to 2. excited state
   5    MT =     53  Q = -6.32000E-01 MeV  Emin = 6.36000E-01 MeV  frac = 1.00000E+00  : inelastic scatt. to 3. excited state
   6    MT =     91  Q = -9.32000E-02 MeV  Emin = 1.00000E+00 MeV  frac = 1.00000E+00  : inelastic scattering to continuum
   7    MT =    102  Q =  6.82420E+00 MeV  Emin = 1.00000E-11 MeV  frac = 1.00000E+00  : (n,gamma)
   8    MT =    103  Q =  5.79802E-01 MeV  Emin = 5.20000E+00 MeV  frac = 1.00000E+00  : (n,p)

 2 special reactions:

   1    MT =    203  Q =  0.00000E+00 MeV  Emin = 5.20000E+00 MeV  : total proton production
   2    MT =      4  Q =  0.00000E+00 MeV  Emin = 9.37405E-02 MeV  : total inelastic scattering

 1 decay reaction:

   1  RTYP = 4     Q =  2.49742E+00 MeV  frac = 1.00000E+00  : alpha

 Nuclide  114 / 130 : 72176.03c -- hafnium 176 (Hf-176)

 Pointers                     : 625955 90975
 Primary type                 : Transport
 Nuclide ZAI                  : 721760
 Library ID                   : 03c
 Cross section data file      : /home/leonardo.zortea/mcnp/xs/acedata/72176ENDF7.ace
 Atomic weight (AW)           : 175.94142
 Atomic weight ratio (AWR)    : 174.43000
 Temperature                  : 300.0 Kelvin
 XS temperature               : 300.0 Kelvin
 Minimum and maximum energy   : 1.00000E-11 2.00000E+01
 Half-life                    : stable
 Specific ingestion toxicity  : N/A
 Specific inhalation toxicity : N/A

 - Nuclide is not involved in burnup calculation
 - Nuclide has neutron transport data
 - Nuclide has no photon transport data
 - Nuclide has no S(a,b) data
 - Nuclide has no isomeric branching data
 - Nuclide is not fissile
 - Nuclide is not a delayed neutron precursor
 - Nuclide has no delayed neutron data
 - Nuclide uses ures ptable data between 1.08000E-03 and 9.00000E-02 MeV
 - Nuclide temperature is not adjusted with TMS
 - Nuclide has no dosimetry data
 - Nuclide has decay data
 - Nuclide has no supplementary transmutation cross section data
 - Nuclide has no NFY data
 - Nuclide has no SFY data

 - 8 reaction channels
 - 2 special reactions
 - No transmutation reactions
 - No transmutation branch reactions
 - No decay reactions
 - No decay branch reactions
 - No transmutation paths

 8 reactions channel:

   1    MT =      2  Q =  0.00000E+00 MeV  Emin = 1.00000E-11 MeV  frac = 1.00000E+00  : elastic scattering
   2    MT =     16  Q = -8.09000E+00 MeV  Emin = 8.13638E+00 MeV  frac = 1.00000E+00  : (n,2n)
   3    MT =     51  Q = -9.32000E-02 MeV  Emin = 9.37343E-02 MeV  frac = 1.00000E+00  : inelastic scatt. to 1. excited state
   4    MT =     52  Q = -3.07000E-01 MeV  Emin = 3.09000E-01 MeV  frac = 1.00000E+00  : inelastic scatt. to 2. excited state
   5    MT =     53  Q = -6.32000E-01 MeV  Emin = 6.36000E-01 MeV  frac = 1.00000E+00  : inelastic scatt. to 3. excited state
   6    MT =     91  Q = -9.32000E-02 MeV  Emin = 1.00000E+00 MeV  frac = 1.00000E+00  : inelastic scattering to continuum
   7    MT =    102  Q =  6.40455E+00 MeV  Emin = 1.00000E-11 MeV  frac = 1.00000E+00  : (n,gamma)
   8    MT =    103  Q = -2.39700E-01 MeV  Emin = 7.20000E+00 MeV  frac = 1.00000E+00  : (n,p)

 2 special reactions:

   1    MT =    203  Q =  0.00000E+00 MeV  Emin = 7.20000E+00 MeV  : total proton production
   2    MT =      4  Q =  0.00000E+00 MeV  Emin = 9.37343E-02 MeV  : total inelastic scattering

 Nuclide  115 / 130 : 72177.03c -- hafnium 177 (Hf-177)

 Pointers                     : 626780 91251
 Primary type                 : Transport
 Nuclide ZAI                  : 721770
 Library ID                   : 03c
 Cross section data file      : /home/leonardo.zortea/mcnp/xs/acedata/72177ENDF7.ace
 Atomic weight (AW)           : 176.94304
 Atomic weight ratio (AWR)    : 175.42300
 Temperature                  : 300.0 Kelvin
 XS temperature               : 300.0 Kelvin
 Minimum and maximum energy   : 1.00000E-11 2.00000E+01
 Half-life                    : stable
 Specific ingestion toxicity  : N/A
 Specific inhalation toxicity : N/A

 - Nuclide is not involved in burnup calculation
 - Nuclide has neutron transport data
 - Nuclide has no photon transport data
 - Nuclide has no S(a,b) data
 - Nuclide has no isomeric branching data
 - Nuclide is not fissile
 - Nuclide is not a delayed neutron precursor
 - Nuclide has no delayed neutron data
 - Nuclide uses ures ptable data between 7.00000E-04 and 9.00000E-02 MeV
 - Nuclide temperature is not adjusted with TMS
 - Nuclide has no dosimetry data
 - Nuclide has decay data
 - Nuclide has no supplementary transmutation cross section data
 - Nuclide has no NFY data
 - Nuclide has no SFY data

 - 15 reaction channels
 - 2 special reactions
 - No transmutation reactions
 - No transmutation branch reactions
 - No decay reactions
 - No decay branch reactions
 - No transmutation paths

 15 reactions channel:

   1    MT =      2  Q =  0.00000E+00 MeV  Emin = 1.00000E-11 MeV  frac = 1.00000E+00  : elastic scattering
   2    MT =     16  Q = -6.38000E+00 MeV  Emin = 6.42000E+00 MeV  frac = 1.00000E+00  : (n,2n)
   3    MT =     51  Q = -1.13000E-01 MeV  Emin = 1.13644E-01 MeV  frac = 1.00000E+00  : inelastic scatt. to 1. excited state
   4    MT =     52  Q = -2.50600E-01 MeV  Emin = 2.52029E-01 MeV  frac = 1.00000E+00  : inelastic scatt. to 2. excited state
   5    MT =     53  Q = -3.21000E-01 MeV  Emin = 3.23000E-01 MeV  frac = 1.00000E+00  : inelastic scatt. to 3. excited state
   6    MT =     54  Q = -3.85000E-01 MeV  Emin = 3.87195E-01 MeV  frac = 1.00000E+00  : inelastic scatt. to 4. excited state
   7    MT =     55  Q = -4.09000E-01 MeV  Emin = 4.11332E-01 MeV  frac = 1.00000E+00  : inelastic scatt. to 5. excited state
   8    MT =     56  Q = -4.26600E-01 MeV  Emin = 4.29032E-01 MeV  frac = 1.00000E+00  : inelastic scatt. to 6. excited state
   9    MT =     57  Q = -5.09000E-01 MeV  Emin = 5.12000E-01 MeV  frac = 1.00000E+00  : inelastic scatt. to 7. excited state
  10    MT =     58  Q = -5.55000E-01 MeV  Emin = 5.58164E-01 MeV  frac = 1.00000E+00  : inelastic scatt. to 8. excited state
  11    MT =     59  Q = -5.91000E-01 MeV  Emin = 5.94369E-01 MeV  frac = 1.00000E+00  : inelastic scatt. to 9. excited state
  12    MT =     60  Q = -6.32000E-01 MeV  Emin = 6.36000E-01 MeV  frac = 1.00000E+00  : inelastic scatt. to 10. excited state
  13    MT =     91  Q = -9.32000E-02 MeV  Emin = 1.00000E+00 MeV  frac = 1.00000E+00  : inelastic scattering to continuum
  14    MT =    102  Q =  7.66986E+00 MeV  Emin = 1.00000E-11 MeV  frac = 1.00000E+00  : (n,gamma)
  15    MT =    103  Q =  3.19926E-01 MeV  Emin = 7.80000E+00 MeV  frac = 1.00000E+00  : (n,p)

 2 special reactions:

   1    MT =    203  Q =  0.00000E+00 MeV  Emin = 7.80000E+00 MeV  : total proton production
   2    MT =      4  Q =  0.00000E+00 MeV  Emin = 1.13644E-01 MeV  : total inelastic scattering

 Nuclide  116 / 130 : 72178.03c -- hafnium 178 (Hf-178)

 Pointers                     : 628109 91527
 Primary type                 : Transport
 Nuclide ZAI                  : 721780
 Library ID                   : 03c
 Cross section data file      : /home/leonardo.zortea/mcnp/xs/acedata/72178ENDF7.ace
 Atomic weight (AW)           : 177.94362
 Atomic weight ratio (AWR)    : 176.41500
 Temperature                  : 300.0 Kelvin
 XS temperature               : 300.0 Kelvin
 Minimum and maximum energy   : 1.00000E-11 2.00000E+01
 Half-life                    : stable
 Specific ingestion toxicity  : N/A
 Specific inhalation toxicity : N/A

 - Nuclide is not involved in burnup calculation
 - Nuclide has neutron transport data
 - Nuclide has no photon transport data
 - Nuclide has no S(a,b) data
 - Nuclide has no isomeric branching data
 - Nuclide is not fissile
 - Nuclide is not a delayed neutron precursor
 - Nuclide has no delayed neutron data
 - Nuclide uses ures ptable data between 2.10000E-03 and 9.00000E-02 MeV
 - Nuclide temperature is not adjusted with TMS
 - Nuclide has no dosimetry data
 - Nuclide has decay data
 - Nuclide has no supplementary transmutation cross section data
 - Nuclide has no NFY data
 - Nuclide has no SFY data

 - 8 reaction channels
 - 2 special reactions
 - No transmutation reactions
 - No transmutation branch reactions
 - No decay reactions
 - No decay branch reactions
 - No transmutation paths

 8 reactions channel:

   1    MT =      2  Q =  0.00000E+00 MeV  Emin = 1.00000E-11 MeV  frac = 1.00000E+00  : elastic scattering
   2    MT =     16  Q = -7.63000E+00 MeV  Emin = 7.67325E+00 MeV  frac = 1.00000E+00  : (n,2n)
   3    MT =     51  Q = -9.32000E-02 MeV  Emin = 9.37283E-02 MeV  frac = 1.00000E+00  : inelastic scatt. to 1. excited state
   4    MT =     52  Q = -3.07000E-01 MeV  Emin = 3.09000E-01 MeV  frac = 1.00000E+00  : inelastic scatt. to 2. excited state
   5    MT =     53  Q = -6.32000E-01 MeV  Emin = 6.36000E-01 MeV  frac = 1.00000E+00  : inelastic scatt. to 3. excited state
   6    MT =     91  Q = -9.32000E-02 MeV  Emin = 1.00000E+00 MeV  frac = 1.00000E+00  : inelastic scattering to continuum
   7    MT =    102  Q =  6.11573E+00 MeV  Emin = 1.00000E-11 MeV  frac = 1.00000E+00  : (n,gamma)
   8    MT =    103  Q = -1.47000E+00 MeV  Emin = 9.20000E+00 MeV  frac = 1.00000E+00  : (n,p)

 2 special reactions:

   1    MT =    203  Q =  0.00000E+00 MeV  Emin = 9.20000E+00 MeV  : total proton production
   2    MT =      4  Q =  0.00000E+00 MeV  Emin = 9.37283E-02 MeV  : total inelastic scattering

 Nuclide  117 / 130 : 72179.03c -- hafnium 179 (Hf-179)

 Pointers                     : 628934 91803
 Primary type                 : Transport
 Nuclide ZAI                  : 721790
 Library ID                   : 03c
 Cross section data file      : /home/leonardo.zortea/mcnp/xs/acedata/72179ENDF7.ace
 Atomic weight (AW)           : 178.94624
 Atomic weight ratio (AWR)    : 177.40900
 Temperature                  : 300.0 Kelvin
 XS temperature               : 300.0 Kelvin
 Minimum and maximum energy   : 1.00000E-11 2.00000E+01
 Half-life                    : stable
 Specific ingestion toxicity  : N/A
 Specific inhalation toxicity : N/A

 - Nuclide is not involved in burnup calculation
 - Nuclide has neutron transport data
 - Nuclide has no photon transport data
 - Nuclide has no S(a,b) data
 - Nuclide has isomeric branching data
 - Nuclide is not fissile
 - Nuclide is not a delayed neutron precursor
 - Nuclide has no delayed neutron data
 - Nuclide uses ures ptable data between 4.50000E-04 and 9.00000E-02 MeV
 - Nuclide temperature is not adjusted with TMS
 - Nuclide has no dosimetry data
 - Nuclide has decay data
 - Nuclide has no supplementary transmutation cross section data
 - Nuclide has no NFY data
 - Nuclide has no SFY data

 - 9 reaction channels
 - 2 special reactions
 - No transmutation reactions
 - 1 transmutation branch reactions
 - No decay reactions
 - No decay branch reactions
 - No transmutation paths

 9 reactions channel:

   1    MT =      2  Q =  0.00000E+00 MeV  Emin = 1.00000E-11 MeV  frac = 1.00000E+00  : elastic scattering
   2    MT =     16  Q = -6.10000E+00 MeV  Emin = 6.13438E+00 MeV  frac = 1.00000E+00  : (n,2n)
   3    MT =     51  Q = -1.13000E-01 MeV  Emin = 1.13637E-01 MeV  frac = 1.00000E+00  : inelastic scatt. to 1. excited state
   4    MT =     52  Q = -2.50600E-01 MeV  Emin = 2.52013E-01 MeV  frac = 1.00000E+00  : inelastic scatt. to 2. excited state
   5    MT =     53  Q = -3.07000E-01 MeV  Emin = 3.09000E-01 MeV  frac = 1.00000E+00  : inelastic scatt. to 3. excited state
   6    MT =     54  Q = -3.85000E-01 MeV  Emin = 3.87170E-01 MeV  frac = 1.00000E+00  : inelastic scatt. to 4. excited state
   7    MT =     91  Q = -9.32000E-02 MeV  Emin = 1.00000E+00 MeV  frac = 1.00000E+00  : inelastic scattering to continuum
   8    MT =    102  Q =  7.18000E+00 MeV  Emin = 1.00000E-11 MeV  frac = 1.00000E+00  : (n,gamma)
   9    MT =    103  Q = -5.70000E-01 MeV  Emin = 9.80000E+00 MeV  frac = 1.00000E+00  : (n,p)

 1 additional transport branch:

   1    MT =    102  Q =  7.18000E+00 MeV  Emin = 1.00000E-11 MeV  frac = 1.00000E+00  : (n,gamma)

 2 special reactions:

   1    MT =    203  Q =  0.00000E+00 MeV  Emin = 9.80000E+00 MeV  : total proton production
   2    MT =      4  Q =  0.00000E+00 MeV  Emin = 1.13637E-01 MeV  : total inelastic scattering

 Nuclide  118 / 130 : 72180.03c -- hafnium 180 (Hf-180)

 Pointers                     : 629922 92079
 Primary type                 : Transport
 Nuclide ZAI                  : 721800
 Library ID                   : 03c
 Cross section data file      : /home/leonardo.zortea/mcnp/xs/acedata/72180ENDF7.ace
 Atomic weight (AW)           : 179.94684
 Atomic weight ratio (AWR)    : 178.40100
 Temperature                  : 300.0 Kelvin
 XS temperature               : 300.0 Kelvin
 Minimum and maximum energy   : 1.00000E-11 2.00000E+01
 Half-life                    : stable
 Specific ingestion toxicity  : N/A
 Specific inhalation toxicity : N/A

 - Nuclide is not involved in burnup calculation
 - Nuclide has neutron transport data
 - Nuclide has no photon transport data
 - Nuclide has no S(a,b) data
 - Nuclide has no isomeric branching data
 - Nuclide is not fissile
 - Nuclide is not a delayed neutron precursor
 - Nuclide has no delayed neutron data
 - Nuclide uses ures ptable data between 1.00000E-02 and 9.00000E-02 MeV
 - Nuclide temperature is not adjusted with TMS
 - Nuclide has no dosimetry data
 - Nuclide has decay data
 - Nuclide has no supplementary transmutation cross section data
 - Nuclide has no NFY data
 - Nuclide has no SFY data

 - 8 reaction channels
 - 2 special reactions
 - No transmutation reactions
 - No transmutation branch reactions
 - No decay reactions
 - No decay branch reactions
 - No transmutation paths

 8 reactions channel:

   1    MT =      2  Q =  0.00000E+00 MeV  Emin = 1.00000E-11 MeV  frac = 1.00000E+00  : elastic scattering
   2    MT =     16  Q = -7.39000E+00 MeV  Emin = 7.43142E+00 MeV  frac = 1.00000E+00  : (n,2n)
   3    MT =     51  Q = -9.32000E-02 MeV  Emin = 9.37224E-02 MeV  frac = 1.00000E+00  : inelastic scatt. to 1. excited state
   4    MT =     52  Q = -3.07000E-01 MeV  Emin = 3.09000E-01 MeV  frac = 1.00000E+00  : inelastic scatt. to 2. excited state
   5    MT =     53  Q = -6.32000E-01 MeV  Emin = 6.36000E-01 MeV  frac = 1.00000E+00  : inelastic scatt. to 3. excited state
   6    MT =     91  Q = -9.32000E-02 MeV  Emin = 1.00000E+00 MeV  frac = 1.00000E+00  : inelastic scattering to continuum
   7    MT =    102  Q =  5.65402E+00 MeV  Emin = 1.00000E-11 MeV  frac = 1.00000E+00  : (n,gamma)
   8    MT =    103  Q = -2.52000E+00 MeV  Emin = 1.08000E+01 MeV  frac = 1.00000E+00  : (n,p)

 2 special reactions:

   1    MT =    203  Q =  0.00000E+00 MeV  Emin = 1.08000E+01 MeV  : total proton production
   2    MT =      4  Q =  0.00000E+00 MeV  Emin = 9.37224E-02 MeV  : total inelastic scattering

 Nuclide  119 / 130 : 74182.03c -- tungsten 182 (W-182)

 Pointers                     : 611948 93183
 Primary type                 : Transport
 Nuclide ZAI                  : 741820
 Library ID                   : 03c
 Cross section data file      : /home/leonardo.zortea/mcnp/xs/acedata/74182ENDF7.ace
 Atomic weight (AW)           : 181.95307
 Atomic weight ratio (AWR)    : 180.39000
 Temperature                  : 300.0 Kelvin
 XS temperature               : 300.0 Kelvin
 Minimum and maximum energy   : 1.00000E-11 1.50000E+02
 Half-life                    : stable
 Specific ingestion toxicity  : N/A
 Specific inhalation toxicity : N/A

 - Nuclide is not involved in burnup calculation
 - Nuclide has neutron transport data
 - Nuclide has no photon transport data
 - Nuclide has no S(a,b) data
 - Nuclide has isomeric branching data
 - Nuclide is not fissile
 - Nuclide is not a delayed neutron precursor
 - Nuclide has no delayed neutron data
 - Nuclide uses ures ptable data between 4.50000E-03 and 9.99999E-02 MeV
 - Nuclide temperature is not adjusted with TMS
 - Nuclide has no dosimetry data
 - Nuclide has decay data
 - Nuclide has no supplementary transmutation cross section data
 - Nuclide has no NFY data
 - Nuclide has no SFY data

 - 28 reaction channels
 - 5 special reactions
 - No transmutation reactions
 - 1 transmutation branch reactions
 - 1 decay reactions
 - No decay branch reactions
 - No transmutation paths
 - All reaction paths linked to target

 28 reactions channel:

   1    MT =      2  Q =  0.00000E+00 MeV  Emin = 1.00000E-11 MeV  frac = 1.00000E+00  : elastic scattering
   2    MT =      5  Q =  0.00000E+00 MeV  Emin = 2.00000E+01 MeV  frac = 1.00000E+00  : anything
   3    MT =     16  Q = -8.06240E+00 MeV  Emin = 8.10710E+00 MeV  frac = 1.00000E+00  : (n,2n)
   4    MT =     17  Q = -1.47470E+01 MeV  Emin = 1.48290E+01 MeV  frac = 1.00000E+00  : (n,3n)
   5    MT =     28  Q = -7.09200E+00 MeV  Emin = 1.15000E+01 MeV  frac = 1.00000E+00  : (n,np)
   6    MT =     51  Q = -1.00050E-01 MeV  Emin = 1.00605E-01 MeV  frac = 1.00000E+00  : inelastic scatt. to 1. excited state
   7    MT =     52  Q = -3.28980E-01 MeV  Emin = 3.30804E-01 MeV  frac = 1.00000E+00  : inelastic scatt. to 2. excited state
   8    MT =     53  Q = -6.80030E-01 MeV  Emin = 6.83800E-01 MeV  frac = 1.00000E+00  : inelastic scatt. to 3. excited state
   9    MT =     54  Q = -1.13570E+00 MeV  Emin = 1.14200E+00 MeV  frac = 1.00000E+00  : inelastic scatt. to 4. excited state
  10    MT =     55  Q = -1.14450E+00 MeV  Emin = 1.15085E+00 MeV  frac = 1.00000E+00  : inelastic scatt. to 5. excited state
  11    MT =     56  Q = -1.22220E+00 MeV  Emin = 1.22900E+00 MeV  frac = 1.00000E+00  : inelastic scatt. to 6. excited state
  12    MT =     57  Q = -1.25800E+00 MeV  Emin = 1.26500E+00 MeV  frac = 1.00000E+00  : inelastic scatt. to 7. excited state
  13    MT =     58  Q = -1.28890E+00 MeV  Emin = 1.29605E+00 MeV  frac = 1.00000E+00  : inelastic scatt. to 8. excited state
  14    MT =     59  Q = -1.33060E+00 MeV  Emin = 1.33800E+00 MeV  frac = 1.00000E+00  : inelastic scatt. to 9. excited state
  15    MT =     60  Q = -1.37040E+00 MeV  Emin = 1.37800E+00 MeV  frac = 1.00000E+00  : inelastic scatt. to 10. excited state
  16    MT =     61  Q = -1.44000E+00 MeV  Emin = 1.44800E+00 MeV  frac = 1.00000E+00  : inelastic scatt. to 11. excited state
  17    MT =     62  Q = -1.48680E+00 MeV  Emin = 1.49504E+00 MeV  frac = 1.00000E+00  : inelastic scatt. to 12. excited state
  18    MT =     63  Q = -1.50960E+00 MeV  Emin = 1.51800E+00 MeV  frac = 1.00000E+00  : inelastic scatt. to 13. excited state
  19    MT =     64  Q = -1.55340E+00 MeV  Emin = 1.56201E+00 MeV  frac = 1.00000E+00  : inelastic scatt. to 14. excited state
  20    MT =     65  Q = -1.62200E+00 MeV  Emin = 1.63100E+00 MeV  frac = 1.00000E+00  : inelastic scatt. to 15. excited state
  21    MT =     66  Q = -1.63290E+00 MeV  Emin = 1.64200E+00 MeV  frac = 1.00000E+00  : inelastic scatt. to 16. excited state
  22    MT =     67  Q = -1.66080E+00 MeV  Emin = 1.67001E+00 MeV  frac = 1.00000E+00  : inelastic scatt. to 17. excited state
  23    MT =     68  Q = -1.71150E+00 MeV  Emin = 1.72100E+00 MeV  frac = 1.00000E+00  : inelastic scatt. to 18. excited state
  24    MT =     69  Q = -1.75830E+00 MeV  Emin = 1.76805E+00 MeV  frac = 1.00000E+00  : inelastic scatt. to 19. excited state
  25    MT =     91  Q = -2.98350E-01 MeV  Emin = 3.00004E-01 MeV  frac = 1.00000E+00  : inelastic scattering to continuum
  26    MT =    102  Q =  6.19074E+00 MeV  Emin = 1.00000E-11 MeV  frac = 1.00000E+00  : (n,gamma)
  27    MT =    103  Q = -1.02860E+00 MeV  Emin = 1.05000E+01 MeV  frac = 1.00000E+00  : (n,p)
  28    MT =    107  Q =  7.88050E+00 MeV  Emin = 1.10000E+01 MeV  frac = 1.00000E+00  : (n,alpha)

 1 additional transport branch:

   1    MT =    102  Q =  6.19074E+00 MeV  Emin = 1.00000E-11 MeV  frac = 1.00000E+00  : (n,gamma)

 5 special reactions:

   1    MT =    203  Q =  0.00000E+00 MeV  Emin = 1.05000E+01 MeV  : total proton production
   2    MT =    204  Q =  0.00000E+00 MeV  Emin = 2.00000E+01 MeV  : total deuteron production
   3    MT =    205  Q =  0.00000E+00 MeV  Emin = 2.00000E+01 MeV  : total triton production
   4    MT =    207  Q =  0.00000E+00 MeV  Emin = 1.10000E+01 MeV  : total alpha production
   5    MT =      4  Q =  0.00000E+00 MeV  Emin = 1.00605E-01 MeV  : total inelastic scattering

 1 decay reaction:

   1  RTYP = 4     Q =  1.77183E+00 MeV  frac = 1.00000E+00  : alpha

 Nuclide  120 / 130 : 74183.03c -- tungsten 183 (W-183)

 Pointers                     : 614592 93459
 Primary type                 : Transport
 Nuclide ZAI                  : 741830
 Library ID                   : 03c
 Cross section data file      : /home/leonardo.zortea/mcnp/xs/acedata/74183ENDF7.ace
 Atomic weight (AW)           : 182.95166
 Atomic weight ratio (AWR)    : 181.38000
 Temperature                  : 300.0 Kelvin
 XS temperature               : 300.0 Kelvin
 Minimum and maximum energy   : 1.00000E-11 1.50000E+02
 Half-life                    : stable
 Specific ingestion toxicity  : 2.20E-08 Sv/Bq
 Specific inhalation toxicity : 3.50E-05 Sv/Bq

 - Nuclide is not involved in burnup calculation
 - Nuclide has neutron transport data
 - Nuclide has no photon transport data
 - Nuclide has no S(a,b) data
 - Nuclide has no isomeric branching data
 - Nuclide is not fissile
 - Nuclide is not a delayed neutron precursor
 - Nuclide has no delayed neutron data
 - Nuclide uses ures ptable data between 7.65000E-04 and 4.50000E-02 MeV
 - Nuclide temperature is not adjusted with TMS
 - Nuclide has no dosimetry data
 - Nuclide has decay data
 - Nuclide has no supplementary transmutation cross section data
 - Nuclide has no NFY data
 - Nuclide has no SFY data

 - 23 reaction channels
 - 5 special reactions
 - No transmutation reactions
 - No transmutation branch reactions
 - 1 decay reactions
 - No decay branch reactions
 - No transmutation paths
 - All reaction paths linked to target

 23 reactions channel:

   1    MT =      2  Q =  0.00000E+00 MeV  Emin = 1.00000E-11 MeV  frac = 1.00000E+00  : elastic scattering
   2    MT =      5  Q =  0.00000E+00 MeV  Emin = 2.00000E+01 MeV  frac = 1.00000E+00  : anything
   3    MT =     16  Q = -6.19040E+00 MeV  Emin = 6.22460E+00 MeV  frac = 1.00000E+00  : (n,2n)
   4    MT =     17  Q = -1.42530E+01 MeV  Emin = 1.43316E+01 MeV  frac = 1.00000E+00  : (n,3n)
   5    MT =     28  Q = -7.21900E+00 MeV  Emin = 1.15000E+01 MeV  frac = 1.00000E+00  : (n,np)
   6    MT =     51  Q = -4.70010E-02 MeV  Emin = 4.72601E-02 MeV  frac = 1.00000E+00  : inelastic scatt. to 1. excited state
   7    MT =     52  Q = -9.90040E-02 MeV  Emin = 9.95500E-02 MeV  frac = 1.00000E+00  : inelastic scatt. to 2. excited state
   8    MT =     53  Q = -2.06960E-01 MeV  Emin = 2.08101E-01 MeV  frac = 1.00000E+00  : inelastic scatt. to 3. excited state
   9    MT =     54  Q = -2.09050E-01 MeV  Emin = 2.10203E-01 MeV  frac = 1.00000E+00  : inelastic scatt. to 4. excited state
  10    MT =     55  Q = -2.91990E-01 MeV  Emin = 2.93600E-01 MeV  frac = 1.00000E+00  : inelastic scatt. to 5. excited state
  11    MT =     56  Q = -3.09000E-01 MeV  Emin = 3.10704E-01 MeV  frac = 1.00000E+00  : inelastic scatt. to 6. excited state
  12    MT =     57  Q = -3.09490E-01 MeV  Emin = 3.11200E-01 MeV  frac = 1.00000E+00  : inelastic scatt. to 7. excited state
  13    MT =     58  Q = -4.12030E-01 MeV  Emin = 4.14302E-01 MeV  frac = 1.00000E+00  : inelastic scatt. to 8. excited state
  14    MT =     59  Q = -4.53000E-01 MeV  Emin = 4.55500E-01 MeV  frac = 1.00000E+00  : inelastic scatt. to 9. excited state
  15    MT =     60  Q = -4.87010E-01 MeV  Emin = 4.89700E-01 MeV  frac = 1.00000E+00  : inelastic scatt. to 10. excited state
  16    MT =     61  Q = -5.54050E-01 MeV  Emin = 5.57105E-01 MeV  frac = 1.00000E+00  : inelastic scatt. to 11. excited state
  17    MT =     62  Q = -5.99990E-01 MeV  Emin = 6.03300E-01 MeV  frac = 1.00000E+00  : inelastic scatt. to 12. excited state
  18    MT =     63  Q = -6.19980E-01 MeV  Emin = 6.23400E-01 MeV  frac = 1.00000E+00  : inelastic scatt. to 13. excited state
  19    MT =     64  Q = -7.40020E-01 MeV  Emin = 7.44100E-01 MeV  frac = 1.00000E+00  : inelastic scatt. to 14. excited state
  20    MT =     91  Q = -7.40020E-01 MeV  Emin = 7.44100E-01 MeV  frac = 1.00000E+00  : inelastic scattering to continuum
  21    MT =    102  Q =  7.41180E+00 MeV  Emin = 1.00000E-11 MeV  frac = 1.00000E+00  : (n,gamma)
  22    MT =    103  Q = -2.86000E-01 MeV  Emin = 1.00000E+01 MeV  frac = 1.00000E+00  : (n,p)
  23    MT =    107  Q =  9.07850E+00 MeV  Emin = 1.10000E+01 MeV  frac = 1.00000E+00  : (n,alpha)

 5 special reactions:

   1    MT =    203  Q =  0.00000E+00 MeV  Emin = 1.00000E+01 MeV  : total proton production
   2    MT =    204  Q =  0.00000E+00 MeV  Emin = 2.00000E+01 MeV  : total deuteron production
   3    MT =    205  Q =  0.00000E+00 MeV  Emin = 2.00000E+01 MeV  : total triton production
   4    MT =    207  Q =  0.00000E+00 MeV  Emin = 1.10000E+01 MeV  : total alpha production
   5    MT =      4  Q =  0.00000E+00 MeV  Emin = 4.72601E-02 MeV  : total inelastic scattering

 1 decay reaction:

   1  RTYP = 4     Q =  1.68000E+00 MeV  frac = 1.00000E+00  : alpha

 Nuclide  121 / 130 : 74184.03c -- tungsten 184 (W-184)

 Pointers                     : 616785 93735
 Primary type                 : Transport
 Nuclide ZAI                  : 741840
 Library ID                   : 03c
 Cross section data file      : /home/leonardo.zortea/mcnp/xs/acedata/74184ENDF7.ace
 Atomic weight (AW)           : 183.95022
 Atomic weight ratio (AWR)    : 182.37000
 Temperature                  : 300.0 Kelvin
 XS temperature               : 300.0 Kelvin
 Minimum and maximum energy   : 1.00000E-11 1.50000E+02
 Half-life                    : stable
 Specific ingestion toxicity  : 1.20E-07 Sv/Bq
 Specific inhalation toxicity : 3.20E-08 Sv/Bq

 - Nuclide is not involved in burnup calculation
 - Nuclide has neutron transport data
 - Nuclide has no photon transport data
 - Nuclide has no S(a,b) data
 - Nuclide has isomeric branching data
 - Nuclide is not fissile
 - Nuclide is not a delayed neutron precursor
 - Nuclide has no delayed neutron data
 - Nuclide uses ures ptable data between 2.65000E-03 and 9.99999E-02 MeV
 - Nuclide temperature is not adjusted with TMS
 - Nuclide has no dosimetry data
 - Nuclide has decay data
 - Nuclide has no supplementary transmutation cross section data
 - Nuclide has no NFY data
 - Nuclide has no SFY data

 - 27 reaction channels
 - 5 special reactions
 - No transmutation reactions
 - 1 transmutation branch reactions
 - 1 decay reactions
 - No decay branch reactions
 - No transmutation paths
 - All reaction paths linked to target

 27 reactions channel:

   1    MT =      2  Q =  0.00000E+00 MeV  Emin = 1.00000E-11 MeV  frac = 1.00000E+00  : elastic scattering
   2    MT =      5  Q =  0.00000E+00 MeV  Emin = 2.00000E+01 MeV  frac = 1.00000E+00  : anything
   3    MT =     16  Q = -7.41140E+00 MeV  Emin = 7.45210E+00 MeV  frac = 1.00000E+00  : (n,2n)
   4    MT =     17  Q = -1.36020E+01 MeV  Emin = 1.36766E+01 MeV  frac = 1.00000E+00  : (n,3n)
   5    MT =     28  Q = -7.70000E+00 MeV  Emin = 1.20000E+01 MeV  frac = 1.00000E+00  : (n,np)
   6    MT =     51  Q = -1.11190E-01 MeV  Emin = 1.11800E-01 MeV  frac = 1.00000E+00  : inelastic scatt. to 1. excited state
   7    MT =     52  Q = -3.64050E-01 MeV  Emin = 3.66050E-01 MeV  frac = 1.00000E+00  : inelastic scatt. to 2. excited state
   8    MT =     53  Q = -7.48330E-01 MeV  Emin = 7.52433E-01 MeV  frac = 1.00000E+00  : inelastic scatt. to 3. excited state
   9    MT =     54  Q = -9.03290E-01 MeV  Emin = 9.08243E-01 MeV  frac = 1.00000E+00  : inelastic scatt. to 4. excited state
  10    MT =     55  Q = -1.00250E+00 MeV  Emin = 1.00800E+00 MeV  frac = 1.00000E+00  : inelastic scatt. to 5. excited state
  11    MT =     56  Q = -1.00650E+00 MeV  Emin = 1.01202E+00 MeV  frac = 1.00000E+00  : inelastic scatt. to 6. excited state
  12    MT =     57  Q = -1.12190E+00 MeV  Emin = 1.12805E+00 MeV  frac = 1.00000E+00  : inelastic scatt. to 7. excited state
  13    MT =     58  Q = -1.12990E+00 MeV  Emin = 1.13610E+00 MeV  frac = 1.00000E+00  : inelastic scatt. to 8. excited state
  14    MT =     59  Q = -1.13380E+00 MeV  Emin = 1.14002E+00 MeV  frac = 1.00000E+00  : inelastic scatt. to 9. excited state
  15    MT =     60  Q = -1.22140E+00 MeV  Emin = 1.22810E+00 MeV  frac = 1.00000E+00  : inelastic scatt. to 10. excited state
  16    MT =     61  Q = -1.28500E+00 MeV  Emin = 1.29205E+00 MeV  frac = 1.00000E+00  : inelastic scatt. to 11. excited state
  17    MT =     62  Q = -1.29400E+00 MeV  Emin = 1.30110E+00 MeV  frac = 1.00000E+00  : inelastic scatt. to 12. excited state
  18    MT =     63  Q = -1.32180E+00 MeV  Emin = 1.32905E+00 MeV  frac = 1.00000E+00  : inelastic scatt. to 13. excited state
  19    MT =     64  Q = -1.34470E+00 MeV  Emin = 1.35207E+00 MeV  frac = 1.00000E+00  : inelastic scatt. to 14. excited state
  20    MT =     65  Q = -1.35860E+00 MeV  Emin = 1.36605E+00 MeV  frac = 1.00000E+00  : inelastic scatt. to 15. excited state
  21    MT =     66  Q = -1.38650E+00 MeV  Emin = 1.39410E+00 MeV  frac = 1.00000E+00  : inelastic scatt. to 16. excited state
  22    MT =     67  Q = -1.42530E+00 MeV  Emin = 1.43312E+00 MeV  frac = 1.00000E+00  : inelastic scatt. to 17. excited state
  23    MT =     68  Q = -1.43120E+00 MeV  Emin = 1.43905E+00 MeV  frac = 1.00000E+00  : inelastic scatt. to 18. excited state
  24    MT =     91  Q = -4.97270E-01 MeV  Emin = 5.00000E-01 MeV  frac = 1.00000E+00  : inelastic scattering to continuum
  25    MT =    102  Q =  5.75378E+00 MeV  Emin = 1.00000E-11 MeV  frac = 1.00000E+00  : (n,gamma)
  26    MT =    103  Q = -2.08360E+00 MeV  Emin = 1.05000E+01 MeV  frac = 1.00000E+00  : (n,p)
  27    MT =    107  Q =  7.36200E+00 MeV  Emin = 1.10000E+01 MeV  frac = 1.00000E+00  : (n,alpha)

 1 additional transport branch:

   1    MT =    102  Q =  5.75378E+00 MeV  Emin = 1.00000E-11 MeV  frac = 1.00000E+00  : (n,gamma)

 5 special reactions:

   1    MT =    203  Q =  0.00000E+00 MeV  Emin = 1.05000E+01 MeV  : total proton production
   2    MT =    204  Q =  0.00000E+00 MeV  Emin = 1.95000E+01 MeV  : total deuteron production
   3    MT =    205  Q =  0.00000E+00 MeV  Emin = 1.95000E+01 MeV  : total triton production
   4    MT =    207  Q =  0.00000E+00 MeV  Emin = 1.10000E+01 MeV  : total alpha production
   5    MT =      4  Q =  0.00000E+00 MeV  Emin = 1.11800E-01 MeV  : total inelastic scattering

 1 decay reaction:

   1  RTYP = 4     Q =  1.65618E+00 MeV  frac = 1.00000E+00  : alpha

 Nuclide  122 / 130 : 74186.03c -- tungsten 186 (W-186)

 Pointers                     : 619357 94011
 Primary type                 : Transport
 Nuclide ZAI                  : 741860
 Library ID                   : 03c
 Cross section data file      : /home/leonardo.zortea/mcnp/xs/acedata/74186ENDF7.ace
 Atomic weight (AW)           : 185.95747
 Atomic weight ratio (AWR)    : 184.36000
 Temperature                  : 300.0 Kelvin
 XS temperature               : 300.0 Kelvin
 Minimum and maximum energy   : 1.00000E-11 1.50000E+02
 Half-life                    : stable
 Specific ingestion toxicity  : 1.10E-08 Sv/Bq
 Specific inhalation toxicity : 1.70E-05 Sv/Bq

 - Nuclide is not involved in burnup calculation
 - Nuclide has neutron transport data
 - Nuclide has no photon transport data
 - Nuclide has no S(a,b) data
 - Nuclide has no isomeric branching data
 - Nuclide is not fissile
 - Nuclide is not a delayed neutron precursor
 - Nuclide has no delayed neutron data
 - Nuclide uses ures ptable data between 3.20000E-03 and 9.99999E-02 MeV
 - Nuclide temperature is not adjusted with TMS
 - Nuclide has no dosimetry data
 - Nuclide has decay data
 - Nuclide has no supplementary transmutation cross section data
 - Nuclide has no NFY data
 - Nuclide has no SFY data

 - 27 reaction channels
 - 5 special reactions
 - No transmutation reactions
 - No transmutation branch reactions
 - 1 decay reactions
 - No decay branch reactions
 - No transmutation paths
 - All reaction paths linked to target

 27 reactions channel:

   1    MT =      2  Q =  0.00000E+00 MeV  Emin = 1.00000E-11 MeV  frac = 1.00000E+00  : elastic scattering
   2    MT =      5  Q =  0.00000E+00 MeV  Emin = 2.00000E+01 MeV  frac = 1.00000E+00  : anything
   3    MT =     16  Q = -7.19950E+00 MeV  Emin = 7.23860E+00 MeV  frac = 1.00000E+00  : (n,2n)
   4    MT =     17  Q = -1.29540E+01 MeV  Emin = 1.30243E+01 MeV  frac = 1.00000E+00  : (n,3n)
   5    MT =     28  Q = -8.42700E+00 MeV  Emin = 1.30000E+01 MeV  frac = 1.00000E+00  : (n,np)
   6    MT =     51  Q = -1.22340E-01 MeV  Emin = 1.23004E-01 MeV  frac = 1.00000E+00  : inelastic scatt. to 1. excited state
   7    MT =     52  Q = -3.96550E-01 MeV  Emin = 3.98701E-01 MeV  frac = 1.00000E+00  : inelastic scatt. to 2. excited state
   8    MT =     53  Q = -7.37530E-01 MeV  Emin = 7.41531E-01 MeV  frac = 1.00000E+00  : inelastic scatt. to 3. excited state
   9    MT =     54  Q = -8.08550E-01 MeV  Emin = 8.12936E-01 MeV  frac = 1.00000E+00  : inelastic scatt. to 4. excited state
  10    MT =     55  Q = -8.61870E-01 MeV  Emin = 8.66545E-01 MeV  frac = 1.00000E+00  : inelastic scatt. to 5. excited state
  11    MT =     56  Q = -8.82060E-01 MeV  Emin = 8.86845E-01 MeV  frac = 1.00000E+00  : inelastic scatt. to 6. excited state
  12    MT =     57  Q = -9.52480E-01 MeV  Emin = 9.57646E-01 MeV  frac = 1.00000E+00  : inelastic scatt. to 7. excited state
  13    MT =     58  Q = -1.00560E+00 MeV  Emin = 1.01106E+00 MeV  frac = 1.00000E+00  : inelastic scatt. to 8. excited state
  14    MT =     59  Q = -1.01550E+00 MeV  Emin = 1.02101E+00 MeV  frac = 1.00000E+00  : inelastic scatt. to 9. excited state
  15    MT =     60  Q = -1.03150E+00 MeV  Emin = 1.03710E+00 MeV  frac = 1.00000E+00  : inelastic scatt. to 10. excited state
  16    MT =     61  Q = -1.04540E+00 MeV  Emin = 1.05107E+00 MeV  frac = 1.00000E+00  : inelastic scatt. to 11. excited state
  17    MT =     62  Q = -1.14980E+00 MeV  Emin = 1.15604E+00 MeV  frac = 1.00000E+00  : inelastic scatt. to 12. excited state
  18    MT =     63  Q = -1.27910E+00 MeV  Emin = 1.28604E+00 MeV  frac = 1.00000E+00  : inelastic scatt. to 13. excited state
  19    MT =     64  Q = -1.28410E+00 MeV  Emin = 1.29107E+00 MeV  frac = 1.00000E+00  : inelastic scatt. to 14. excited state
  20    MT =     65  Q = -1.29800E+00 MeV  Emin = 1.30504E+00 MeV  frac = 1.00000E+00  : inelastic scatt. to 15. excited state
  21    MT =     66  Q = -1.31890E+00 MeV  Emin = 1.32605E+00 MeV  frac = 1.00000E+00  : inelastic scatt. to 16. excited state
  22    MT =     67  Q = -1.46310E+00 MeV  Emin = 1.47104E+00 MeV  frac = 1.00000E+00  : inelastic scatt. to 17. excited state
  23    MT =     68  Q = -1.51980E+00 MeV  Emin = 1.52805E+00 MeV  frac = 1.00000E+00  : inelastic scatt. to 18. excited state
  24    MT =     91  Q = -2.98380E-01 MeV  Emin = 3.00000E-01 MeV  frac = 1.00000E+00  : inelastic scattering to continuum
  25    MT =    102  Q =  5.46675E+00 MeV  Emin = 1.00000E-11 MeV  frac = 1.00000E+00  : (n,gamma)
  26    MT =    103  Q = -3.11560E+00 MeV  Emin = 1.15000E+01 MeV  frac = 1.00000E+00  : (n,p)
  27    MT =    107  Q =  6.41750E+00 MeV  Emin = 1.10000E+01 MeV  frac = 1.00000E+00  : (n,alpha)

 5 special reactions:

   1    MT =    203  Q =  0.00000E+00 MeV  Emin = 1.15000E+01 MeV  : total proton production
   2    MT =    204  Q =  0.00000E+00 MeV  Emin = 2.00000E+01 MeV  : total deuteron production
   3    MT =    205  Q =  0.00000E+00 MeV  Emin = 2.00000E+01 MeV  : total triton production
   4    MT =    207  Q =  0.00000E+00 MeV  Emin = 1.10000E+01 MeV  : total alpha production
   5    MT =      4  Q =  0.00000E+00 MeV  Emin = 1.23004E-01 MeV  : total inelastic scattering

 1 decay reaction:

   1  RTYP = 4     Q =  1.12411E+00 MeV  frac = 1.00000E+00  : alpha

 Nuclide  123 / 130 : 82204.03c -- lead 204 (Pb-204)

 Pointers                     : 408923 99531
 Primary type                 : Transport
 Nuclide ZAI                  : 822040
 Library ID                   : 03c
 Cross section data file      : /home/leonardo.zortea/mcnp/xs/acedata/82204ENDF7.ace
 Atomic weight (AW)           : 203.97303
 Atomic weight ratio (AWR)    : 202.22080
 Temperature                  : 300.0 Kelvin
 XS temperature               : 300.0 Kelvin
 Minimum and maximum energy   : 1.00000E-11 2.00000E+02
 Half-life                    : stable
 Specific ingestion toxicity  : 4.10E-08 Sv/Bq
 Specific inhalation toxicity : 6.00E-08 Sv/Bq

 - Nuclide is not involved in burnup calculation
 - Nuclide has neutron transport data
 - Nuclide has no photon transport data
 - Nuclide has no S(a,b) data
 - Nuclide has no isomeric branching data
 - Nuclide is not fissile
 - Nuclide is not a delayed neutron precursor
 - Nuclide has no delayed neutron data
 - Nuclide has no ures ptable data
 - Nuclide temperature is not adjusted with TMS
 - Nuclide has no dosimetry data
 - Nuclide has decay data
 - Nuclide has no supplementary transmutation cross section data
 - Nuclide has no NFY data
 - Nuclide has no SFY data

 - 39 reaction channels
 - 49 special reactions
 - No transmutation reactions
 - No transmutation branch reactions
 - No decay reactions
 - No decay branch reactions
 - No transmutation paths

 39 reactions channel:

   1    MT =      2  Q =  0.00000E+00 MeV  Emin = 1.00000E-11 MeV  frac = 1.00000E+00  : elastic scattering
   2    MT =      5  Q =  0.00000E+00 MeV  Emin = 5.00000E-02 MeV  frac = 1.00000E+00  : anything
   3    MT =     16  Q = -8.39430E+00 MeV  Emin = 8.43581E+00 MeV  frac = 1.00000E+00  : (n,2n)
   4    MT =     17  Q = -1.53183E+01 MeV  Emin = 1.53941E+01 MeV  frac = 1.00000E+00  : (n,3n)
   5    MT =     22  Q =  1.97177E+00 MeV  Emin = 4.99974E-02 MeV  frac = 1.00000E+00  : (n,nalpha)
   6    MT =     24  Q = -6.05648E+00 MeV  Emin = 1.15000E+01 MeV  frac = 1.00000E+00  : (n,2nalpha)
   7    MT =     28  Q = -6.63723E+00 MeV  Emin = 7.80000E+00 MeV  frac = 1.00000E+00  : (n,np)
   8    MT =     32  Q = -1.22618E+01 MeV  Emin = 1.45000E+01 MeV  frac = 1.00000E+00  : (n,nd)
   9    MT =     33  Q = -1.28772E+01 MeV  Emin = 1.50000E+01 MeV  frac = 1.00000E+00  : (n,nt)
  10    MT =     41  Q = -1.44864E+01 MeV  Emin = 1.60000E+01 MeV  frac = 1.00000E+00  : (n,2np)
  11    MT =     51  Q = -8.99171E-01 MeV  Emin = 9.03618E-01 MeV  frac = 1.00000E+00  : inelastic scatt. to 1. excited state
  12    MT =     52  Q = -1.27400E+00 MeV  Emin = 1.28030E+00 MeV  frac = 1.00000E+00  : inelastic scatt. to 2. excited state
  13    MT =     53  Q = -1.35117E+00 MeV  Emin = 1.35785E+00 MeV  frac = 1.00000E+00  : inelastic scatt. to 3. excited state
  14    MT =     54  Q = -1.56327E+00 MeV  Emin = 1.57100E+00 MeV  frac = 1.00000E+00  : inelastic scatt. to 4. excited state
  15    MT =     55  Q = -1.58250E+00 MeV  Emin = 1.59033E+00 MeV  frac = 1.00000E+00  : inelastic scatt. to 5. excited state
  16    MT =     56  Q = -1.58276E+00 MeV  Emin = 1.59059E+00 MeV  frac = 1.00000E+00  : inelastic scatt. to 6. excited state
  17    MT =     57  Q = -1.60476E+00 MeV  Emin = 1.61270E+00 MeV  frac = 1.00000E+00  : inelastic scatt. to 7. excited state
  18    MT =     58  Q = -1.66528E+00 MeV  Emin = 1.67352E+00 MeV  frac = 1.00000E+00  : inelastic scatt. to 8. excited state
  19    MT =     59  Q = -1.68120E+00 MeV  Emin = 1.68952E+00 MeV  frac = 1.00000E+00  : inelastic scatt. to 9. excited state
  20    MT =     60  Q = -1.71220E+00 MeV  Emin = 1.72067E+00 MeV  frac = 1.00000E+00  : inelastic scatt. to 10. excited state
  21    MT =     61  Q = -1.72997E+00 MeV  Emin = 1.73853E+00 MeV  frac = 1.00000E+00  : inelastic scatt. to 11. excited state
  22    MT =     62  Q = -1.76108E+00 MeV  Emin = 1.76979E+00 MeV  frac = 1.00000E+00  : inelastic scatt. to 12. excited state
  23    MT =     63  Q = -1.81745E+00 MeV  Emin = 1.82644E+00 MeV  frac = 1.00000E+00  : inelastic scatt. to 13. excited state
  24    MT =     64  Q = -1.87211E+00 MeV  Emin = 1.88137E+00 MeV  frac = 1.00000E+00  : inelastic scatt. to 14. excited state
  25    MT =     65  Q = -1.93329E+00 MeV  Emin = 1.94285E+00 MeV  frac = 1.00000E+00  : inelastic scatt. to 15. excited state
  26    MT =     66  Q = -1.94835E+00 MeV  Emin = 1.95799E+00 MeV  frac = 1.00000E+00  : inelastic scatt. to 16. excited state
  27    MT =     67  Q = -1.96036E+00 MeV  Emin = 1.97005E+00 MeV  frac = 1.00000E+00  : inelastic scatt. to 17. excited state
  28    MT =     68  Q = -2.06520E+00 MeV  Emin = 2.07541E+00 MeV  frac = 1.00000E+00  : inelastic scatt. to 18. excited state
  29    MT =     69  Q = -2.10548E+00 MeV  Emin = 2.11589E+00 MeV  frac = 1.00000E+00  : inelastic scatt. to 19. excited state
  30    MT =     70  Q = -2.15793E+00 MeV  Emin = 2.16860E+00 MeV  frac = 1.00000E+00  : inelastic scatt. to 20. excited state
  31    MT =     71  Q = -2.18579E+00 MeV  Emin = 2.19660E+00 MeV  frac = 1.00000E+00  : inelastic scatt. to 21. excited state
  32    MT =     91  Q = -2.18579E+00 MeV  Emin = 2.19660E+00 MeV  frac = 1.00000E+00  : inelastic scattering to continuum
  33    MT =    102  Q =  6.73151E+00 MeV  Emin = 1.00000E-11 MeV  frac = 1.00000E+00  : (n,gamma)
  34    MT =    103  Q =  1.86343E-02 MeV  Emin = 4.99974E-02 MeV  frac = 1.00000E+00  : (n,p)
  35    MT =    104  Q = -4.41266E+00 MeV  Emin = 6.20000E+00 MeV  frac = 1.00000E+00  : (n,d)
  36    MT =    105  Q = -6.00455E+00 MeV  Emin = 8.00000E+00 MeV  frac = 1.00000E+00  : (n,t)
  37    MT =    106  Q = -4.62136E+00 MeV  Emin = 1.05000E+01 MeV  frac = 1.00000E+00  : (n,He-3)
  38    MT =    107  Q =  8.20195E+00 MeV  Emin = 1.00000E-11 MeV  frac = 1.00000E+00  : (n,alpha)
  39    MT =    111  Q = -6.34671E+00 MeV  Emin = 1.15000E+01 MeV  frac = 1.00000E+00  : (n,2p)

 49 special reactions:

   1    MT =    203  Q =  0.00000E+00 MeV  Emin = 4.99974E-02 MeV  : total proton production
   2    MT =    204  Q =  0.00000E+00 MeV  Emin = 6.20000E+00 MeV  : total deuteron production
   3    MT =    205  Q =  0.00000E+00 MeV  Emin = 7.90000E+00 MeV  : total triton production
   4    MT =    206  Q =  0.00000E+00 MeV  Emin = 1.04382E+01 MeV  : total He-3 production
   5    MT =    207  Q =  0.00000E+00 MeV  Emin = 1.00000E-11 MeV  : total alpha production
   6    MT =    600  Q =  1.86343E-02 MeV  Emin = 4.99974E-02 MeV  : (n,p) to ground state
   7    MT =    601  Q = -1.21336E-01 MeV  Emin = 1.20000E+00 MeV  : (n,p1)
   8    MT =    602  Q = -1.27396E-01 MeV  Emin = 1.20000E+00 MeV  : (n,p2)
   9    MT =    603  Q = -2.81566E-01 MeV  Emin = 1.40000E+00 MeV  : (n,p3)
  10    MT =    604  Q = -3.00396E-01 MeV  Emin = 1.40000E+00 MeV  : (n,p4)
  11    MT =    605  Q = -3.29266E-01 MeV  Emin = 1.40000E+00 MeV  : (n,p5)
  12    MT =    606  Q = -3.95426E-01 MeV  Emin = 1.60000E+00 MeV  : (n,p6)
  13    MT =    607  Q = -4.06426E-01 MeV  Emin = 1.60000E+00 MeV  : (n,p7)
  14    MT =    608  Q = -4.13866E-01 MeV  Emin = 1.60000E+00 MeV  : (n,p8)
  15    MT =    609  Q = -4.53296E-01 MeV  Emin = 1.60000E+00 MeV  : (n,p9)
  16    MT =    610  Q = -4.69656E-01 MeV  Emin = 1.60000E+00 MeV  : (n,p10)
  17    MT =    649  Q = -4.69656E-01 MeV  Emin = 1.80000E+00 MeV  : (n,p) to continuum
  18    MT =    650  Q = -4.41266E+00 MeV  Emin = 6.20000E+00 MeV  : (n,d) to ground state
  19    MT =    651  Q = -4.69185E+00 MeV  Emin = 6.60000E+00 MeV  : (n,d1)
  20    MT =    652  Q = -5.09318E+00 MeV  Emin = 7.00000E+00 MeV  : (n,d2)
  21    MT =    653  Q = -5.45680E+00 MeV  Emin = 7.40000E+00 MeV  : (n,d3)
  22    MT =    654  Q = -5.47808E+00 MeV  Emin = 7.40000E+00 MeV  : (n,d4)
  23    MT =    655  Q = -5.48503E+00 MeV  Emin = 7.40000E+00 MeV  : (n,d5)
  24    MT =    699  Q = -5.48503E+00 MeV  Emin = 7.80000E+00 MeV  : (n,d) to continuum
  25    MT =    700  Q = -6.00455E+00 MeV  Emin = 8.00000E+00 MeV  : (n,t) to ground state
  26    MT =    701  Q = -6.19255E+00 MeV  Emin = 8.50000E+00 MeV  : (n,t1)
  27    MT =    702  Q = -6.31955E+00 MeV  Emin = 8.50000E+00 MeV  : (n,t2)
  28    MT =    703  Q = -6.35555E+00 MeV  Emin = 8.50000E+00 MeV  : (n,t3)
  29    MT =    704  Q = -6.49502E+00 MeV  Emin = 8.50000E+00 MeV  : (n,t4)
  30    MT =    705  Q = -6.63155E+00 MeV  Emin = 8.50000E+00 MeV  : (n,t5)
  31    MT =    749  Q = -6.63155E+00 MeV  Emin = 9.00000E+00 MeV  : (n,t) to continuum
  32    MT =    750  Q = -4.62136E+00 MeV  Emin = 1.05000E+01 MeV  : (n,He-3) to ground state
  33    MT =    751  Q = -5.06092E+00 MeV  Emin = 1.05000E+01 MeV  : (n,He-3_1)
  34    MT =    752  Q = -5.58130E+00 MeV  Emin = 1.15000E+01 MeV  : (n,He-3_2)
  35    MT =    753  Q = -5.74122E+00 MeV  Emin = 1.15000E+01 MeV  : (n,He-3_3)
  36    MT =    799  Q = -5.74122E+00 MeV  Emin = 1.30000E+01 MeV  : (n,He-3) to continuum
  37    MT =    800  Q =  8.20195E+00 MeV  Emin = 1.00000E-11 MeV  : (n,alpha) to ground state
  38    MT =    801  Q =  8.20039E+00 MeV  Emin = 1.00000E-11 MeV  : (n,a1)
  39    MT =    802  Q =  8.17568E+00 MeV  Emin = 1.00000E-11 MeV  : (n,a2)
  40    MT =    803  Q =  8.16981E+00 MeV  Emin = 1.00000E-11 MeV  : (n,a3)
  41    MT =    804  Q =  8.03450E+00 MeV  Emin = 1.00000E-11 MeV  : (n,a4)
  42    MT =    805  Q =  7.81735E+00 MeV  Emin = 1.00000E-11 MeV  : (n,a5)
  43    MT =    806  Q =  7.78743E+00 MeV  Emin = 1.00000E-11 MeV  : (n,a6)
  44    MT =    807  Q =  7.73754E+00 MeV  Emin = 1.00000E-11 MeV  : (n,a7)
  45    MT =    808  Q =  7.65865E+00 MeV  Emin = 1.00000E-11 MeV  : (n,a8)
  46    MT =    809  Q =  7.65463E+00 MeV  Emin = 1.00000E-11 MeV  : (n,a9)
  47    MT =    810  Q =  7.64891E+00 MeV  Emin = 1.00000E-11 MeV  : (n,a10)
  48    MT =    849  Q =  7.64891E+00 MeV  Emin = 1.00000E-11 MeV  : (n,alpha) to continuum
  49    MT =      4  Q =  0.00000E+00 MeV  Emin = 9.03618E-01 MeV  : total inelastic scattering

 Nuclide  124 / 130 : 82206.03c -- lead 206 (Pb-206)

 Pointers                     : 415364 99807
 Primary type                 : Transport
 Nuclide ZAI                  : 822060
 Library ID                   : 03c
 Cross section data file      : /home/leonardo.zortea/mcnp/xs/acedata/82206ENDF7.ace
 Atomic weight (AW)           : 205.97443
 Atomic weight ratio (AWR)    : 204.20500
 Temperature                  : 300.0 Kelvin
 XS temperature               : 300.0 Kelvin
 Minimum and maximum energy   : 1.00000E-11 2.00000E+02
 Half-life                    : stable
 Specific ingestion toxicity  : N/A
 Specific inhalation toxicity : N/A

 - Nuclide is not involved in burnup calculation
 - Nuclide has neutron transport data
 - Nuclide has no photon transport data
 - Nuclide has no S(a,b) data
 - Nuclide has isomeric branching data
 - Nuclide is not fissile
 - Nuclide is not a delayed neutron precursor
 - Nuclide has no delayed neutron data
 - Nuclide has no ures ptable data
 - Nuclide temperature is not adjusted with TMS
 - Nuclide has no dosimetry data
 - Nuclide has decay data
 - Nuclide has no supplementary transmutation cross section data
 - Nuclide has no NFY data
 - Nuclide has no SFY data

 - 42 reaction channels
 - 44 special reactions
 - No transmutation reactions
 - 1 transmutation branch reactions
 - No decay reactions
 - No decay branch reactions
 - No transmutation paths

 42 reactions channel:

   1    MT =      2  Q =  0.00000E+00 MeV  Emin = 1.00000E-11 MeV  frac = 1.00000E+00  : elastic scattering
   2    MT =      5  Q =  0.00000E+00 MeV  Emin = 9.00000E-01 MeV  frac = 1.00000E+00  : anything
   3    MT =     16  Q = -8.08819E+00 MeV  Emin = 8.12780E+00 MeV  frac = 1.00000E+00  : (n,2n)
   4    MT =     17  Q = -1.48197E+01 MeV  Emin = 1.48923E+01 MeV  frac = 1.00000E+00  : (n,3n)
   5    MT =     22  Q =  1.13656E+00 MeV  Emin = 8.06825E-01 MeV  frac = 1.00000E+00  : (n,nalpha)
   6    MT =     24  Q = -6.61775E+00 MeV  Emin = 1.20000E+01 MeV  frac = 1.00000E+00  : (n,2nalpha)
   7    MT =     28  Q = -7.25475E+00 MeV  Emin = 8.50000E+00 MeV  frac = 1.00000E+00  : (n,np)
   8    MT =     32  Q = -1.25765E+01 MeV  Emin = 1.45000E+01 MeV  frac = 1.00000E+00  : (n,nd)
   9    MT =     33  Q = -1.29751E+01 MeV  Emin = 1.50000E+01 MeV  frac = 1.00000E+00  : (n,nt)
  10    MT =     41  Q = -1.48011E+01 MeV  Emin = 1.60000E+01 MeV  frac = 1.00000E+00  : (n,2np)
  11    MT =     51  Q = -8.03100E-01 MeV  Emin = 8.07033E-01 MeV  frac = 1.00000E+00  : inelastic scatt. to 1. excited state
  12    MT =     52  Q = -1.16600E+00 MeV  Emin = 1.17171E+00 MeV  frac = 1.00000E+00  : inelastic scatt. to 2. excited state
  13    MT =     53  Q = -1.34054E+00 MeV  Emin = 1.34711E+00 MeV  frac = 1.00000E+00  : inelastic scatt. to 3. excited state
  14    MT =     54  Q = -1.46680E+00 MeV  Emin = 1.47398E+00 MeV  frac = 1.00000E+00  : inelastic scatt. to 4. excited state
  15    MT =     55  Q = -1.68404E+00 MeV  Emin = 1.69229E+00 MeV  frac = 1.00000E+00  : inelastic scatt. to 5. excited state
  16    MT =     56  Q = -1.70350E+00 MeV  Emin = 1.71184E+00 MeV  frac = 1.00000E+00  : inelastic scatt. to 6. excited state
  17    MT =     57  Q = -1.78420E+00 MeV  Emin = 1.79294E+00 MeV  frac = 1.00000E+00  : inelastic scatt. to 7. excited state
  18    MT =     58  Q = -1.99771E+00 MeV  Emin = 2.00749E+00 MeV  frac = 1.00000E+00  : inelastic scatt. to 8. excited state
  19    MT =     59  Q = -2.14790E+00 MeV  Emin = 2.15842E+00 MeV  frac = 1.00000E+00  : inelastic scatt. to 9. excited state
  20    MT =     60  Q = -2.19670E+00 MeV  Emin = 2.20746E+00 MeV  frac = 1.00000E+00  : inelastic scatt. to 10. excited state
  21    MT =     61  Q = -2.20021E+00 MeV  Emin = 2.21099E+00 MeV  frac = 1.00000E+00  : inelastic scatt. to 11. excited state
  22    MT =     62  Q = -2.23570E+00 MeV  Emin = 2.24665E+00 MeV  frac = 1.00000E+00  : inelastic scatt. to 12. excited state
  23    MT =     63  Q = -2.31500E+00 MeV  Emin = 2.32634E+00 MeV  frac = 1.00000E+00  : inelastic scatt. to 13. excited state
  24    MT =     64  Q = -2.38419E+00 MeV  Emin = 2.39587E+00 MeV  frac = 1.00000E+00  : inelastic scatt. to 14. excited state
  25    MT =     65  Q = -2.39139E+00 MeV  Emin = 2.40310E+00 MeV  frac = 1.00000E+00  : inelastic scatt. to 15. excited state
  26    MT =     66  Q = -2.42310E+00 MeV  Emin = 2.43497E+00 MeV  frac = 1.00000E+00  : inelastic scatt. to 16. excited state
  27    MT =     67  Q = -2.64784E+00 MeV  Emin = 2.66081E+00 MeV  frac = 1.00000E+00  : inelastic scatt. to 17. excited state
  28    MT =     68  Q = -2.65830E+00 MeV  Emin = 2.67132E+00 MeV  frac = 1.00000E+00  : inelastic scatt. to 18. excited state
  29    MT =     69  Q = -2.78222E+00 MeV  Emin = 2.79585E+00 MeV  frac = 1.00000E+00  : inelastic scatt. to 19. excited state
  30    MT =     70  Q = -2.82636E+00 MeV  Emin = 2.84020E+00 MeV  frac = 1.00000E+00  : inelastic scatt. to 20. excited state
  31    MT =     71  Q = -2.86459E+00 MeV  Emin = 2.87862E+00 MeV  frac = 1.00000E+00  : inelastic scatt. to 21. excited state
  32    MT =     72  Q = -2.92880E+00 MeV  Emin = 2.94314E+00 MeV  frac = 1.00000E+00  : inelastic scatt. to 22. excited state
  33    MT =     73  Q = -2.93964E+00 MeV  Emin = 2.95404E+00 MeV  frac = 1.00000E+00  : inelastic scatt. to 23. excited state
  34    MT =     74  Q = -2.96000E+00 MeV  Emin = 2.97450E+00 MeV  frac = 1.00000E+00  : inelastic scatt. to 24. excited state
  35    MT =     75  Q = -2.98400E+00 MeV  Emin = 2.99861E+00 MeV  frac = 1.00000E+00  : inelastic scatt. to 25. excited state
  36    MT =     91  Q = -2.98400E+00 MeV  Emin = 2.99861E+00 MeV  frac = 1.00000E+00  : inelastic scattering to continuum
  37    MT =    102  Q =  6.73779E+00 MeV  Emin = 1.00000E-11 MeV  frac = 1.00000E+00  : (n,gamma)
  38    MT =    103  Q = -7.51183E-01 MeV  Emin = 2.00000E+00 MeV  frac = 1.00000E+00  : (n,p)
  39    MT =    104  Q = -5.03018E+00 MeV  Emin = 6.80000E+00 MeV  frac = 1.00000E+00  : (n,d)
  40    MT =    105  Q = -6.31925E+00 MeV  Emin = 8.50000E+00 MeV  frac = 1.00000E+00  : (n,t)
  41    MT =    107  Q =  7.12926E+00 MeV  Emin = 1.00000E-11 MeV  frac = 1.00000E+00  : (n,alpha)
  42    MT =    108  Q =  6.82898E+00 MeV  Emin = 8.06825E-01 MeV  frac = 1.00000E+00  : (n,2alpha)

 1 additional transport branch:

   1    MT =    102  Q =  6.73779E+00 MeV  Emin = 1.00000E-11 MeV  frac = 1.00000E+00  : (n,gamma)

 44 special reactions:

   1    MT =    203  Q =  0.00000E+00 MeV  Emin = 2.00000E+00 MeV  : total proton production
   2    MT =    204  Q =  0.00000E+00 MeV  Emin = 6.80000E+00 MeV  : total deuteron production
   3    MT =    205  Q =  0.00000E+00 MeV  Emin = 8.50000E+00 MeV  : total triton production
   4    MT =    206  Q =  0.00000E+00 MeV  Emin = 2.00000E+01 MeV  : total He-3 production
   5    MT =    207  Q =  0.00000E+00 MeV  Emin = 1.00000E-11 MeV  : total alpha production
   6    MT =    600  Q = -7.51183E-01 MeV  Emin = 2.00000E+00 MeV  : (n,p) to ground state
   7    MT =    601  Q = -1.01701E+00 MeV  Emin = 2.20000E+00 MeV  : (n,p1)
   8    MT =    602  Q = -1.05608E+00 MeV  Emin = 2.20000E+00 MeV  : (n,p2)
   9    MT =    603  Q = -1.38620E+00 MeV  Emin = 2.60000E+00 MeV  : (n,p3)
  10    MT =    604  Q = -1.40060E+00 MeV  Emin = 2.60000E+00 MeV  : (n,p4)
  11    MT =    605  Q = -1.55254E+00 MeV  Emin = 2.80000E+00 MeV  : (n,p5)
  12    MT =    606  Q = -1.69108E+00 MeV  Emin = 3.00000E+00 MeV  : (n,p6)
  13    MT =    607  Q = -1.70335E+00 MeV  Emin = 2.80000E+00 MeV  : (n,p7)
  14    MT =    608  Q = -1.74935E+00 MeV  Emin = 3.00000E+00 MeV  : (n,p8)
  15    MT =    609  Q = -1.83078E+00 MeV  Emin = 3.00000E+00 MeV  : (n,p9)
  16    MT =    610  Q = -1.86918E+00 MeV  Emin = 3.00000E+00 MeV  : (n,p10)
  17    MT =    649  Q = -1.86918E+00 MeV  Emin = 3.40000E+00 MeV  : (n,p) to continuum
  18    MT =    650  Q = -5.03018E+00 MeV  Emin = 6.80000E+00 MeV  : (n,d) to ground state
  19    MT =    651  Q = -5.23393E+00 MeV  Emin = 7.00000E+00 MeV  : (n,d1)
  20    MT =    652  Q = -5.64962E+00 MeV  Emin = 7.40000E+00 MeV  : (n,d2)
  21    MT =    653  Q = -5.95396E+00 MeV  Emin = 7.80000E+00 MeV  : (n,d3)
  22    MT =    654  Q = -6.17095E+00 MeV  Emin = 8.00000E+00 MeV  : (n,d4)
  23    MT =    655  Q = -6.20418E+00 MeV  Emin = 8.00000E+00 MeV  : (n,d5)
  24    MT =    699  Q = -6.20418E+00 MeV  Emin = 8.50000E+00 MeV  : (n,d) to continuum
  25    MT =    700  Q = -6.31925E+00 MeV  Emin = 8.50000E+00 MeV  : (n,t) to ground state
  26    MT =    701  Q = -6.45922E+00 MeV  Emin = 8.50000E+00 MeV  : (n,t1)
  27    MT =    702  Q = -6.46528E+00 MeV  Emin = 8.50000E+00 MeV  : (n,t2)
  28    MT =    703  Q = -6.61945E+00 MeV  Emin = 8.50000E+00 MeV  : (n,t3)
  29    MT =    704  Q = -6.63828E+00 MeV  Emin = 8.50000E+00 MeV  : (n,t4)
  30    MT =    705  Q = -6.66715E+00 MeV  Emin = 8.50000E+00 MeV  : (n,t5)
  31    MT =    749  Q = -6.66715E+00 MeV  Emin = 9.00000E+00 MeV  : (n,t) to continuum
  32    MT =    800  Q =  7.12926E+00 MeV  Emin = 1.00000E-11 MeV  : (n,alpha) to ground state
  33    MT =    801  Q =  7.12176E+00 MeV  Emin = 1.00000E-11 MeV  : (n,a1)
  34    MT =    802  Q =  7.07876E+00 MeV  Emin = 1.00000E-11 MeV  : (n,a2)
  35    MT =    803  Q =  6.90406E+00 MeV  Emin = 1.00000E-11 MeV  : (n,a3)
  36    MT =    804  Q =  6.76036E+00 MeV  Emin = 1.00000E-11 MeV  : (n,a4)
  37    MT =    805  Q =  6.58056E+00 MeV  Emin = 1.00000E-11 MeV  : (n,a5)
  38    MT =    806  Q =  6.53776E+00 MeV  Emin = 1.00000E-11 MeV  : (n,a6)
  39    MT =    807  Q =  6.43926E+00 MeV  Emin = 1.00000E-11 MeV  : (n,a7)
  40    MT =    808  Q =  6.38126E+00 MeV  Emin = 1.00000E-11 MeV  : (n,a8)
  41    MT =    809  Q =  6.37376E+00 MeV  Emin = 1.00000E-11 MeV  : (n,a9)
  42    MT =    810  Q =  6.36326E+00 MeV  Emin = 1.00000E-11 MeV  : (n,a10)
  43    MT =    849  Q =  6.36326E+00 MeV  Emin = 1.00000E-11 MeV  : (n,alpha) to continuum
  44    MT =      4  Q =  0.00000E+00 MeV  Emin = 8.07033E-01 MeV  : total inelastic scattering

 Nuclide  125 / 130 : 82207.03c -- lead 207 (Pb-207)

 Pointers                     : 421752 100083
 Primary type                 : Transport
 Nuclide ZAI                  : 822070
 Library ID                   : 03c
 Cross section data file      : /home/leonardo.zortea/mcnp/xs/acedata/82207ENDF7.ace
 Atomic weight (AW)           : 206.97594
 Atomic weight ratio (AWR)    : 205.19790
 Temperature                  : 300.0 Kelvin
 XS temperature               : 300.0 Kelvin
 Minimum and maximum energy   : 1.00000E-11 2.00000E+02
 Half-life                    : stable
 Specific ingestion toxicity  : N/A
 Specific inhalation toxicity : N/A

 - Nuclide is not involved in burnup calculation
 - Nuclide has neutron transport data
 - Nuclide has no photon transport data
 - Nuclide has no S(a,b) data
 - Nuclide has no isomeric branching data
 - Nuclide is not fissile
 - Nuclide is not a delayed neutron precursor
 - Nuclide has no delayed neutron data
 - Nuclide has no ures ptable data
 - Nuclide temperature is not adjusted with TMS
 - Nuclide has no dosimetry data
 - Nuclide has decay data
 - Nuclide has no supplementary transmutation cross section data
 - Nuclide has no NFY data
 - Nuclide has no SFY data

 - 36 reaction channels
 - 44 special reactions
 - No transmutation reactions
 - No transmutation branch reactions
 - No decay reactions
 - No decay branch reactions
 - No transmutation paths

 36 reactions channel:

   1    MT =      2  Q =  0.00000E+00 MeV  Emin = 1.00000E-11 MeV  frac = 1.00000E+00  : elastic scattering
   2    MT =      5  Q =  0.00000E+00 MeV  Emin = 4.75000E-01 MeV  frac = 1.00000E+00  : anything
   3    MT =     16  Q = -6.73779E+00 MeV  Emin = 6.77063E+00 MeV  frac = 1.00000E+00  : (n,2n)
   4    MT =     17  Q = -1.48260E+01 MeV  Emin = 1.48983E+01 MeV  frac = 1.00000E+00  : (n,3n)
   5    MT =     22  Q =  3.91469E-01 MeV  Emin = 4.74991E-01 MeV  frac = 1.00000E+00  : (n,nalpha)
   6    MT =     24  Q = -5.60123E+00 MeV  Emin = 1.10000E+01 MeV  frac = 1.00000E+00  : (n,2nalpha)
   7    MT =     28  Q = -7.48898E+00 MeV  Emin = 9.00000E+00 MeV  frac = 1.00000E+00  : (n,np)
   8    MT =     32  Q = -1.17680E+01 MeV  Emin = 1.40000E+01 MeV  frac = 1.00000E+00  : (n,nd)
   9    MT =     33  Q = -1.30570E+01 MeV  Emin = 1.50000E+01 MeV  frac = 1.00000E+00  : (n,nt)
  10    MT =     41  Q = -1.39925E+01 MeV  Emin = 1.50000E+01 MeV  frac = 1.00000E+00  : (n,2np)
  11    MT =     51  Q = -5.69703E-01 MeV  Emin = 5.72480E-01 MeV  frac = 1.00000E+00  : inelastic scatt. to 1. excited state
  12    MT =     52  Q = -8.97800E-01 MeV  Emin = 9.02175E-01 MeV  frac = 1.00000E+00  : inelastic scatt. to 2. excited state
  13    MT =     53  Q = -1.63337E+00 MeV  Emin = 1.64133E+00 MeV  frac = 1.00000E+00  : inelastic scatt. to 3. excited state
  14    MT =     54  Q = -2.33995E+00 MeV  Emin = 2.35135E+00 MeV  frac = 1.00000E+00  : inelastic scatt. to 4. excited state
  15    MT =     55  Q = -2.62350E+00 MeV  Emin = 2.63629E+00 MeV  frac = 1.00000E+00  : inelastic scatt. to 5. excited state
  16    MT =     56  Q = -2.66240E+00 MeV  Emin = 2.67538E+00 MeV  frac = 1.00000E+00  : inelastic scatt. to 6. excited state
  17    MT =     57  Q = -2.70200E+00 MeV  Emin = 2.71517E+00 MeV  frac = 1.00000E+00  : inelastic scatt. to 7. excited state
  18    MT =     58  Q = -2.72700E+00 MeV  Emin = 2.74029E+00 MeV  frac = 1.00000E+00  : inelastic scatt. to 8. excited state
  19    MT =     59  Q = -3.18000E+00 MeV  Emin = 3.19550E+00 MeV  frac = 1.00000E+00  : inelastic scatt. to 9. excited state
  20    MT =     60  Q = -3.20200E+00 MeV  Emin = 3.21760E+00 MeV  frac = 1.00000E+00  : inelastic scatt. to 10. excited state
  21    MT =     61  Q = -3.22400E+00 MeV  Emin = 3.23971E+00 MeV  frac = 1.00000E+00  : inelastic scatt. to 11. excited state
  22    MT =     62  Q = -3.30500E+00 MeV  Emin = 3.32111E+00 MeV  frac = 1.00000E+00  : inelastic scatt. to 12. excited state
  23    MT =     63  Q = -3.38400E+00 MeV  Emin = 3.40049E+00 MeV  frac = 1.00000E+00  : inelastic scatt. to 13. excited state
  24    MT =     64  Q = -3.41400E+00 MeV  Emin = 3.43064E+00 MeV  frac = 1.00000E+00  : inelastic scatt. to 14. excited state
  25    MT =     65  Q = -3.42800E+00 MeV  Emin = 3.44471E+00 MeV  frac = 1.00000E+00  : inelastic scatt. to 15. excited state
  26    MT =     66  Q = -3.45000E+00 MeV  Emin = 3.46681E+00 MeV  frac = 1.00000E+00  : inelastic scatt. to 16. excited state
  27    MT =     67  Q = -3.47700E+00 MeV  Emin = 3.49395E+00 MeV  frac = 1.00000E+00  : inelastic scatt. to 17. excited state
  28    MT =     68  Q = -3.51000E+00 MeV  Emin = 3.52711E+00 MeV  frac = 1.00000E+00  : inelastic scatt. to 18. excited state
  29    MT =     69  Q = -3.58300E+00 MeV  Emin = 3.60046E+00 MeV  frac = 1.00000E+00  : inelastic scatt. to 19. excited state
  30    MT =     70  Q = -3.60000E+00 MeV  Emin = 3.61754E+00 MeV  frac = 1.00000E+00  : inelastic scatt. to 20. excited state
  31    MT =     91  Q = -3.60000E+00 MeV  Emin = 3.61754E+00 MeV  frac = 1.00000E+00  : inelastic scattering to continuum
  32    MT =    102  Q =  7.36782E+00 MeV  Emin = 1.00000E-11 MeV  frac = 1.00000E+00  : (n,gamma)
  33    MT =    103  Q = -6.40320E-01 MeV  Emin = 1.80000E+00 MeV  frac = 1.00000E+00  : (n,p)
  34    MT =    104  Q = -5.26440E+00 MeV  Emin = 7.20000E+00 MeV  frac = 1.00000E+00  : (n,d)
  35    MT =    105  Q = -5.51073E+00 MeV  Emin = 7.60000E+00 MeV  frac = 1.00000E+00  : (n,t)
  36    MT =    107  Q =  7.88662E+00 MeV  Emin = 1.00000E-11 MeV  frac = 1.00000E+00  : (n,alpha)

 44 special reactions:

   1    MT =    203  Q =  0.00000E+00 MeV  Emin = 1.80000E+00 MeV  : total proton production
   2    MT =    204  Q =  0.00000E+00 MeV  Emin = 7.20000E+00 MeV  : total deuteron production
   3    MT =    205  Q =  0.00000E+00 MeV  Emin = 7.60000E+00 MeV  : total triton production
   4    MT =    206  Q =  0.00000E+00 MeV  Emin = 2.00000E+01 MeV  : total He-3 production
   5    MT =    207  Q =  0.00000E+00 MeV  Emin = 1.00000E-11 MeV  : total alpha production
   6    MT =    600  Q = -6.40320E-01 MeV  Emin = 1.80000E+00 MeV  : (n,p) to ground state
   7    MT =    601  Q = -9.91379E-01 MeV  Emin = 2.20000E+00 MeV  : (n,p1)
   8    MT =    602  Q = -1.98842E+00 MeV  Emin = 3.20000E+00 MeV  : (n,p2)
   9    MT =    603  Q = -2.32302E+00 MeV  Emin = 3.40000E+00 MeV  : (n,p3)
  10    MT =    604  Q = -3.31552E+00 MeV  Emin = 4.20000E+00 MeV  : (n,p4)
  11    MT =    605  Q = -3.34942E+00 MeV  Emin = 4.60000E+00 MeV  : (n,p5)
  12    MT =    606  Q = -3.55222E+00 MeV  Emin = 4.80000E+00 MeV  : (n,p6)
  13    MT =    607  Q = -3.62562E+00 MeV  Emin = 4.80000E+00 MeV  : (n,p7)
  14    MT =    608  Q = -3.74472E+00 MeV  Emin = 5.00000E+00 MeV  : (n,p8)
  15    MT =    609  Q = -3.78332E+00 MeV  Emin = 5.00000E+00 MeV  : (n,p9)
  16    MT =    610  Q = -3.85032E+00 MeV  Emin = 5.00000E+00 MeV  : (n,p10)
  17    MT =    649  Q = -3.85032E+00 MeV  Emin = 5.60000E+00 MeV  : (n,p) to continuum
  18    MT =    650  Q = -5.26440E+00 MeV  Emin = 7.20000E+00 MeV  : (n,d) to ground state
  19    MT =    651  Q = -5.53024E+00 MeV  Emin = 7.40000E+00 MeV  : (n,d1)
  20    MT =    652  Q = -5.56930E+00 MeV  Emin = 7.40000E+00 MeV  : (n,d2)
  21    MT =    653  Q = -5.89942E+00 MeV  Emin = 7.80000E+00 MeV  : (n,d3)
  22    MT =    654  Q = -5.91382E+00 MeV  Emin = 7.80000E+00 MeV  : (n,d4)
  23    MT =    655  Q = -6.06576E+00 MeV  Emin = 8.00000E+00 MeV  : (n,d5)
  24    MT =    699  Q = -6.06576E+00 MeV  Emin = 8.00000E+00 MeV  : (n,d) to continuum
  25    MT =    700  Q = -5.51073E+00 MeV  Emin = 7.60000E+00 MeV  : (n,t) to ground state
  26    MT =    701  Q = -5.71447E+00 MeV  Emin = 7.80000E+00 MeV  : (n,t1)
  27    MT =    702  Q = -6.13016E+00 MeV  Emin = 8.00000E+00 MeV  : (n,t2)
  28    MT =    703  Q = -6.43451E+00 MeV  Emin = 8.50000E+00 MeV  : (n,t3)
  29    MT =    704  Q = -6.65150E+00 MeV  Emin = 8.50000E+00 MeV  : (n,t4)
  30    MT =    705  Q = -6.68473E+00 MeV  Emin = 8.50000E+00 MeV  : (n,t5)
  31    MT =    749  Q = -6.68473E+00 MeV  Emin = 9.00000E+00 MeV  : (n,t) to continuum
  32    MT =    800  Q =  7.88662E+00 MeV  Emin = 1.00000E-11 MeV  : (n,alpha) to ground state
  33    MT =    801  Q =  7.45007E+00 MeV  Emin = 1.00000E-11 MeV  : (n,a1)
  34    MT =    802  Q =  6.75827E+00 MeV  Emin = 1.00000E-11 MeV  : (n,a2)
  35    MT =    803  Q =  6.25086E+00 MeV  Emin = 1.00000E-11 MeV  : (n,a3)
  36    MT =    804  Q =  6.16986E+00 MeV  Emin = 1.00000E-11 MeV  : (n,a4)
  37    MT =    805  Q =  6.05786E+00 MeV  Emin = 1.00000E-11 MeV  : (n,a5)
  38    MT =    806  Q =  6.04520E+00 MeV  Emin = 1.00000E-11 MeV  : (n,a6)
  39    MT =    807  Q =  6.03527E+00 MeV  Emin = 1.00000E-11 MeV  : (n,a7)
  40    MT =    808  Q =  5.93894E+00 MeV  Emin = 1.00000E-11 MeV  : (n,a8)
  41    MT =    809  Q =  5.89728E+00 MeV  Emin = 1.00000E-11 MeV  : (n,a9)
  42    MT =    810  Q =  5.79801E+00 MeV  Emin = 1.00000E-11 MeV  : (n,a10)
  43    MT =    849  Q =  5.79801E+00 MeV  Emin = 1.00000E-11 MeV  : (n,alpha) to continuum
  44    MT =      4  Q =  0.00000E+00 MeV  Emin = 5.72480E-01 MeV  : total inelastic scattering

 Nuclide  126 / 130 : 82208.03c -- lead 208 (Pb-208)

 Pointers                     : 427617 100359
 Primary type                 : Transport
 Nuclide ZAI                  : 822080
 Library ID                   : 03c
 Cross section data file      : /home/leonardo.zortea/mcnp/xs/acedata/82208ENDF7.ace
 Atomic weight (AW)           : 207.97663
 Atomic weight ratio (AWR)    : 206.19000
 Temperature                  : 300.0 Kelvin
 XS temperature               : 300.0 Kelvin
 Minimum and maximum energy   : 1.00000E-11 1.50000E+02
 Half-life                    : stable
 Specific ingestion toxicity  : N/A
 Specific inhalation toxicity : N/A

 - Nuclide is not involved in burnup calculation
 - Nuclide has neutron transport data
 - Nuclide has no photon transport data
 - Nuclide has no S(a,b) data
 - Nuclide has no isomeric branching data
 - Nuclide is not fissile
 - Nuclide is not a delayed neutron precursor
 - Nuclide has no delayed neutron data
 - Nuclide has no ures ptable data
 - Nuclide temperature is not adjusted with TMS
 - Nuclide has no dosimetry data
 - Nuclide has decay data
 - Nuclide has no supplementary transmutation cross section data
 - Nuclide has no NFY data
 - Nuclide has no SFY data

 - 57 reaction channels
 - 66 special reactions
 - No transmutation reactions
 - No transmutation branch reactions
 - No decay reactions
 - No decay branch reactions
 - No transmutation paths

 57 reactions channel:

   1    MT =      2  Q =  0.00000E+00 MeV  Emin = 1.00000E-11 MeV  frac = 1.00000E+00  : elastic scattering
   2    MT =      5  Q =  0.00000E+00 MeV  Emin = 9.99999E-01 MeV  frac = 1.00000E+00  : anything
   3    MT =     16  Q = -7.36788E+00 MeV  Emin = 7.40361E+00 MeV  frac = 1.00000E+00  : (n,2n)
   4    MT =     17  Q = -1.41057E+01 MeV  Emin = 1.41741E+01 MeV  frac = 1.00000E+00  : (n,3n)
   5    MT =     22  Q =  5.18807E-01 MeV  Emin = 1.75000E-05 MeV  frac = 1.00000E+00  : (n,nalpha)
   6    MT =     24  Q = -6.97641E+00 MeV  Emin = 7.01025E+00 MeV  frac = 1.00000E+00  : (n,2nalpha)
   7    MT =     28  Q = -8.00820E+00 MeV  Emin = 8.04704E+00 MeV  frac = 1.00000E+00  : (n,np)
   8    MT =     32  Q = -1.26323E+01 MeV  Emin = 1.26936E+01 MeV  frac = 1.00000E+00  : (n,nd)
   9    MT =     33  Q = -1.28786E+01 MeV  Emin = 1.29411E+01 MeV  frac = 1.00000E+00  : (n,nt)
  10    MT =     37  Q = -2.21940E+01 MeV  Emin = 2.23016E+01 MeV  frac = 1.00000E+00  : (n,4n)
  11    MT =     41  Q = -1.48569E+01 MeV  Emin = 1.49290E+01 MeV  frac = 1.00000E+00  : (n,2np)
  12    MT =     51  Q = -2.61455E+00 MeV  Emin = 2.62723E+00 MeV  frac = 1.00000E+00  : inelastic scatt. to 1. excited state
  13    MT =     52  Q = -3.19774E+00 MeV  Emin = 3.21325E+00 MeV  frac = 1.00000E+00  : inelastic scatt. to 2. excited state
  14    MT =     53  Q = -3.47511E+00 MeV  Emin = 3.49196E+00 MeV  frac = 1.00000E+00  : inelastic scatt. to 3. excited state
  15    MT =     54  Q = -3.70844E+00 MeV  Emin = 3.72643E+00 MeV  frac = 1.00000E+00  : inelastic scatt. to 4. excited state
  16    MT =     55  Q = -3.91980E+00 MeV  Emin = 3.93881E+00 MeV  frac = 1.00000E+00  : inelastic scatt. to 5. excited state
  17    MT =     56  Q = -3.94644E+00 MeV  Emin = 3.96558E+00 MeV  frac = 1.00000E+00  : inelastic scatt. to 6. excited state
  18    MT =     57  Q = -3.96096E+00 MeV  Emin = 3.98017E+00 MeV  frac = 1.00000E+00  : inelastic scatt. to 7. excited state
  19    MT =     58  Q = -3.99570E+00 MeV  Emin = 4.01508E+00 MeV  frac = 1.00000E+00  : inelastic scatt. to 8. excited state
  20    MT =     59  Q = -4.03700E+00 MeV  Emin = 4.05658E+00 MeV  frac = 1.00000E+00  : inelastic scatt. to 9. excited state
  21    MT =     60  Q = -4.04500E+00 MeV  Emin = 4.06462E+00 MeV  frac = 1.00000E+00  : inelastic scatt. to 10. excited state
  22    MT =     61  Q = -4.05050E+00 MeV  Emin = 4.07015E+00 MeV  frac = 1.00000E+00  : inelastic scatt. to 11. excited state
  23    MT =     62  Q = -4.08540E+00 MeV  Emin = 4.10522E+00 MeV  frac = 1.00000E+00  : inelastic scatt. to 12. excited state
  24    MT =     63  Q = -4.10600E+00 MeV  Emin = 4.12591E+00 MeV  frac = 1.00000E+00  : inelastic scatt. to 13. excited state
  25    MT =     64  Q = -4.12531E+00 MeV  Emin = 4.14532E+00 MeV  frac = 1.00000E+00  : inelastic scatt. to 14. excited state
  26    MT =     65  Q = -4.14100E+00 MeV  Emin = 4.16108E+00 MeV  frac = 1.00000E+00  : inelastic scatt. to 15. excited state
  27    MT =     66  Q = -4.15900E+00 MeV  Emin = 4.17917E+00 MeV  frac = 1.00000E+00  : inelastic scatt. to 16. excited state
  28    MT =     67  Q = -4.18041E+00 MeV  Emin = 4.20069E+00 MeV  frac = 1.00000E+00  : inelastic scatt. to 17. excited state
  29    MT =     68  Q = -4.20540E+00 MeV  Emin = 4.22580E+00 MeV  frac = 1.00000E+00  : inelastic scatt. to 18. excited state
  30    MT =     69  Q = -4.22950E+00 MeV  Emin = 4.25001E+00 MeV  frac = 1.00000E+00  : inelastic scatt. to 19. excited state
  31    MT =     70  Q = -4.23000E+00 MeV  Emin = 4.25052E+00 MeV  frac = 1.00000E+00  : inelastic scatt. to 20. excited state
  32    MT =     71  Q = -4.25350E+00 MeV  Emin = 4.27413E+00 MeV  frac = 1.00000E+00  : inelastic scatt. to 21. excited state
  33    MT =     72  Q = -4.26240E+00 MeV  Emin = 4.28307E+00 MeV  frac = 1.00000E+00  : inelastic scatt. to 22. excited state
  34    MT =     73  Q = -4.29617E+00 MeV  Emin = 4.31701E+00 MeV  frac = 1.00000E+00  : inelastic scatt. to 23. excited state
  35    MT =     74  Q = -4.31800E+00 MeV  Emin = 4.33894E+00 MeV  frac = 1.00000E+00  : inelastic scatt. to 24. excited state
  36    MT =     75  Q = -4.32320E+00 MeV  Emin = 4.34417E+00 MeV  frac = 1.00000E+00  : inelastic scatt. to 25. excited state
  37    MT =     76  Q = -4.35846E+00 MeV  Emin = 4.37960E+00 MeV  frac = 1.00000E+00  : inelastic scatt. to 26. excited state
  38    MT =     77  Q = -4.38290E+00 MeV  Emin = 4.40416E+00 MeV  frac = 1.00000E+00  : inelastic scatt. to 27. excited state
  39    MT =     78  Q = -4.40300E+00 MeV  Emin = 4.42436E+00 MeV  frac = 1.00000E+00  : inelastic scatt. to 28. excited state
  40    MT =     79  Q = -4.42200E+00 MeV  Emin = 4.44345E+00 MeV  frac = 1.00000E+00  : inelastic scatt. to 29. excited state
  41    MT =     80  Q = -4.44400E+00 MeV  Emin = 4.46555E+00 MeV  frac = 1.00000E+00  : inelastic scatt. to 30. excited state
  42    MT =     81  Q = -4.46300E+00 MeV  Emin = 4.48465E+00 MeV  frac = 1.00000E+00  : inelastic scatt. to 31. excited state
  43    MT =     82  Q = -4.48050E+00 MeV  Emin = 4.50223E+00 MeV  frac = 1.00000E+00  : inelastic scatt. to 32. excited state
  44    MT =     83  Q = -4.57700E+00 MeV  Emin = 4.59920E+00 MeV  frac = 1.00000E+00  : inelastic scatt. to 33. excited state
  45    MT =     84  Q = -4.61000E+00 MeV  Emin = 4.63236E+00 MeV  frac = 1.00000E+00  : inelastic scatt. to 34. excited state
  46    MT =     85  Q = -4.62600E+00 MeV  Emin = 4.64844E+00 MeV  frac = 1.00000E+00  : inelastic scatt. to 35. excited state
  47    MT =     86  Q = -4.68000E+00 MeV  Emin = 4.70270E+00 MeV  frac = 1.00000E+00  : inelastic scatt. to 36. excited state
  48    MT =     87  Q = -4.69820E+00 MeV  Emin = 4.72099E+00 MeV  frac = 1.00000E+00  : inelastic scatt. to 37. excited state
  49    MT =     88  Q = -4.71100E+00 MeV  Emin = 4.73385E+00 MeV  frac = 1.00000E+00  : inelastic scatt. to 38. excited state
  50    MT =     89  Q = -4.76200E+00 MeV  Emin = 4.78510E+00 MeV  frac = 1.00000E+00  : inelastic scatt. to 39. excited state
  51    MT =     90  Q = -4.83000E+00 MeV  Emin = 4.85343E+00 MeV  frac = 1.00000E+00  : inelastic scatt. to 40. excited state
  52    MT =     91  Q = -4.83000E+00 MeV  Emin = 4.85343E+00 MeV  frac = 1.00000E+00  : inelastic scattering to continuum
  53    MT =    102  Q =  3.93738E+00 MeV  Emin = 1.00000E-11 MeV  frac = 1.00000E+00  : (n,gamma)
  54    MT =    103  Q = -4.21869E+00 MeV  Emin = 4.23915E+00 MeV  frac = 1.00000E+00  : (n,p)
  55    MT =    104  Q = -5.78361E+00 MeV  Emin = 5.81166E+00 MeV  frac = 1.00000E+00  : (n,d)
  56    MT =    105  Q = -6.37502E+00 MeV  Emin = 6.40594E+00 MeV  frac = 1.00000E+00  : (n,t)
  57    MT =    107  Q =  6.18649E+00 MeV  Emin = 1.00000E-11 MeV  frac = 1.00000E+00  : (n,alpha)

 66 special reactions:

   1    MT =    203  Q =  0.00000E+00 MeV  Emin = 4.23915E+00 MeV  : total proton production
   2    MT =    204  Q =  0.00000E+00 MeV  Emin = 5.81166E+00 MeV  : total deuteron production
   3    MT =    205  Q =  0.00000E+00 MeV  Emin = 6.40594E+00 MeV  : total triton production
   4    MT =    207  Q =  0.00000E+00 MeV  Emin = 1.00000E-11 MeV  : total alpha production
   5    MT =    600  Q = -4.21869E+00 MeV  Emin = 4.23915E+00 MeV  : (n,p) to ground state
   6    MT =    601  Q = -4.25855E+00 MeV  Emin = 4.27920E+00 MeV  : (n,p1)
   7    MT =    602  Q = -4.54663E+00 MeV  Emin = 4.56868E+00 MeV  : (n,p2)
   8    MT =    603  Q = -4.69226E+00 MeV  Emin = 4.71502E+00 MeV  : (n,p3)
   9    MT =    604  Q = -4.71138E+00 MeV  Emin = 4.73423E+00 MeV  : (n,p4)
  10    MT =    605  Q = -4.83909E+00 MeV  Emin = 4.86256E+00 MeV  : (n,p5)
  11    MT =    606  Q = -4.97769E+00 MeV  Emin = 5.00183E+00 MeV  : (n,p6)
  12    MT =    607  Q = -5.02569E+00 MeV  Emin = 5.05006E+00 MeV  : (n,p7)
  13    MT =    649  Q = -5.02569E+00 MeV  Emin = 5.05007E+00 MeV  : (n,p) to continuum
  14    MT =    650  Q = -5.78361E+00 MeV  Emin = 5.81166E+00 MeV  : (n,d) to ground state
  15    MT =    651  Q = -6.13467E+00 MeV  Emin = 6.16442E+00 MeV  : (n,d1)
  16    MT =    652  Q = -7.13171E+00 MeV  Emin = 7.16630E+00 MeV  : (n,d2)
  17    MT =    653  Q = -7.46631E+00 MeV  Emin = 7.50252E+00 MeV  : (n,d3)
  18    MT =    654  Q = -8.45881E+00 MeV  Emin = 8.49983E+00 MeV  : (n,d4)
  19    MT =    655  Q = -8.49271E+00 MeV  Emin = 8.53390E+00 MeV  : (n,d5)
  20    MT =    656  Q = -8.69551E+00 MeV  Emin = 8.73768E+00 MeV  : (n,d6)
  21    MT =    657  Q = -8.76891E+00 MeV  Emin = 8.81144E+00 MeV  : (n,d7)
  22    MT =    658  Q = -8.88801E+00 MeV  Emin = 8.93112E+00 MeV  : (n,d8)
  23    MT =    659  Q = -8.92661E+00 MeV  Emin = 8.96990E+00 MeV  : (n,d9)
  24    MT =    660  Q = -8.99361E+00 MeV  Emin = 9.03723E+00 MeV  : (n,d10)
  25    MT =    661  Q = -9.05631E+00 MeV  Emin = 9.10023E+00 MeV  : (n,d11)
  26    MT =    662  Q = -9.07921E+00 MeV  Emin = 9.12324E+00 MeV  : (n,d12)
  27    MT =    663  Q = -9.11921E+00 MeV  Emin = 9.16344E+00 MeV  : (n,d13)
  28    MT =    664  Q = -9.14181E+00 MeV  Emin = 9.18615E+00 MeV  : (n,d14)
  29    MT =    665  Q = -9.22861E+00 MeV  Emin = 9.27337E+00 MeV  : (n,d15)
  30    MT =    666  Q = -9.25761E+00 MeV  Emin = 9.30251E+00 MeV  : (n,d16)
  31    MT =    699  Q = -9.25761E+00 MeV  Emin = 9.30251E+00 MeV  : (n,d) to continuum
  32    MT =    700  Q = -6.37502E+00 MeV  Emin = 6.40594E+00 MeV  : (n,t) to ground state
  33    MT =    701  Q = -6.64085E+00 MeV  Emin = 6.67306E+00 MeV  : (n,t1)
  34    MT =    702  Q = -6.67992E+00 MeV  Emin = 6.71232E+00 MeV  : (n,t2)
  35    MT =    703  Q = -7.01004E+00 MeV  Emin = 7.04404E+00 MeV  : (n,t3)
  36    MT =    704  Q = -7.02444E+00 MeV  Emin = 7.05851E+00 MeV  : (n,t4)
  37    MT =    705  Q = -7.17638E+00 MeV  Emin = 7.21119E+00 MeV  : (n,t5)
  38    MT =    706  Q = -7.31492E+00 MeV  Emin = 7.35040E+00 MeV  : (n,t6)
  39    MT =    707  Q = -7.32719E+00 MeV  Emin = 7.36273E+00 MeV  : (n,t7)
  40    MT =    708  Q = -7.37319E+00 MeV  Emin = 7.40895E+00 MeV  : (n,t8)
  41    MT =    709  Q = -7.45462E+00 MeV  Emin = 7.49078E+00 MeV  : (n,t9)
  42    MT =    710  Q = -7.49302E+00 MeV  Emin = 7.52936E+00 MeV  : (n,t10)
  43    MT =    711  Q = -7.58102E+00 MeV  Emin = 7.61779E+00 MeV  : (n,t11)
  44    MT =    712  Q = -7.63202E+00 MeV  Emin = 7.66904E+00 MeV  : (n,t12)
  45    MT =    713  Q = -7.70902E+00 MeV  Emin = 7.74641E+00 MeV  : (n,t13)
  46    MT =    714  Q = -7.73536E+00 MeV  Emin = 7.77288E+00 MeV  : (n,t14)
  47    MT =    715  Q = -7.77502E+00 MeV  Emin = 7.81273E+00 MeV  : (n,t15)
  48    MT =    716  Q = -7.78049E+00 MeV  Emin = 7.81823E+00 MeV  : (n,t16)
  49    MT =    717  Q = -7.82802E+00 MeV  Emin = 7.86599E+00 MeV  : (n,t17)
  50    MT =    718  Q = -7.84802E+00 MeV  Emin = 7.88608E+00 MeV  : (n,t18)
  51    MT =    719  Q = -7.85802E+00 MeV  Emin = 7.89613E+00 MeV  : (n,t19)
  52    MT =    720  Q = -7.86482E+00 MeV  Emin = 7.90297E+00 MeV  : (n,t20)
  53    MT =    721  Q = -7.99674E+00 MeV  Emin = 8.03553E+00 MeV  : (n,t21)
  54    MT =    722  Q = -8.00602E+00 MeV  Emin = 8.04485E+00 MeV  : (n,t22)
  55    MT =    723  Q = -8.02502E+00 MeV  Emin = 8.06394E+00 MeV  : (n,t23)
  56    MT =    749  Q = -8.02502E+00 MeV  Emin = 8.06394E+00 MeV  : (n,t) to continuum
  57    MT =    800  Q =  6.18649E+00 MeV  Emin = 1.00000E-11 MeV  : (n,alpha) to ground state
  58    MT =    801  Q =  5.80701E+00 MeV  Emin = 1.00000E-11 MeV  : (n,a1)
  59    MT =    802  Q =  5.71898E+00 MeV  Emin = 1.00000E-11 MeV  : (n,a2)
  60    MT =    803  Q =  4.84038E+00 MeV  Emin = 1.00000E-11 MeV  : (n,a3)
  61    MT =    804  Q =  4.79142E+00 MeV  Emin = 1.00000E-11 MeV  : (n,a4)
  62    MT =    805  Q =  4.62996E+00 MeV  Emin = 1.00000E-11 MeV  : (n,a5)
  63    MT =    806  Q =  4.33910E+00 MeV  Emin = 1.00000E-11 MeV  : (n,a6)
  64    MT =    807  Q =  4.17493E+00 MeV  Emin = 1.00000E-11 MeV  : (n,a7)
  65    MT =    849  Q =  4.17493E+00 MeV  Emin = 1.50000E-02 MeV  : (n,alpha) to continuum
  66    MT =      4  Q =  0.00000E+00 MeV  Emin = 2.62723E+00 MeV  : total inelastic scattering

 Nuclide  127 / 130 : 92234.03c -- uranium 234 (U-234)

 Pointers                     : 213145 106155
 Primary type                 : Transport
 Nuclide ZAI                  : 922340
 Library ID                   : 03c
 Cross section data file      : /home/leonardo.zortea/mcnp/xs/acedata/92234ENDF7.ace
 Atomic weight (AW)           : 234.04093
 Atomic weight ratio (AWR)    : 232.03040
 Temperature                  : 300.0 Kelvin
 XS temperature               : 300.0 Kelvin
 Minimum and maximum energy   : 1.00000E-11 3.00000E+01
 Half-life                    : 7.75E+12 seconds (245,668 years)
 Specific ingestion toxicity  : 4.90E-08 Sv/Bq
 Specific inhalation toxicity : 9.40E-06 Sv/Bq
 Energy deposited per fission : 200.55 MeV
 Spontaneous fission nubar    : 1.80000

 - Nuclide is not involved in burnup calculation
 - Nuclide has neutron transport data
 - Nuclide has no photon transport data
 - Nuclide has no S(a,b) data
 - Nuclide has isomeric branching data
 - Nuclide is fissile
 - Nuclide is not a delayed neutron precursor
 - Nuclide has delayed neutron data in 6 precursor groups
 - Nuclide uses ures ptable data between 1.50000E-03 and 9.99999E-02 MeV
 - Nuclide temperature is not adjusted with TMS
 - Nuclide has no dosimetry data
 - Nuclide has decay data
 - Nuclide has no supplementary transmutation cross section data
 - Nuclide has NFY data 
 - Nuclide has no SFY data

 - 50 reaction channels
 - 1 special reactions
 - No transmutation reactions
 - 1 transmutation branch reactions
 - 2 decay reactions
 - No decay branch reactions
 - No transmutation paths
 - All reaction paths linked to target

 50 reactions channel:

   1    MT =      2  Q =  0.00000E+00 MeV  Emin = 1.00000E-11 MeV  frac = 1.00000E+00  : elastic scattering
   2    MT =     16  Q = -6.84450E+00 MeV  Emin = 6.87400E+00 MeV  frac = 1.00000E+00  : (n,2n)
   3    MT =     17  Q = -1.25879E+01 MeV  Emin = 1.26422E+01 MeV  frac = 1.00000E+00  : (n,3n)
   4    MT =     19  Q =  1.91840E+02 MeV  Emin = 1.00000E-11 MeV  frac = 1.00000E+00  NFY (E = 5.00000E-01 MeV)     : (n,f)
   5    MT =     20  Q =  1.91840E+02 MeV  Emin = 1.10000E+00 MeV  frac = 1.00000E+00  NFY (E = 5.00000E-01 MeV)     : (n,nf)
   6    MT =     21  Q =  1.91840E+02 MeV  Emin = 7.20000E+00 MeV  frac = 1.00000E+00  NFY (E = 5.00000E-01 MeV)     : (n,2nf)
   7    MT =     37  Q = -1.98522E+01 MeV  Emin = 1.99378E+01 MeV  frac = 1.00000E+00  : (n,4n)
   8    MT =     38  Q =  1.91840E+02 MeV  Emin = 1.30000E+01 MeV  frac = 1.00000E+00  NFY (E = 5.00000E-01 MeV)     : (n,3nf)
   9    MT =     51  Q = -4.35000E-02 MeV  Emin = 4.36875E-02 MeV  frac = 1.00000E+00  : inelastic scatt. to 1. excited state
  10    MT =     52  Q = -1.43300E-01 MeV  Emin = 1.43918E-01 MeV  frac = 1.00000E+00  : inelastic scatt. to 2. excited state
  11    MT =     53  Q = -2.96000E-01 MeV  Emin = 2.97276E-01 MeV  frac = 1.00000E+00  : inelastic scatt. to 3. excited state
  12    MT =     54  Q = -4.97000E-01 MeV  Emin = 4.99142E-01 MeV  frac = 1.00000E+00  : inelastic scatt. to 4. excited state
  13    MT =     55  Q = -7.41200E-01 MeV  Emin = 7.44394E-01 MeV  frac = 1.00000E+00  : inelastic scatt. to 5. excited state
  14    MT =     56  Q = -7.86300E-01 MeV  Emin = 7.89689E-01 MeV  frac = 1.00000E+00  : inelastic scatt. to 6. excited state
  15    MT =     57  Q = -8.09900E-01 MeV  Emin = 8.13391E-01 MeV  frac = 1.00000E+00  : inelastic scatt. to 7. excited state
  16    MT =     58  Q = -8.49300E-01 MeV  Emin = 8.52960E-01 MeV  frac = 1.00000E+00  : inelastic scatt. to 8. excited state
  17    MT =     59  Q = -8.51700E-01 MeV  Emin = 8.55371E-01 MeV  frac = 1.00000E+00  : inelastic scatt. to 9. excited state
  18    MT =     60  Q = -9.26700E-01 MeV  Emin = 9.30694E-01 MeV  frac = 1.00000E+00  : inelastic scatt. to 10. excited state
  19    MT =     61  Q = -9.47800E-01 MeV  Emin = 9.51885E-01 MeV  frac = 1.00000E+00  : inelastic scatt. to 11. excited state
  20    MT =     62  Q = -9.62600E-01 MeV  Emin = 9.66749E-01 MeV  frac = 1.00000E+00  : inelastic scatt. to 12. excited state
  21    MT =     63  Q = -9.69100E-01 MeV  Emin = 9.73277E-01 MeV  frac = 1.00000E+00  : inelastic scatt. to 13. excited state
  22    MT =     64  Q = -9.89500E-01 MeV  Emin = 9.93765E-01 MeV  frac = 1.00000E+00  : inelastic scatt. to 14. excited state
  23    MT =     65  Q = -1.02360E+00 MeV  Emin = 1.02801E+00 MeV  frac = 1.00000E+00  : inelastic scatt. to 15. excited state
  24    MT =     66  Q = -1.02380E+00 MeV  Emin = 1.02821E+00 MeV  frac = 1.00000E+00  : inelastic scatt. to 16. excited state
  25    MT =     67  Q = -1.02400E+00 MeV  Emin = 1.02841E+00 MeV  frac = 1.00000E+00  : inelastic scatt. to 17. excited state
  26    MT =     68  Q = -1.04450E+00 MeV  Emin = 1.04900E+00 MeV  frac = 1.00000E+00  : inelastic scatt. to 18. excited state
  27    MT =     69  Q = -1.06910E+00 MeV  Emin = 1.07371E+00 MeV  frac = 1.00000E+00  : inelastic scatt. to 19. excited state
  28    MT =     70  Q = -1.08540E+00 MeV  Emin = 1.09008E+00 MeV  frac = 1.00000E+00  : inelastic scatt. to 20. excited state
  29    MT =     71  Q = -1.09160E+00 MeV  Emin = 1.09631E+00 MeV  frac = 1.00000E+00  : inelastic scatt. to 21. excited state
  30    MT =     72  Q = -1.17000E+00 MeV  Emin = 1.17504E+00 MeV  frac = 1.00000E+00  : inelastic scatt. to 22. excited state
  31    MT =     73  Q = -1.25000E+00 MeV  Emin = 1.25539E+00 MeV  frac = 1.00000E+00  : inelastic scatt. to 23. excited state
  32    MT =     74  Q = -1.44000E+00 MeV  Emin = 1.44621E+00 MeV  frac = 1.00000E+00  : inelastic scatt. to 24. excited state
  33    MT =     75  Q = -1.59000E+00 MeV  Emin = 1.59685E+00 MeV  frac = 1.00000E+00  : inelastic scatt. to 25. excited state
  34    MT =     76  Q = -1.75000E+00 MeV  Emin = 1.75754E+00 MeV  frac = 1.00000E+00  : inelastic scatt. to 26. excited state
  35    MT =     77  Q = -1.85000E+00 MeV  Emin = 1.85797E+00 MeV  frac = 1.00000E+00  : inelastic scatt. to 27. excited state
  36    MT =     78  Q = -1.95000E+00 MeV  Emin = 1.95840E+00 MeV  frac = 1.00000E+00  : inelastic scatt. to 28. excited state
  37    MT =     79  Q = -2.15000E+00 MeV  Emin = 2.15927E+00 MeV  frac = 1.00000E+00  : inelastic scatt. to 29. excited state
  38    MT =     80  Q = -2.30000E+00 MeV  Emin = 2.30991E+00 MeV  frac = 1.00000E+00  : inelastic scatt. to 30. excited state
  39    MT =     81  Q = -2.39000E+00 MeV  Emin = 2.40030E+00 MeV  frac = 1.00000E+00  : inelastic scatt. to 31. excited state
  40    MT =     82  Q = -2.49280E+00 MeV  Emin = 2.50354E+00 MeV  frac = 1.00000E+00  : inelastic scatt. to 32. excited state
  41    MT =     83  Q = -2.94000E+00 MeV  Emin = 2.95267E+00 MeV  frac = 1.00000E+00  : inelastic scatt. to 33. excited state
  42    MT =     84  Q = -3.18900E+00 MeV  Emin = 3.20275E+00 MeV  frac = 1.00000E+00  : inelastic scatt. to 34. excited state
  43    MT =     85  Q = -3.38800E+00 MeV  Emin = 3.40260E+00 MeV  frac = 1.00000E+00  : inelastic scatt. to 35. excited state
  44    MT =     86  Q = -3.53800E+00 MeV  Emin = 3.55325E+00 MeV  frac = 1.00000E+00  : inelastic scatt. to 36. excited state
  45    MT =     87  Q = -3.63700E+00 MeV  Emin = 3.65268E+00 MeV  frac = 1.00000E+00  : inelastic scatt. to 37. excited state
  46    MT =     88  Q = -3.73700E+00 MeV  Emin = 3.75311E+00 MeV  frac = 1.00000E+00  : inelastic scatt. to 38. excited state
  47    MT =     89  Q = -3.83700E+00 MeV  Emin = 3.85354E+00 MeV  frac = 1.00000E+00  : inelastic scatt. to 39. excited state
  48    MT =     90  Q = -3.90900E+00 MeV  Emin = 3.92585E+00 MeV  frac = 1.00000E+00  : inelastic scatt. to 40. excited state
  49    MT =     91  Q = -1.15000E+00 MeV  Emin = 1.15496E+00 MeV  frac = 1.00000E+00  : inelastic scattering to continuum
  50    MT =    102  Q =  5.29780E+00 MeV  Emin = 1.00000E-11 MeV  frac = 1.00000E+00  : (n,gamma)

 1 additional transport branch:

   1    MT =    102  Q =  5.29780E+00 MeV  Emin = 1.00000E-11 MeV  frac = 1.00000E+00  : (n,gamma)

 1 special reaction:

   1    MT =      4  Q =  0.00000E+00 MeV  Emin = 4.36875E-02 MeV  : total inelastic scattering

 2 decay reactions:

   1  RTYP = 6     Q =  1.76100E+02 MeV  frac = 1.70000E-11  : spontaneous fission
   2  RTYP = 4     Q =  4.85850E+00 MeV  frac = 1.00000E+00  : alpha

 Nuclide  128 / 130 : 92235.03c -- uranium 235 (U-235)

 Pointers                     : 237818 106431
 Primary type                 : Transport
 Nuclide ZAI                  : 922350
 Library ID                   : 03c
 Cross section data file      : /home/leonardo.zortea/mcnp/xs/acedata/92235ENDF7.ace
 Atomic weight (AW)           : 235.04395
 Atomic weight ratio (AWR)    : 233.02480
 Temperature                  : 300.0 Kelvin
 XS temperature               : 300.0 Kelvin
 Minimum and maximum energy   : 1.00000E-11 2.00000E+01
 Half-life                    : 2.22E+16 seconds (704 million years)
 Specific ingestion toxicity  : 4.70E-08 Sv/Bq
 Specific inhalation toxicity : 8.50E-06 Sv/Bq
 Energy deposited per fission : 202.27 MeV
 Spontaneous fission nubar    : 1.87000

 - Nuclide is not involved in burnup calculation
 - Nuclide has neutron transport data
 - Nuclide has no photon transport data
 - Nuclide has no S(a,b) data
 - Nuclide has no isomeric branching data
 - Nuclide is fissile
 - Nuclide is not a delayed neutron precursor
 - Nuclide has delayed neutron data in 6 precursor groups
 - Nuclide uses ures ptable data between 2.25000E-03 and 2.50000E-02 MeV
 - Nuclide temperature is not adjusted with TMS
 - Nuclide has no dosimetry data
 - Nuclide has decay data
 - Nuclide has no supplementary transmutation cross section data
 - Nuclide has NFY data 
 - Nuclide has no SFY data

 - 47 reaction channels
 - 1 special reactions
 - No transmutation reactions
 - No transmutation branch reactions
 - 2 decay reactions
 - No decay branch reactions
 - No transmutation paths
 - All reaction paths linked to target

 47 reactions channel:

   1    MT =      2  Q =  0.00000E+00 MeV  Emin = 1.00000E-11 MeV  frac = 1.00000E+00  : elastic scattering
   2    MT =     16  Q = -5.29778E+00 MeV  Emin = 5.32052E+00 MeV  frac = 1.00000E+00  : (n,2n)
   3    MT =     17  Q = -1.21423E+01 MeV  Emin = 1.21944E+01 MeV  frac = 1.00000E+00  : (n,3n)
   4    MT =     18  Q =  1.93483E+02 MeV  Emin = 1.00000E-11 MeV  frac = 1.00000E+00  NFY (E = 2.53000E-08 MeV)     : total fission
   5    MT =     37  Q = -1.78856E+01 MeV  Emin = 1.79624E+01 MeV  frac = 1.00000E+00  : (n,4n)
   6    MT =     51  Q = -7.68000E-05 MeV  Emin = 2.25000E-03 MeV  frac = 1.00000E+00  : inelastic scatt. to 1. excited state
   7    MT =     52  Q = -1.30400E-02 MeV  Emin = 1.30960E-02 MeV  frac = 1.00000E+00  : inelastic scatt. to 2. excited state
   8    MT =     53  Q = -4.62000E-02 MeV  Emin = 4.63983E-02 MeV  frac = 1.00000E+00  : inelastic scatt. to 3. excited state
   9    MT =     54  Q = -5.13000E-02 MeV  Emin = 5.15202E-02 MeV  frac = 1.00000E+00  : inelastic scatt. to 4. excited state
  10    MT =     55  Q = -8.17000E-02 MeV  Emin = 8.20506E-02 MeV  frac = 1.00000E+00  : inelastic scatt. to 5. excited state
  11    MT =     56  Q = -1.03000E-01 MeV  Emin = 1.03442E-01 MeV  frac = 1.00000E+00  : inelastic scatt. to 6. excited state
  12    MT =     57  Q = -1.34000E-01 MeV  Emin = 1.34575E-01 MeV  frac = 1.00000E+00  : inelastic scatt. to 7. excited state
  13    MT =     58  Q = -1.70700E-01 MeV  Emin = 1.71433E-01 MeV  frac = 1.00000E+00  : inelastic scatt. to 8. excited state
  14    MT =     59  Q = -1.74500E-01 MeV  Emin = 1.75249E-01 MeV  frac = 1.00000E+00  : inelastic scatt. to 9. excited state
  15    MT =     60  Q = -2.49100E-01 MeV  Emin = 2.50169E-01 MeV  frac = 1.00000E+00  : inelastic scatt. to 10. excited state
  16    MT =     61  Q = -2.93000E-01 MeV  Emin = 2.94258E-01 MeV  frac = 1.00000E+00  : inelastic scatt. to 11. excited state
  17    MT =     62  Q = -3.34000E-01 MeV  Emin = 3.35433E-01 MeV  frac = 1.00000E+00  : inelastic scatt. to 12. excited state
  18    MT =     63  Q = -3.65000E-01 MeV  Emin = 3.66567E-01 MeV  frac = 1.00000E+00  : inelastic scatt. to 13. excited state
  19    MT =     64  Q = -3.98000E-01 MeV  Emin = 3.99708E-01 MeV  frac = 1.00000E+00  : inelastic scatt. to 14. excited state
  20    MT =     65  Q = -4.30000E-01 MeV  Emin = 4.31845E-01 MeV  frac = 1.00000E+00  : inelastic scatt. to 15. excited state
  21    MT =     66  Q = -4.48000E-01 MeV  Emin = 4.49923E-01 MeV  frac = 1.00000E+00  : inelastic scatt. to 16. excited state
  22    MT =     67  Q = -5.50000E-01 MeV  Emin = 5.52360E-01 MeV  frac = 1.00000E+00  : inelastic scatt. to 17. excited state
  23    MT =     68  Q = -6.50000E-01 MeV  Emin = 6.52790E-01 MeV  frac = 1.00000E+00  : inelastic scatt. to 18. excited state
  24    MT =     69  Q = -7.70000E-01 MeV  Emin = 7.73304E-01 MeV  frac = 1.00000E+00  : inelastic scatt. to 19. excited state
  25    MT =     70  Q = -9.00000E-01 MeV  Emin = 9.03862E-01 MeV  frac = 1.00000E+00  : inelastic scatt. to 20. excited state
  26    MT =     71  Q = -1.06250E+00 MeV  Emin = 1.06706E+00 MeV  frac = 1.00000E+00  : inelastic scatt. to 21. excited state
  27    MT =     72  Q = -1.17000E+00 MeV  Emin = 1.17502E+00 MeV  frac = 1.00000E+00  : inelastic scatt. to 22. excited state
  28    MT =     73  Q = -1.25000E+00 MeV  Emin = 1.25537E+00 MeV  frac = 1.00000E+00  : inelastic scatt. to 23. excited state
  29    MT =     74  Q = -1.44000E+00 MeV  Emin = 1.44618E+00 MeV  frac = 1.00000E+00  : inelastic scatt. to 24. excited state
  30    MT =     75  Q = -1.59000E+00 MeV  Emin = 1.59682E+00 MeV  frac = 1.00000E+00  : inelastic scatt. to 25. excited state
  31    MT =     76  Q = -1.75000E+00 MeV  Emin = 1.75751E+00 MeV  frac = 1.00000E+00  : inelastic scatt. to 26. excited state
  32    MT =     77  Q = -1.85000E+00 MeV  Emin = 1.85794E+00 MeV  frac = 1.00000E+00  : inelastic scatt. to 27. excited state
  33    MT =     78  Q = -1.95000E+00 MeV  Emin = 1.95837E+00 MeV  frac = 1.00000E+00  : inelastic scatt. to 28. excited state
  34    MT =     79  Q = -2.15000E+00 MeV  Emin = 2.15923E+00 MeV  frac = 1.00000E+00  : inelastic scatt. to 29. excited state
  35    MT =     80  Q = -2.30000E+00 MeV  Emin = 2.30987E+00 MeV  frac = 1.00000E+00  : inelastic scatt. to 30. excited state
  36    MT =     81  Q = -2.39000E+00 MeV  Emin = 2.40026E+00 MeV  frac = 1.00000E+00  : inelastic scatt. to 31. excited state
  37    MT =     82  Q = -2.49280E+00 MeV  Emin = 2.50350E+00 MeV  frac = 1.00000E+00  : inelastic scatt. to 32. excited state
  38    MT =     83  Q = -2.94000E+00 MeV  Emin = 2.95262E+00 MeV  frac = 1.00000E+00  : inelastic scatt. to 33. excited state
  39    MT =     84  Q = -3.18900E+00 MeV  Emin = 3.20269E+00 MeV  frac = 1.00000E+00  : inelastic scatt. to 34. excited state
  40    MT =     85  Q = -3.38800E+00 MeV  Emin = 3.40254E+00 MeV  frac = 1.00000E+00  : inelastic scatt. to 35. excited state
  41    MT =     86  Q = -3.53800E+00 MeV  Emin = 3.55318E+00 MeV  frac = 1.00000E+00  : inelastic scatt. to 36. excited state
  42    MT =     87  Q = -3.63700E+00 MeV  Emin = 3.65261E+00 MeV  frac = 1.00000E+00  : inelastic scatt. to 37. excited state
  43    MT =     88  Q = -3.73700E+00 MeV  Emin = 3.75304E+00 MeV  frac = 1.00000E+00  : inelastic scatt. to 38. excited state
  44    MT =     89  Q = -3.83700E+00 MeV  Emin = 3.85347E+00 MeV  frac = 1.00000E+00  : inelastic scatt. to 39. excited state
  45    MT =     90  Q = -3.90900E+00 MeV  Emin = 3.92578E+00 MeV  frac = 1.00000E+00  : inelastic scatt. to 40. excited state
  46    MT =     91  Q = -4.97864E-01 MeV  Emin = 5.00000E-01 MeV  frac = 1.00000E+00  : inelastic scattering to continuum
  47    MT =    102  Q =  6.54520E+00 MeV  Emin = 1.00000E-11 MeV  frac = 1.00000E+00  : (n,gamma)

 1 special reaction:

   1    MT =      4  Q =  0.00000E+00 MeV  Emin = 2.25000E-03 MeV  : total inelastic scattering

 2 decay reactions:

   1  RTYP = 6     Q =  1.76400E+02 MeV  frac = 7.20000E-11  : spontaneous fission
   2  RTYP = 4     Q =  4.67870E+00 MeV  frac = 1.00000E+00  : alpha

 Nuclide  129 / 130 : 92236.03c -- uranium 236 (U-236)

 Pointers                     : 272671 106707
 Primary type                 : Transport
 Nuclide ZAI                  : 922360
 Library ID                   : 03c
 Cross section data file      : /home/leonardo.zortea/mcnp/xs/acedata/92236ENDF7.ace
 Atomic weight (AW)           : 236.04556
 Atomic weight ratio (AWR)    : 234.01780
 Temperature                  : 300.0 Kelvin
 XS temperature               : 300.0 Kelvin
 Minimum and maximum energy   : 1.00000E-11 3.00000E+01
 Half-life                    : 7.39E+14 seconds (23.4 million years)
 Specific ingestion toxicity  : 4.70E-08 Sv/Bq
 Specific inhalation toxicity : 8.70E-06 Sv/Bq
 Energy deposited per fission : 203.32 MeV
 Spontaneous fission nubar    : 1.90000

 - Nuclide is not involved in burnup calculation
 - Nuclide has neutron transport data
 - Nuclide has no photon transport data
 - Nuclide has no S(a,b) data
 - Nuclide has no isomeric branching data
 - Nuclide is fissile
 - Nuclide is not a delayed neutron precursor
 - Nuclide has delayed neutron data in 6 precursor groups
 - Nuclide uses ures ptable data between 1.50000E-03 and 9.99999E-02 MeV
 - Nuclide temperature is not adjusted with TMS
 - Nuclide has no dosimetry data
 - Nuclide has decay data
 - Nuclide has no supplementary transmutation cross section data
 - Nuclide has NFY data 
 - Nuclide has no SFY data

 - 50 reaction channels
 - 1 special reactions
 - No transmutation reactions
 - No transmutation branch reactions
 - 2 decay reactions
 - No decay branch reactions
 - No transmutation paths
 - All reaction paths linked to target

 50 reactions channel:

   1    MT =      2  Q =  0.00000E+00 MeV  Emin = 1.00000E-11 MeV  frac = 1.00000E+00  : elastic scattering
   2    MT =     16  Q = -6.54480E+00 MeV  Emin = 6.57277E+00 MeV  frac = 1.00000E+00  : (n,2n)
   3    MT =     17  Q = -1.18427E+01 MeV  Emin = 1.18933E+01 MeV  frac = 1.00000E+00  : (n,3n)
   4    MT =     19  Q =  1.94490E+02 MeV  Emin = 1.00000E-11 MeV  frac = 1.00000E+00  NFY (E = 5.00000E-01 MeV)     : (n,f)
   5    MT =     20  Q =  1.94490E+02 MeV  Emin = 2.60000E+00 MeV  frac = 1.00000E+00  NFY (E = 5.00000E-01 MeV)     : (n,nf)
   6    MT =     21  Q =  1.94490E+02 MeV  Emin = 1.04000E+01 MeV  frac = 1.00000E+00  NFY (E = 5.00000E-01 MeV)     : (n,2nf)
   7    MT =     37  Q = -1.86869E+01 MeV  Emin = 1.87668E+01 MeV  frac = 1.00000E+00  : (n,4n)
   8    MT =     38  Q =  1.94490E+02 MeV  Emin = 1.60000E+01 MeV  frac = 1.00000E+00  NFY (E = 5.00000E-01 MeV)     : (n,3nf)
   9    MT =     51  Q = -4.52000E-02 MeV  Emin = 4.53932E-02 MeV  frac = 1.00000E+00  : inelastic scatt. to 1. excited state
  10    MT =     52  Q = -1.49500E-01 MeV  Emin = 1.50139E-01 MeV  frac = 1.00000E+00  : inelastic scatt. to 2. excited state
  11    MT =     53  Q = -3.09800E-01 MeV  Emin = 3.11124E-01 MeV  frac = 1.00000E+00  : inelastic scatt. to 3. excited state
  12    MT =     54  Q = -5.22200E-01 MeV  Emin = 5.24432E-01 MeV  frac = 1.00000E+00  : inelastic scatt. to 4. excited state
  13    MT =     55  Q = -6.87600E-01 MeV  Emin = 6.90538E-01 MeV  frac = 1.00000E+00  : inelastic scatt. to 5. excited state
  14    MT =     56  Q = -7.44100E-01 MeV  Emin = 7.47280E-01 MeV  frac = 1.00000E+00  : inelastic scatt. to 6. excited state
  15    MT =     57  Q = -7.82300E-01 MeV  Emin = 7.85643E-01 MeV  frac = 1.00000E+00  : inelastic scatt. to 7. excited state
  16    MT =     58  Q = -8.48300E-01 MeV  Emin = 8.51925E-01 MeV  frac = 1.00000E+00  : inelastic scatt. to 8. excited state
  17    MT =     59  Q = -9.19200E-01 MeV  Emin = 9.23128E-01 MeV  frac = 1.00000E+00  : inelastic scatt. to 9. excited state
  18    MT =     60  Q = -9.58000E-01 MeV  Emin = 9.62094E-01 MeV  frac = 1.00000E+00  : inelastic scatt. to 10. excited state
  19    MT =     61  Q = -9.60300E-01 MeV  Emin = 9.64404E-01 MeV  frac = 1.00000E+00  : inelastic scatt. to 11. excited state
  20    MT =     62  Q = -9.66600E-01 MeV  Emin = 9.70731E-01 MeV  frac = 1.00000E+00  : inelastic scatt. to 12. excited state
  21    MT =     63  Q = -9.87700E-01 MeV  Emin = 9.91921E-01 MeV  frac = 1.00000E+00  : inelastic scatt. to 13. excited state
  22    MT =     64  Q = -9.99800E-01 MeV  Emin = 1.00407E+00 MeV  frac = 1.00000E+00  : inelastic scatt. to 14. excited state
  23    MT =     65  Q = -1.00150E+00 MeV  Emin = 1.00578E+00 MeV  frac = 1.00000E+00  : inelastic scatt. to 15. excited state
  24    MT =     66  Q = -1.03560E+00 MeV  Emin = 1.04003E+00 MeV  frac = 1.00000E+00  : inelastic scatt. to 16. excited state
  25    MT =     67  Q = -1.05090E+00 MeV  Emin = 1.05539E+00 MeV  frac = 1.00000E+00  : inelastic scatt. to 17. excited state
  26    MT =     68  Q = -1.05290E+00 MeV  Emin = 1.05740E+00 MeV  frac = 1.00000E+00  : inelastic scatt. to 18. excited state
  27    MT =     69  Q = -1.05860E+00 MeV  Emin = 1.06313E+00 MeV  frac = 1.00000E+00  : inelastic scatt. to 19. excited state
  28    MT =     70  Q = -1.06610E+00 MeV  Emin = 1.07066E+00 MeV  frac = 1.00000E+00  : inelastic scatt. to 20. excited state
  29    MT =     71  Q = -1.07000E+00 MeV  Emin = 1.07457E+00 MeV  frac = 1.00000E+00  : inelastic scatt. to 21. excited state
  30    MT =     72  Q = -1.17000E+00 MeV  Emin = 1.17500E+00 MeV  frac = 1.00000E+00  : inelastic scatt. to 22. excited state
  31    MT =     73  Q = -1.25000E+00 MeV  Emin = 1.25534E+00 MeV  frac = 1.00000E+00  : inelastic scatt. to 23. excited state
  32    MT =     74  Q = -1.44000E+00 MeV  Emin = 1.44615E+00 MeV  frac = 1.00000E+00  : inelastic scatt. to 24. excited state
  33    MT =     75  Q = -1.59000E+00 MeV  Emin = 1.59679E+00 MeV  frac = 1.00000E+00  : inelastic scatt. to 25. excited state
  34    MT =     76  Q = -1.75000E+00 MeV  Emin = 1.75748E+00 MeV  frac = 1.00000E+00  : inelastic scatt. to 26. excited state
  35    MT =     77  Q = -1.85000E+00 MeV  Emin = 1.85791E+00 MeV  frac = 1.00000E+00  : inelastic scatt. to 27. excited state
  36    MT =     78  Q = -1.95000E+00 MeV  Emin = 1.95833E+00 MeV  frac = 1.00000E+00  : inelastic scatt. to 28. excited state
  37    MT =     79  Q = -2.15000E+00 MeV  Emin = 2.15919E+00 MeV  frac = 1.00000E+00  : inelastic scatt. to 29. excited state
  38    MT =     80  Q = -2.30000E+00 MeV  Emin = 2.30983E+00 MeV  frac = 1.00000E+00  : inelastic scatt. to 30. excited state
  39    MT =     81  Q = -2.39000E+00 MeV  Emin = 2.40021E+00 MeV  frac = 1.00000E+00  : inelastic scatt. to 31. excited state
  40    MT =     82  Q = -2.49280E+00 MeV  Emin = 2.50345E+00 MeV  frac = 1.00000E+00  : inelastic scatt. to 32. excited state
  41    MT =     83  Q = -2.94000E+00 MeV  Emin = 2.95256E+00 MeV  frac = 1.00000E+00  : inelastic scatt. to 33. excited state
  42    MT =     84  Q = -3.18900E+00 MeV  Emin = 3.20263E+00 MeV  frac = 1.00000E+00  : inelastic scatt. to 34. excited state
  43    MT =     85  Q = -3.38800E+00 MeV  Emin = 3.40248E+00 MeV  frac = 1.00000E+00  : inelastic scatt. to 35. excited state
  44    MT =     86  Q = -3.53800E+00 MeV  Emin = 3.55312E+00 MeV  frac = 1.00000E+00  : inelastic scatt. to 36. excited state
  45    MT =     87  Q = -3.63700E+00 MeV  Emin = 3.65254E+00 MeV  frac = 1.00000E+00  : inelastic scatt. to 37. excited state
  46    MT =     88  Q = -3.73700E+00 MeV  Emin = 3.75297E+00 MeV  frac = 1.00000E+00  : inelastic scatt. to 38. excited state
  47    MT =     89  Q = -3.83700E+00 MeV  Emin = 3.85340E+00 MeV  frac = 1.00000E+00  : inelastic scatt. to 39. excited state
  48    MT =     90  Q = -3.90900E+00 MeV  Emin = 3.92570E+00 MeV  frac = 1.00000E+00  : inelastic scatt. to 40. excited state
  49    MT =     91  Q = -1.10000E+00 MeV  Emin = 1.10470E+00 MeV  frac = 1.00000E+00  : inelastic scattering to continuum
  50    MT =    102  Q =  5.12590E+00 MeV  Emin = 1.00000E-11 MeV  frac = 1.00000E+00  : (n,gamma)

 1 special reaction:

   1    MT =      4  Q =  0.00000E+00 MeV  Emin = 4.53932E-02 MeV  : total inelastic scattering

 2 decay reactions:

   1  RTYP = 6     Q =  1.75600E+02 MeV  frac = 9.00000E-10  : spontaneous fission
   2  RTYP = 4     Q =  4.57240E+00 MeV  frac = 1.00000E+00  : alpha

 Nuclide  130 / 130 : 92238.03c -- uranium 238 (U-238)

 Pointers                     : 296596 107259
 Primary type                 : Transport
 Nuclide ZAI                  : 922380
 Library ID                   : 03c
 Cross section data file      : /home/leonardo.zortea/mcnp/xs/acedata/92238ENDF7.ace
 Atomic weight (AW)           : 238.05078
 Atomic weight ratio (AWR)    : 236.00580
 Temperature                  : 300.0 Kelvin
 XS temperature               : 300.0 Kelvin
 Minimum and maximum energy   : 1.00000E-11 3.00000E+01
 Half-life                    : 1.41E+17 seconds (4.47 billion years)
 Specific ingestion toxicity  : 4.50E-08 Sv/Bq
 Specific inhalation toxicity : 8.00E-06 Sv/Bq
 Energy deposited per fission : 207.03 MeV
 Spontaneous fission nubar    : 2.00000

 - Nuclide is not involved in burnup calculation
 - Nuclide has neutron transport data
 - Nuclide has no photon transport data
 - Nuclide has no S(a,b) data
 - Nuclide has no isomeric branching data
 - Nuclide is fissile
 - Nuclide is not a delayed neutron precursor
 - Nuclide has delayed neutron data in 6 precursor groups
 - Nuclide uses ures ptable data between 2.00000E-02 and 1.49029E-01 MeV
 - Nuclide temperature is not adjusted with TMS
 - Nuclide has no dosimetry data
 - Nuclide has decay data
 - Nuclide has no supplementary transmutation cross section data
 - Nuclide has NFY data 
 - Nuclide has no SFY data

 - 47 reaction channels
 - 1 special reactions
 - No transmutation reactions
 - No transmutation branch reactions
 - 2 decay reactions
 - No decay branch reactions
 - No transmutation paths
 - All reaction paths linked to target

 47 reactions channel:

   1    MT =      2  Q =  0.00000E+00 MeV  Emin = 1.00000E-11 MeV  frac = 1.00000E+00  : elastic scattering
   2    MT =     16  Q = -6.15280E+00 MeV  Emin = 6.17887E+00 MeV  frac = 1.00000E+00  : (n,2n)
   3    MT =     17  Q = -1.12786E+01 MeV  Emin = 1.13264E+01 MeV  frac = 1.00000E+00  : (n,3n)
   4    MT =     18  Q =  1.98032E+02 MeV  Emin = 1.00000E-11 MeV  frac = 1.00000E+00  NFY (E = 5.00000E-01 MeV)     : total fission
   5    MT =     37  Q = -1.78237E+01 MeV  Emin = 1.78992E+01 MeV  frac = 1.00000E+00  : (n,4n)
   6    MT =     51  Q = -4.49000E-02 MeV  Emin = 4.50903E-02 MeV  frac = 1.00000E+00  : inelastic scatt. to 1. excited state
   7    MT =     52  Q = -1.48400E-01 MeV  Emin = 1.49029E-01 MeV  frac = 1.00000E+00  : inelastic scatt. to 2. excited state
   8    MT =     53  Q = -3.07200E-01 MeV  Emin = 3.08502E-01 MeV  frac = 1.00000E+00  : inelastic scatt. to 3. excited state
   9    MT =     54  Q = -5.18300E-01 MeV  Emin = 5.20496E-01 MeV  frac = 1.00000E+00  : inelastic scatt. to 4. excited state
  10    MT =     55  Q = -6.80100E-01 MeV  Emin = 6.82982E-01 MeV  frac = 1.00000E+00  : inelastic scatt. to 5. excited state
  11    MT =     56  Q = -7.31900E-01 MeV  Emin = 7.35001E-01 MeV  frac = 1.00000E+00  : inelastic scatt. to 6. excited state
  12    MT =     57  Q = -7.75700E-01 MeV  Emin = 7.78987E-01 MeV  frac = 1.00000E+00  : inelastic scatt. to 7. excited state
  13    MT =     58  Q = -8.26700E-01 MeV  Emin = 8.30203E-01 MeV  frac = 1.00000E+00  : inelastic scatt. to 8. excited state
  14    MT =     59  Q = -9.25700E-01 MeV  Emin = 9.29623E-01 MeV  frac = 1.00000E+00  : inelastic scatt. to 9. excited state
  15    MT =     60  Q = -9.30800E-01 MeV  Emin = 9.34744E-01 MeV  frac = 1.00000E+00  : inelastic scatt. to 10. excited state
  16    MT =     61  Q = -9.50200E-01 MeV  Emin = 9.54226E-01 MeV  frac = 1.00000E+00  : inelastic scatt. to 11. excited state
  17    MT =     62  Q = -9.66300E-01 MeV  Emin = 9.70395E-01 MeV  frac = 1.00000E+00  : inelastic scatt. to 12. excited state
  18    MT =     63  Q = -9.67300E-01 MeV  Emin = 9.71399E-01 MeV  frac = 1.00000E+00  : inelastic scatt. to 13. excited state
  19    MT =     64  Q = -9.93000E-01 MeV  Emin = 9.97208E-01 MeV  frac = 1.00000E+00  : inelastic scatt. to 14. excited state
  20    MT =     65  Q = -9.97500E-01 MeV  Emin = 1.00173E+00 MeV  frac = 1.00000E+00  : inelastic scatt. to 15. excited state
  21    MT =     66  Q = -1.03730E+00 MeV  Emin = 1.04170E+00 MeV  frac = 1.00000E+00  : inelastic scatt. to 16. excited state
  22    MT =     67  Q = -1.05660E+00 MeV  Emin = 1.06108E+00 MeV  frac = 1.00000E+00  : inelastic scatt. to 17. excited state
  23    MT =     68  Q = -1.05950E+00 MeV  Emin = 1.06399E+00 MeV  frac = 1.00000E+00  : inelastic scatt. to 18. excited state
  24    MT =     69  Q = -1.06030E+00 MeV  Emin = 1.06479E+00 MeV  frac = 1.00000E+00  : inelastic scatt. to 19. excited state
  25    MT =     70  Q = -1.07650E+00 MeV  Emin = 1.08106E+00 MeV  frac = 1.00000E+00  : inelastic scatt. to 20. excited state
  26    MT =     71  Q = -1.10570E+00 MeV  Emin = 1.11039E+00 MeV  frac = 1.00000E+00  : inelastic scatt. to 21. excited state
  27    MT =     72  Q = -1.17000E+00 MeV  Emin = 1.17496E+00 MeV  frac = 1.00000E+00  : inelastic scatt. to 22. excited state
  28    MT =     73  Q = -1.25000E+00 MeV  Emin = 1.25530E+00 MeV  frac = 1.00000E+00  : inelastic scatt. to 23. excited state
  29    MT =     74  Q = -1.44000E+00 MeV  Emin = 1.44610E+00 MeV  frac = 1.00000E+00  : inelastic scatt. to 24. excited state
  30    MT =     75  Q = -1.59000E+00 MeV  Emin = 1.59674E+00 MeV  frac = 1.00000E+00  : inelastic scatt. to 25. excited state
  31    MT =     76  Q = -1.75000E+00 MeV  Emin = 1.75742E+00 MeV  frac = 1.00000E+00  : inelastic scatt. to 26. excited state
  32    MT =     77  Q = -1.85000E+00 MeV  Emin = 1.85784E+00 MeV  frac = 1.00000E+00  : inelastic scatt. to 27. excited state
  33    MT =     78  Q = -1.95000E+00 MeV  Emin = 1.95826E+00 MeV  frac = 1.00000E+00  : inelastic scatt. to 28. excited state
  34    MT =     79  Q = -2.15000E+00 MeV  Emin = 2.15911E+00 MeV  frac = 1.00000E+00  : inelastic scatt. to 29. excited state
  35    MT =     80  Q = -2.30000E+00 MeV  Emin = 2.30975E+00 MeV  frac = 1.00000E+00  : inelastic scatt. to 30. excited state
  36    MT =     81  Q = -2.39000E+00 MeV  Emin = 2.40013E+00 MeV  frac = 1.00000E+00  : inelastic scatt. to 31. excited state
  37    MT =     82  Q = -2.49280E+00 MeV  Emin = 2.50336E+00 MeV  frac = 1.00000E+00  : inelastic scatt. to 32. excited state
  38    MT =     83  Q = -2.94000E+00 MeV  Emin = 2.95246E+00 MeV  frac = 1.00000E+00  : inelastic scatt. to 33. excited state
  39    MT =     84  Q = -3.18900E+00 MeV  Emin = 3.20251E+00 MeV  frac = 1.00000E+00  : inelastic scatt. to 34. excited state
  40    MT =     85  Q = -3.38800E+00 MeV  Emin = 3.40236E+00 MeV  frac = 1.00000E+00  : inelastic scatt. to 35. excited state
  41    MT =     86  Q = -3.53800E+00 MeV  Emin = 3.55299E+00 MeV  frac = 1.00000E+00  : inelastic scatt. to 36. excited state
  42    MT =     87  Q = -3.63700E+00 MeV  Emin = 3.65241E+00 MeV  frac = 1.00000E+00  : inelastic scatt. to 37. excited state
  43    MT =     88  Q = -3.73700E+00 MeV  Emin = 3.75284E+00 MeV  frac = 1.00000E+00  : inelastic scatt. to 38. excited state
  44    MT =     89  Q = -3.83700E+00 MeV  Emin = 3.85326E+00 MeV  frac = 1.00000E+00  : inelastic scatt. to 39. excited state
  45    MT =     90  Q = -3.90900E+00 MeV  Emin = 3.92556E+00 MeV  frac = 1.00000E+00  : inelastic scatt. to 40. excited state
  46    MT =     91  Q = -1.11260E+00 MeV  Emin = 1.11732E+00 MeV  frac = 1.00000E+00  : inelastic scattering to continuum
  47    MT =    102  Q =  4.80650E+00 MeV  Emin = 1.00000E-11 MeV  frac = 1.00000E+00  : (n,gamma)

 1 special reaction:

   1    MT =      4  Q =  0.00000E+00 MeV  Emin = 4.50903E-02 MeV  : total inelastic scattering

 2 decay reactions:

   1  RTYP = 6     Q =  1.73600E+02 MeV  frac = 5.46000E-05  : spontaneous fission
   2  RTYP = 4     Q =  4.27400E+00 MeV  frac = 9.99945E-01  : alpha

 --- Table  1: Summary of material compositions: 

 26 materials included in calculation


Material "m101":

 - Material is included in majorant
 - Material is included in geometry
 - Atom density 4.6482E-02 1/barn*cm
 - Mass density 4.3553E+00 g/cm3
 - Volume 0.0000E+00 cm3
 - Mass 0.0000E+00 g
 - Photon emission rate 0.0000E+00 1/s
 - Neutron emission rate 0.0000E+00 1/s
 - 93 nuclides in composition
 - No nuclides associated with S(a,b) data
 - 35.02 Mb of memory allocated for data

Isotopic composition (non-zero densities):

-------------------------------------------------------------------
 Nuclide    a. weight   temp      a. dens      a. frac      m. frac
-------------------------------------------------------------------
 13027.03c   26.98154  300.0  3.48925E-02  7.50674E-01  3.58953E-01    
 14028.03c   27.97734  300.0  4.29591E-03  9.24218E-02  4.58248E-02    
 14029.03c   28.97693  300.0  2.17520E-04  4.67970E-03  2.40321E-03    
 14030.03c   29.97349  300.0  1.44392E-04  3.10644E-03  1.65014E-03    
 92234.03c  234.04093  300.0  1.28651E-05  2.76779E-04  1.14801E-03    
 92235.03c  235.04395  300.0  1.29594E-03  2.78807E-02  1.16138E-01    
 92236.03c  236.04556  300.0  8.81680E-06  1.89684E-04  7.93498E-04    
 92238.03c  238.05078  300.0  5.17366E-03  1.11306E-01  4.69577E-01    
  6000.03c   12.00110  300.0  1.68990E-05  3.63563E-04  7.73252E-05    
 50112.03c  111.90533  300.0  1.06156E-07  2.28383E-06  4.52934E-06    
 50114.03c  113.90349  300.0  7.43089E-08  1.59867E-06  3.22714E-06    
 50115.03c  114.90308  300.0  4.24622E-08  9.13528E-07  1.86026E-06    
 50116.03c  115.90166  300.0  1.56049E-06  3.35722E-05  6.89588E-05    
 50117.03c  116.90326  300.0  8.17399E-07  1.75854E-05  3.64334E-05    
 50118.03c  117.90184  300.0  2.57958E-06  5.54968E-05  1.15960E-04    
 50119.03c  118.90345  300.0  9.12939E-07  1.96409E-05  4.13881E-05    
 50120.03c  119.90202  300.0  3.43944E-06  7.39958E-05  1.57237E-04    
 50122.03c  121.90322  300.0  4.88315E-07  1.05056E-05  2.26963E-05    
 50124.03c  123.90542  300.0  5.94471E-07  1.27894E-05  2.80841E-05    
 27059.03c   58.93317  300.0  1.79900E-07  3.87035E-06  4.04232E-06    
 29063.03c   62.92960  300.0  7.18758E-07  1.54633E-05  1.72455E-05    
 29065.03c   64.92777  300.0  3.20360E-07  6.89219E-06  7.93064E-06    
 26054.03c   53.93937  300.0  1.82014E-06  3.91583E-05  3.74326E-05    
 26056.03c   55.93451  300.0  2.87771E-05  6.19108E-04  6.13714E-04    
 26057.03c   56.93510  300.0  6.90399E-07  1.48532E-05  1.49872E-05    
 26058.03c   57.93368  300.0  9.41454E-08  2.02543E-06  2.07955E-06    
 28058.03c   57.93570  300.0  2.06264E-06  4.43754E-05  4.55627E-05    
 28060.03c   59.93084  300.0  7.88560E-07  1.69650E-05  1.80187E-05    
 28061.03c   60.93143  300.0  3.41407E-08  7.34500E-07  7.93146E-07    
 28062.03c   61.92799  300.0  1.08465E-07  2.33351E-06  2.56104E-06    
 28064.03c   63.92818  300.0  2.74938E-08  5.91499E-07  6.70141E-07    
 30000.03c   65.39578  300.0  1.68789E-06  3.63131E-05  4.20856E-05    
  3006.03c    6.01507  300.0  1.17230E-08  2.52207E-07  2.68856E-08    
  3007.03c    7.01600  300.0  1.44583E-07  3.11054E-06  3.86764E-07    
  7014.03c   14.00307  300.0  9.86260E-06  2.12183E-04  5.26567E-05    
  7015.03c   14.99986  300.0  3.66271E-08  7.87992E-07  2.09473E-07    
  8016.03c   15.99492  300.0  2.84910E-04  6.12953E-03  1.73752E-03    
  8017.03c   16.99913  300.0  1.08307E-07  2.33011E-06  7.01977E-07    
  1001.03c    1.00782  300.0  6.11640E-05  1.31588E-03  2.35028E-05    
  1002.03c    2.01410  300.0  9.17599E-09  1.97411E-07  7.04650E-09    
 24050.03c   49.94606  300.0  1.53638E-07  3.30535E-06  2.92576E-06    
 24052.03c   51.94019  300.0  2.95938E-06  6.36678E-05  5.86062E-05    
 24053.03c   52.94079  300.0  3.35531E-07  7.21858E-06  6.77271E-06    
 24054.03c   53.93937  300.0  8.33530E-08  1.79325E-06  1.71422E-06    
 25055.03c   54.93805  300.0  2.30714E-06  4.96356E-05  4.83266E-05    
 12024.03c   23.98504  300.0  9.73188E-07  2.09371E-05  8.89972E-06    
 12025.03c   24.98584  300.0  1.23204E-07  2.65060E-06  1.17370E-06    
 12026.03c   25.98260  300.0  1.35647E-07  2.91830E-06  1.34379E-06    
 82204.03c  203.97303  300.0  1.07134E-09  2.30487E-08  8.33181E-08    
 82206.03c  205.97443  300.0  1.84424E-08  3.96768E-07  1.44834E-06    
 82207.03c  206.97594  300.0  1.69119E-08  3.63841E-07  1.33460E-06    
 82208.03c  207.97663  300.0  4.00989E-08  8.62684E-07  3.17970E-06    
 23000.03c   50.94162  300.0  7.02718E-08  1.51182E-06  1.36488E-06    
 56130.03c  129.90595  300.0  1.29024E-12  2.77581E-11  6.39056E-11    
 56132.03c  131.90514  300.0  1.22938E-12  2.64488E-11  6.18283E-11    
 56134.03c  133.90431  300.0  2.94199E-11  6.32937E-10  1.50202E-09    
 56135.03c  134.90591  300.0  8.02384E-11  1.72624E-09  4.12717E-09    
 56136.03c  135.90449  300.0  9.55995E-11  2.05672E-09  4.95368E-09    
 56137.03c  136.90609  300.0  1.36692E-10  2.94078E-09  7.13518E-09    
 56138.03c  137.90467  300.0  8.72738E-10  1.87760E-08  4.58883E-08    
 20040.03c   39.96260  300.0  3.11091E-06  6.69278E-05  4.74002E-05    
 20042.03c   41.95863  300.0  2.07627E-08  4.46687E-07  3.32158E-07    
 20043.03c   42.95877  300.0  4.33225E-09  9.32036E-08  7.09585E-08    
 20044.03c   43.95548  300.0  6.69413E-08  1.44017E-06  1.12188E-06    
 20046.03c   45.95370  300.0  1.28363E-10  2.76159E-09  2.24905E-09    
 20048.03c   47.95254  300.0  6.00097E-09  1.29104E-07  1.09717E-07    
 42092.03c   91.90683  300.0  4.52473E-09  9.73446E-08  1.58555E-07    
 42094.03c   93.90509  300.0  2.82033E-09  6.06763E-08  1.00978E-07    
 42095.03c   94.90589  300.0  4.85402E-09  1.04429E-07  1.75644E-07    
 42096.03c   95.90467  300.0  5.08575E-09  1.09414E-07  1.85966E-07    
 42097.03c   96.90598  300.0  2.91180E-09  6.26442E-08  1.07585E-07    
 42098.03c   97.90536  300.0  7.35726E-09  1.58283E-07  2.74639E-07    
 42100.03c   99.90726  300.0  2.93620E-09  6.31691E-08  1.11846E-07    
 16032.03c   31.97196  300.0  5.17963E-06  1.11434E-04  6.31404E-05    
 16033.03c   32.97104  300.0  4.08832E-08  8.79557E-07  5.13945E-07    
 16034.03c   33.96800  300.0  2.29491E-07  4.93725E-06  2.97218E-06    
 16036.03c   35.96698  300.0  1.09022E-09  2.34549E-08  1.49506E-08    
 31069.03c   68.92571  300.0  1.31826E-06  2.83609E-05  3.46435E-05    
 31071.03c   70.92428  300.0  8.75186E-07  1.88286E-05  2.36665E-05    
 40090.03c   89.90473  300.0  2.66280E-07  5.72872E-06  9.12768E-06    
 40091.03c   90.90563  300.0  5.86270E-08  1.26130E-06  2.03202E-06    
 40092.03c   91.90501  300.0  8.85357E-08  1.90475E-06  3.10239E-06    
 40094.03c   93.90631  300.0  9.00363E-08  1.93703E-06  3.22367E-06    
 40096.03c   95.90830  300.0  1.44886E-08  3.11706E-07  5.29812E-07    
  5010.03c   10.01294  300.0  4.97098E-08  1.06945E-06  1.89777E-07    
  5011.03c   11.00928  300.0  2.00088E-07  4.30467E-06  8.39884E-07    
 48106.03c  105.90579  300.0  3.14958E-10  6.77598E-09  1.27178E-08    
 48108.03c  107.90395  300.0  2.24250E-10  4.82449E-09  9.22591E-09    
 48110.03c  109.90313  300.0  3.15210E-09  6.78140E-08  1.32084E-07    
 48111.03c  110.90372  300.0  3.22769E-09  6.94402E-08  1.36483E-07    
 48112.03c  111.90331  300.0  6.07995E-09  1.30803E-07  2.59407E-07    
 48113.03c  112.89987  300.0  3.07903E-09  6.62420E-08  1.32540E-07    
 48114.03c  113.90349  300.0  7.23648E-09  1.55685E-07  3.14271E-07    
       sum                    4.64816E-02  1.00000E+00  1.00000E+00
-------------------------------------------------------------------

Material "m102":

 - Material is included in majorant
 - Material is included in geometry
 - Atom density 4.6179E-02 1/barn*cm
 - Mass density 4.5524E+00 g/cm3
 - Volume 0.0000E+00 cm3
 - Mass 0.0000E+00 g
 - Photon emission rate 0.0000E+00 1/s
 - Neutron emission rate 0.0000E+00 1/s
 - 93 nuclides in composition
 - No nuclides associated with S(a,b) data
 - 35.02 Mb of memory allocated for data

Isotopic composition (non-zero densities):

-------------------------------------------------------------------
 Nuclide    a. weight   temp      a. dens      a. frac      m. frac
-------------------------------------------------------------------
 13027.03c   26.98154  300.0  3.35250E-02  7.25977E-01  3.29954E-01    
 14028.03c   27.97734  300.0  4.68912E-03  1.01542E-01  4.78537E-02    
 14029.03c   28.97693  300.0  2.37430E-04  5.14149E-03  2.50961E-03    
 14030.03c   29.97349  300.0  1.57609E-04  3.41299E-03  1.72320E-03    
 92234.03c  234.04093  300.0  1.40427E-05  3.04092E-04  1.19884E-03    
 92235.03c  235.04395  300.0  1.41622E-03  3.06679E-02  1.21422E-01    
 92236.03c  236.04556  300.0  9.68240E-06  2.09670E-04  8.33675E-04    
 92238.03c  238.05078  300.0  5.65356E-03  1.22427E-01  4.90919E-01    
  6000.03c   12.00110  300.0  1.84662E-05  3.99882E-04  8.08381E-05    
 50112.03c  111.90533  300.0  1.16000E-07  2.51195E-06  4.73507E-06    
 50114.03c  113.90349  300.0  8.12001E-08  1.75837E-06  3.37374E-06    
 50115.03c  114.90308  300.0  4.64001E-08  1.00478E-06  1.94477E-06    
 50116.03c  115.90166  300.0  1.70520E-06  3.69257E-05  7.20913E-05    
 50117.03c  116.90326  300.0  8.93201E-07  1.93421E-05  3.80885E-05    
 50118.03c  117.90184  300.0  2.81880E-06  6.10405E-05  1.21228E-04    
 50119.03c  118.90345  300.0  9.97601E-07  2.16028E-05  4.32682E-05    
 50120.03c  119.90202  300.0  3.75841E-06  8.13875E-05  1.64380E-04    
 50122.03c  121.90322  300.0  5.33601E-07  1.15550E-05  2.37274E-05    
 50124.03c  123.90542  300.0  6.49601E-07  1.40670E-05  2.93599E-05    
 27059.03c   58.93317  300.0  1.75448E-07  3.79929E-06  3.77160E-06    
 29063.03c   62.92960  300.0  7.09488E-07  1.53638E-05  1.62861E-05    
 29065.03c   64.92777  300.0  3.16228E-07  6.84785E-06  7.48943E-06    
 26054.03c   53.93937  300.0  1.86693E-06  4.04280E-05  3.67326E-05    
 26056.03c   55.93451  300.0  2.95167E-05  6.39178E-04  6.02234E-04    
 26057.03c   56.93510  300.0  7.08144E-07  1.53347E-05  1.47068E-05    
 26058.03c   57.93368  300.0  9.65651E-08  2.09110E-06  2.04065E-06    
 28058.03c   57.93570  300.0  2.02210E-06  4.37881E-05  4.27333E-05    
 28060.03c   59.93084  300.0  7.73060E-07  1.67404E-05  1.68998E-05    
 28061.03c   60.93143  300.0  3.34697E-08  7.24779E-07  7.43894E-07    
 28062.03c   61.92799  300.0  1.06333E-07  2.30262E-06  2.40200E-06    
 28064.03c   63.92818  300.0  2.69534E-08  5.83670E-07  6.28527E-07    
 30000.03c   65.39578  300.0  1.62726E-06  3.52380E-05  3.88172E-05    
  3006.03c    6.01507  300.0  1.14642E-08  2.48255E-07  2.51537E-08    
  3007.03c    7.01600  300.0  1.41392E-07  3.06181E-06  3.61853E-07    
  7014.03c   14.00307  300.0  1.07772E-05  2.33378E-04  5.50487E-05    
  7015.03c   14.99986  300.0  4.00238E-08  8.66707E-07  2.18989E-07    
  8016.03c   15.99492  300.0  3.11332E-04  6.74183E-03  1.81645E-03    
  8017.03c   16.99913  300.0  1.18351E-07  2.56287E-06  7.33866E-07    
  1001.03c    1.00782  300.0  6.68362E-05  1.44732E-03  2.45705E-05    
  1002.03c    2.01410  300.0  1.00269E-08  2.17130E-07  7.36658E-09    
 24050.03c   49.94606  300.0  1.52255E-07  3.29705E-06  2.77390E-06    
 24052.03c   51.94019  300.0  2.93274E-06  6.35078E-05  5.55642E-05    
 24053.03c   52.94079  300.0  3.32511E-07  7.20045E-06  6.42117E-06    
 24054.03c   53.93937  300.0  8.26026E-08  1.78874E-06  1.62524E-06    
 25055.03c   54.93805  300.0  2.40774E-06  5.21391E-05  4.82504E-05    
 12024.03c   23.98504  300.0  1.06344E-06  2.30286E-05  9.30403E-06    
 12025.03c   24.98584  300.0  1.34629E-07  2.91536E-06  1.22702E-06    
 12026.03c   25.98260  300.0  1.48227E-07  3.20982E-06  1.40484E-06    
 82204.03c  203.97303  300.0  1.17070E-09  2.53513E-08  8.71036E-08    
 82206.03c  205.97443  300.0  2.01527E-08  4.36402E-07  1.51413E-06    
 82207.03c  206.97594  300.0  1.84803E-08  4.00187E-07  1.39523E-06    
 82208.03c  207.97663  300.0  4.38175E-08  9.48858E-07  3.32414E-06    
 23000.03c   50.94162  300.0  7.67887E-08  1.66284E-06  1.42688E-06    
 56130.03c  129.90595  300.0  1.40989E-12  3.05309E-11  6.68086E-11    
 56132.03c  131.90514  300.0  1.34339E-12  2.90908E-11  6.46371E-11    
 56134.03c  133.90431  300.0  3.21482E-11  6.96162E-10  1.57025E-09    
 56135.03c  134.90591  300.0  8.76794E-11  1.89868E-09  4.31466E-09    
 56136.03c  135.90449  300.0  1.04465E-10  2.26217E-09  5.17872E-09    
 56137.03c  136.90609  300.0  1.49369E-10  3.23455E-09  7.45935E-09    
 56138.03c  137.90467  300.0  9.53673E-10  2.06516E-08  4.79729E-08    
 20040.03c   39.96260  300.0  3.00774E-06  6.51320E-05  4.38442E-05    
 20042.03c   41.95863  300.0  2.00741E-08  4.34700E-07  3.07238E-07    
 20043.03c   42.95877  300.0  4.18857E-09  9.07026E-08  6.56350E-08    
 20044.03c   43.95548  300.0  6.47212E-08  1.40152E-06  1.03771E-06    
 20046.03c   45.95370  300.0  1.24106E-10  2.68749E-09  2.08032E-09    
 20048.03c   47.95254  300.0  5.80195E-09  1.25640E-07  1.01485E-07    
 42092.03c   91.90683  300.0  4.94434E-09  1.07069E-07  1.65758E-07    
 42094.03c   93.90509  300.0  3.08188E-09  6.67374E-08  1.05566E-07    
 42095.03c   94.90589  300.0  5.30417E-09  1.14861E-07  1.83624E-07    
 42096.03c   95.90467  300.0  5.55739E-09  1.20344E-07  1.94414E-07    
 42097.03c   96.90598  300.0  3.18184E-09  6.89021E-08  1.12473E-07    
 42098.03c   97.90536  300.0  8.03955E-09  1.74095E-07  2.87115E-07    
 42100.03c   99.90726  300.0  3.20849E-09  6.94792E-08  1.16927E-07    
 16032.03c   31.97196  300.0  5.49015E-06  1.18888E-04  6.40282E-05    
 16033.03c   32.97104  300.0  4.33342E-08  9.38393E-07  5.21172E-07    
 16034.03c   33.96800  300.0  2.43249E-07  5.26750E-06  3.01397E-06    
 16036.03c   35.96698  300.0  1.15558E-09  2.50238E-08  1.51608E-08    
 31069.03c   68.92571  300.0  1.26658E-06  2.74275E-05  3.18443E-05    
 31071.03c   70.92428  300.0  8.40874E-07  1.82089E-05  2.17542E-05    
 40090.03c   89.90473  300.0  2.55840E-07  5.54016E-06  8.39013E-06    
 40091.03c   90.90563  300.0  5.63286E-08  1.21978E-06  1.86783E-06    
 40092.03c   91.90501  300.0  8.50646E-08  1.84206E-06  2.85171E-06    
 40094.03c   93.90631  300.0  8.65063E-08  1.87328E-06  2.96320E-06    
 40096.03c   95.90830  300.0  1.39206E-08  3.01448E-07  4.87003E-07    
  5010.03c   10.01294  300.0  4.85878E-08  1.05216E-06  1.77462E-07    
  5011.03c   11.00928  300.0  1.95572E-07  4.23507E-06  7.85386E-07    
 48106.03c  105.90579  300.0  3.02614E-10  6.55304E-09  1.16903E-08    
 48108.03c  107.90395  300.0  2.15461E-10  4.66576E-09  8.48055E-09    
 48110.03c  109.90313  300.0  3.02856E-09  6.55828E-08  1.21413E-07    
 48111.03c  110.90372  300.0  3.10119E-09  6.71556E-08  1.25456E-07    
 48112.03c  111.90331  300.0  5.84166E-09  1.26500E-07  2.38450E-07    
 48113.03c  112.89987  300.0  2.95835E-09  6.40624E-08  1.21832E-07    
 48114.03c  113.90349  300.0  6.95286E-09  1.50563E-07  2.88881E-07    
       sum                    4.61792E-02  1.00000E+00  1.00000E+00
-------------------------------------------------------------------

Material "m103":

 - Material is included in majorant
 - Material is included in geometry
 - Atom density 4.6202E-02 1/barn*cm
 - Mass density 4.5516E+00 g/cm3
 - Volume 0.0000E+00 cm3
 - Mass 0.0000E+00 g
 - Photon emission rate 0.0000E+00 1/s
 - Neutron emission rate 0.0000E+00 1/s
 - 93 nuclides in composition
 - No nuclides associated with S(a,b) data
 - 35.02 Mb of memory allocated for data

Isotopic composition (non-zero densities):

-------------------------------------------------------------------
 Nuclide    a. weight   temp      a. dens      a. frac      m. frac
-------------------------------------------------------------------
 13027.03c   26.98154  300.0  3.35563E-02  7.26298E-01  3.30316E-01    
 14028.03c   27.97734  300.0  4.68605E-03  1.01426E-01  4.78303E-02    
 14029.03c   28.97693  300.0  2.37275E-04  5.13562E-03  2.50838E-03    
 14030.03c   29.97349  300.0  1.57506E-04  3.40909E-03  1.72236E-03    
 92234.03c  234.04093  300.0  1.40338E-05  3.03750E-04  1.19828E-03    
 92235.03c  235.04395  300.0  1.41521E-03  3.06310E-02  1.21355E-01    
 92236.03c  236.04556  300.0  9.67265E-06  2.09357E-04  8.32973E-04    
 92238.03c  238.05078  300.0  5.64954E-03  1.22280E-01  4.90650E-01    
  6000.03c   12.00110  300.0  1.84531E-05  3.99402E-04  8.07941E-05    
 50112.03c  111.90533  300.0  1.15918E-07  2.50895E-06  4.73250E-06    
 50114.03c  113.90349  300.0  8.11425E-08  1.75626E-06  3.37190E-06    
 50115.03c  114.90308  300.0  4.63672E-08  1.00358E-06  1.94371E-06    
 50116.03c  115.90166  300.0  1.70399E-06  3.68815E-05  7.20520E-05    
 50117.03c  116.90326  300.0  8.92568E-07  1.93189E-05  3.80678E-05    
 50118.03c  117.90184  300.0  2.81681E-06  6.09675E-05  1.21162E-04    
 50119.03c  118.90345  300.0  9.96894E-07  2.15769E-05  4.32447E-05    
 50120.03c  119.90202  300.0  3.75574E-06  8.12899E-05  1.64290E-04    
 50122.03c  121.90322  300.0  5.33222E-07  1.15411E-05  2.37144E-05    
 50124.03c  123.90542  300.0  6.49140E-07  1.40501E-05  2.93439E-05    
 27059.03c   58.93317  300.0  1.75576E-07  3.80020E-06  3.77498E-06    
 29063.03c   62.92960  300.0  7.09893E-07  1.53650E-05  1.62981E-05    
 29065.03c   64.92777  300.0  3.16409E-07  6.84841E-06  7.49495E-06    
 26054.03c   53.93937  300.0  1.86706E-06  4.04110E-05  3.67412E-05    
 26056.03c   55.93451  300.0  2.95189E-05  6.38912E-04  6.02378E-04    
 26057.03c   56.93510  300.0  7.08195E-07  1.53283E-05  1.47103E-05    
 26058.03c   57.93368  300.0  9.65721E-08  2.09022E-06  2.04114E-06    
 28058.03c   57.93570  300.0  2.02344E-06  4.37957E-05  4.27687E-05    
 28060.03c   59.93084  300.0  7.73572E-07  1.67433E-05  1.69138E-05    
 28061.03c   60.93143  300.0  3.34918E-08  7.24902E-07  7.44508E-07    
 28062.03c   61.92799  300.0  1.06403E-07  2.30300E-06  2.40398E-06    
 28064.03c   63.92818  300.0  2.69713E-08  5.83771E-07  6.29048E-07    
 30000.03c   65.39578  300.0  1.62871E-06  3.52521E-05  3.88582E-05    
  3006.03c    6.01507  300.0  1.14722E-08  2.48306E-07  2.51754E-08    
  3007.03c    7.01600  300.0  1.41491E-07  3.06246E-06  3.62166E-07    
  7014.03c   14.00307  300.0  1.07696E-05  2.33099E-04  5.50190E-05    
  7015.03c   14.99986  300.0  3.99954E-08  8.65667E-07  2.18870E-07    
  8016.03c   15.99492  300.0  3.11111E-04  6.73374E-03  1.81546E-03    
  8017.03c   16.99913  300.0  1.18267E-07  2.55979E-06  7.33466E-07    
  1001.03c    1.00782  300.0  6.67888E-05  1.44559E-03  2.45572E-05    
  1002.03c    2.01410  300.0  1.00198E-08  2.16870E-07  7.36258E-09    
 24050.03c   49.94606  300.0  1.52334E-07  3.29714E-06  2.77580E-06    
 24052.03c   51.94019  300.0  2.93427E-06  6.35098E-05  5.56023E-05    
 24053.03c   52.94079  300.0  3.32683E-07  7.20065E-06  6.42555E-06    
 24054.03c   53.93937  300.0  8.26455E-08  1.78879E-06  1.62635E-06    
 25055.03c   54.93805  300.0  2.40739E-06  5.21060E-05  4.82513E-05    
 12024.03c   23.98504  300.0  1.06268E-06  2.30008E-05  9.29892E-06    
 12025.03c   24.98584  300.0  1.34534E-07  2.91188E-06  1.22635E-06    
 12026.03c   25.98260  300.0  1.48122E-07  3.20598E-06  1.40408E-06    
 82204.03c  203.97303  300.0  1.16987E-09  2.53209E-08  8.70562E-08    
 82206.03c  205.97443  300.0  2.01384E-08  4.35879E-07  1.51331E-06    
 82207.03c  206.97594  300.0  1.84672E-08  3.99707E-07  1.39447E-06    
 82208.03c  207.97663  300.0  4.37865E-08  9.47723E-07  3.32234E-06    
 23000.03c   50.94162  300.0  7.67342E-08  1.66085E-06  1.42610E-06    
 56130.03c  129.90595  300.0  1.40889E-12  3.04943E-11  6.67722E-11    
 56132.03c  131.90514  300.0  1.34244E-12  2.90560E-11  6.46020E-11    
 56134.03c  133.90431  300.0  3.21254E-11  6.95328E-10  1.56940E-09    
 56135.03c  134.90591  300.0  8.76172E-11  1.89640E-09  4.31231E-09    
 56136.03c  135.90449  300.0  1.04391E-10  2.25946E-09  5.17590E-09    
 56137.03c  136.90609  300.0  1.49263E-10  3.23067E-09  7.45529E-09    
 56138.03c  137.90467  300.0  9.52997E-10  2.06268E-08  4.79468E-08    
 20040.03c   39.96260  300.0  3.01029E-06  6.51552E-05  4.38886E-05    
 20042.03c   41.95863  300.0  2.00912E-08  4.34857E-07  3.07551E-07    
 20043.03c   42.95877  300.0  4.19213E-09  9.07352E-08  6.57016E-08    
 20044.03c   43.95548  300.0  6.47761E-08  1.40203E-06  1.03876E-06    
 20046.03c   45.95370  300.0  1.24211E-10  2.68844E-09  2.08243E-09    
 20048.03c   47.95254  300.0  5.80687E-09  1.25685E-07  1.01588E-07    
 42092.03c   91.90683  300.0  4.94084E-09  1.06940E-07  1.65668E-07    
 42094.03c   93.90509  300.0  3.07970E-09  6.66576E-08  1.05508E-07    
 42095.03c   94.90589  300.0  5.30041E-09  1.14723E-07  1.83524E-07    
 42096.03c   95.90467  300.0  5.55345E-09  1.20200E-07  1.94309E-07    
 42097.03c   96.90598  300.0  3.17958E-09  6.88194E-08  1.12411E-07    
 42098.03c   97.90536  300.0  8.03385E-09  1.73886E-07  2.86959E-07    
 42100.03c   99.90726  300.0  3.20622E-09  6.93960E-08  1.16864E-07    
 16032.03c   31.97196  300.0  5.48829E-06  1.18789E-04  6.40171E-05    
 16033.03c   32.97104  300.0  4.33195E-08  9.37615E-07  5.21081E-07    
 16034.03c   33.96800  300.0  2.43167E-07  5.26315E-06  3.01345E-06    
 16036.03c   35.96698  300.0  1.15519E-09  2.50031E-08  1.51582E-08    
 31069.03c   68.92571  300.0  1.26776E-06  2.74396E-05  3.18792E-05    
 31071.03c   70.92428  300.0  8.41658E-07  1.82170E-05  2.17781E-05    
 40090.03c   89.90473  300.0  2.56079E-07  5.54262E-06  8.39935E-06    
 40091.03c   90.90563  300.0  5.63811E-08  1.22032E-06  1.86988E-06    
 40092.03c   91.90501  300.0  8.51440E-08  1.84287E-06  2.85485E-06    
 40094.03c   93.90631  300.0  8.65871E-08  1.87411E-06  2.96645E-06    
 40096.03c   95.90830  300.0  1.39336E-08  3.01581E-07  4.87539E-07    
  5010.03c   10.01294  300.0  4.86219E-08  1.05238E-06  1.77616E-07    
  5011.03c   11.00928  300.0  1.95709E-07  4.23596E-06  7.86066E-07    
 48106.03c  105.90579  300.0  3.02896E-10  6.55593E-09  1.17031E-08    
 48108.03c  107.90395  300.0  2.15662E-10  4.66783E-09  8.48986E-09    
 48110.03c  109.90313  300.0  3.03139E-09  6.56119E-08  1.21546E-07    
 48111.03c  110.90372  300.0  3.10408E-09  6.71852E-08  1.25594E-07    
 48112.03c  111.90331  300.0  5.84711E-09  1.26556E-07  2.38712E-07    
 48113.03c  112.89987  300.0  2.96111E-09  6.40908E-08  1.21966E-07    
 48114.03c  113.90349  300.0  6.95934E-09  1.50629E-07  2.89197E-07    
       sum                    4.62018E-02  1.00000E+00  1.00000E+00
-------------------------------------------------------------------

Material "m104":

 - Material is included in majorant
 - Material is included in geometry
 - Atom density 4.6277E-02 1/barn*cm
 - Mass density 4.5513E+00 g/cm3
 - Volume 0.0000E+00 cm3
 - Mass 0.0000E+00 g
 - Photon emission rate 0.0000E+00 1/s
 - Neutron emission rate 0.0000E+00 1/s
 - 93 nuclides in composition
 - No nuclides associated with S(a,b) data
 - 35.02 Mb of memory allocated for data

Isotopic composition (non-zero densities):

-------------------------------------------------------------------
 Nuclide    a. weight   temp      a. dens      a. frac      m. frac
-------------------------------------------------------------------
 13027.03c   26.98154  300.0  3.36502E-02  7.27146E-01  3.31268E-01    
 14028.03c   27.97734  300.0  4.67930E-03  1.01115E-01  4.77652E-02    
 14029.03c   28.97693  300.0  2.36933E-04  5.11988E-03  2.50497E-03    
 14030.03c   29.97349  300.0  1.57279E-04  3.39864E-03  1.72002E-03    
 92234.03c  234.04093  300.0  1.40137E-05  3.02821E-04  1.19666E-03    
 92235.03c  235.04395  300.0  1.41307E-03  3.05350E-02  1.21182E-01    
 92236.03c  236.04556  300.0  9.65502E-06  2.08635E-04  8.31522E-04    
 92238.03c  238.05078  300.0  5.64101E-03  1.21896E-01  4.89949E-01    
  6000.03c   12.00110  300.0  1.84253E-05  3.98152E-04  8.06789E-05    
 50112.03c  111.90533  300.0  1.15743E-07  2.50109E-06  4.72574E-06    
 50114.03c  113.90349  300.0  8.10203E-08  1.75076E-06  3.36710E-06    
 50115.03c  114.90308  300.0  4.62973E-08  1.00044E-06  1.94094E-06    
 50116.03c  115.90166  300.0  1.70143E-06  3.67661E-05  7.19496E-05    
 50117.03c  116.90326  300.0  8.91224E-07  1.92584E-05  3.80135E-05    
 50118.03c  117.90184  300.0  2.81256E-06  6.07765E-05  1.20989E-04    
 50119.03c  118.90345  300.0  9.95393E-07  2.15094E-05  4.31831E-05    
 50120.03c  119.90202  300.0  3.75008E-06  8.10353E-05  1.64056E-04    
 50122.03c  121.90322  300.0  5.32419E-07  1.15050E-05  2.36806E-05    
 50124.03c  123.90542  300.0  6.48163E-07  1.40061E-05  2.93021E-05    
 27059.03c   58.93317  300.0  1.75975E-07  3.80264E-06  3.78386E-06    
 29063.03c   62.92960  300.0  7.11206E-07  1.53684E-05  1.63296E-05    
 29065.03c   64.92777  300.0  3.16994E-07  6.84991E-06  7.50941E-06    
 26054.03c   53.93937  300.0  1.86808E-06  4.03673E-05  3.67643E-05    
 26056.03c   55.93451  300.0  2.95349E-05  6.38218E-04  6.02754E-04    
 26057.03c   56.93510  300.0  7.08581E-07  1.53117E-05  1.47195E-05    
 26058.03c   57.93368  300.0  9.66247E-08  2.08796E-06  2.04241E-06    
 28058.03c   57.93570  300.0  2.02767E-06  4.38158E-05  4.28616E-05    
 28060.03c   59.93084  300.0  7.75188E-07  1.67510E-05  1.69505E-05    
 28061.03c   60.93143  300.0  3.35618E-08  7.25236E-07  7.46124E-07    
 28062.03c   61.92799  300.0  1.06625E-07  2.30406E-06  2.40919E-06    
 28064.03c   63.92818  300.0  2.70276E-08  5.84038E-07  6.30412E-07    
 30000.03c   65.39578  300.0  1.63307E-06  3.52889E-05  3.89654E-05    
  3006.03c    6.01507  300.0  1.14972E-08  2.48443E-07  2.52323E-08    
  3007.03c    7.01600  300.0  1.41798E-07  3.06411E-06  3.62981E-07    
  7014.03c   14.00307  300.0  1.07534E-05  2.32370E-04  5.49406E-05    
  7015.03c   14.99986  300.0  3.99352E-08  8.62958E-07  2.18558E-07    
  8016.03c   15.99492  300.0  3.10642E-04  6.71265E-03  1.81287E-03    
  8017.03c   16.99913  300.0  1.18089E-07  2.55178E-06  7.32421E-07    
  1001.03c    1.00782  300.0  6.66883E-05  1.44106E-03  2.45222E-05    
  1002.03c    2.01410  300.0  1.00047E-08  2.16191E-07  7.35208E-09    
 24050.03c   49.94606  300.0  1.52595E-07  3.29742E-06  2.78078E-06    
 24052.03c   51.94019  300.0  2.93929E-06  6.35150E-05  5.57020E-05    
 24053.03c   52.94079  300.0  3.33253E-07  7.20125E-06  6.43708E-06    
 24054.03c   53.93937  300.0  8.27871E-08  1.78894E-06  1.62927E-06    
 25055.03c   54.93805  300.0  2.40732E-06  5.20197E-05  4.82538E-05    
 12024.03c   23.98504  300.0  1.06108E-06  2.29288E-05  9.28567E-06    
 12025.03c   24.98584  300.0  1.34331E-07  2.90275E-06  1.22460E-06    
 12026.03c   25.98260  300.0  1.47899E-07  3.19594E-06  1.40208E-06    
 82204.03c  203.97303  300.0  1.16811E-09  2.52416E-08  8.69323E-08    
 82206.03c  205.97443  300.0  2.01081E-08  4.34515E-07  1.51115E-06    
 82207.03c  206.97594  300.0  1.84394E-08  3.98456E-07  1.39249E-06    
 82208.03c  207.97663  300.0  4.37205E-08  9.44754E-07  3.31760E-06    
 23000.03c   50.94162  300.0  7.66187E-08  1.65565E-06  1.42407E-06    
 56130.03c  129.90595  300.0  1.40677E-12  3.03988E-11  6.66771E-11    
 56132.03c  131.90514  300.0  1.34041E-12  2.89649E-11  6.45095E-11    
 56134.03c  133.90431  300.0  3.20771E-11  6.93153E-10  1.56716E-09    
 56135.03c  134.90591  300.0  8.74853E-11  1.89047E-09  4.30616E-09    
 56136.03c  135.90449  300.0  1.04234E-10  2.25239E-09  5.16854E-09    
 56137.03c  136.90609  300.0  1.49038E-10  3.22056E-09  7.44465E-09    
 56138.03c  137.90467  300.0  9.51562E-10  2.05623E-08  4.78785E-08    
 20040.03c   39.96260  300.0  3.01804E-06  6.52167E-05  4.40051E-05    
 20042.03c   41.95863  300.0  2.01429E-08  4.35267E-07  3.08367E-07    
 20043.03c   42.95877  300.0  4.20293E-09  9.08209E-08  6.58762E-08    
 20044.03c   43.95548  300.0  6.49430E-08  1.40335E-06  1.04153E-06    
 20046.03c   45.95370  300.0  1.24531E-10  2.69099E-09  2.08796E-09    
 20048.03c   47.95254  300.0  5.82183E-09  1.25804E-07  1.01858E-07    
 42092.03c   91.90683  300.0  4.93340E-09  1.06606E-07  1.65432E-07    
 42094.03c   93.90509  300.0  3.07506E-09  6.64488E-08  1.05358E-07    
 42095.03c   94.90589  300.0  5.29243E-09  1.14364E-07  1.83262E-07    
 42096.03c   95.90467  300.0  5.54508E-09  1.19823E-07  1.94031E-07    
 42097.03c   96.90598  300.0  3.17479E-09  6.86039E-08  1.12251E-07    
 42098.03c   97.90536  300.0  8.02175E-09  1.73342E-07  2.86550E-07    
 42100.03c   99.90726  300.0  3.20139E-09  6.91787E-08  1.16697E-07    
 16032.03c   31.97196  300.0  5.48536E-06  1.18533E-04  6.39881E-05    
 16033.03c   32.97104  300.0  4.32963E-08  9.35588E-07  5.20844E-07    
 16034.03c   33.96800  300.0  2.43037E-07  5.25178E-06  3.01208E-06    
 16036.03c   35.96698  300.0  1.15457E-09  2.49491E-08  1.51513E-08    
 31069.03c   68.92571  300.0  1.27131E-06  2.74717E-05  3.19711E-05    
 31071.03c   70.92428  300.0  8.44014E-07  1.82383E-05  2.18408E-05    
 40090.03c   89.90473  300.0  2.56796E-07  5.54909E-06  8.42355E-06    
 40091.03c   90.90563  300.0  5.65389E-08  1.22175E-06  1.87527E-06    
 40092.03c   91.90501  300.0  8.53823E-08  1.84502E-06  2.86307E-06    
 40094.03c   93.90631  300.0  8.68294E-08  1.87629E-06  2.97499E-06    
 40096.03c   95.90830  300.0  1.39726E-08  3.01933E-07  4.88943E-07    
  5010.03c   10.01294  300.0  4.87286E-08  1.05297E-06  1.78020E-07    
  5011.03c   11.00928  300.0  1.96139E-07  4.23836E-06  7.87857E-07    
 48106.03c  105.90579  300.0  3.03744E-10  6.56359E-09  1.17369E-08    
 48108.03c  107.90395  300.0  2.16266E-10  4.67328E-09  8.51432E-09    
 48110.03c  109.90313  300.0  3.03987E-09  6.56884E-08  1.21896E-07    
 48111.03c  110.90372  300.0  3.11277E-09  6.72637E-08  1.25956E-07    
 48112.03c  111.90331  300.0  5.86347E-09  1.26703E-07  2.39399E-07    
 48113.03c  112.89987  300.0  2.96940E-09  6.41656E-08  1.22317E-07    
 48114.03c  113.90349  300.0  6.97882E-09  1.50805E-07  2.90030E-07    
       sum                    4.62771E-02  1.00000E+00  1.00000E+00
-------------------------------------------------------------------

Material "m105":

 - Material is included in majorant
 - Material is included in geometry
 - Atom density 4.6237E-02 1/barn*cm
 - Mass density 4.5515E+00 g/cm3
 - Volume 0.0000E+00 cm3
 - Mass 0.0000E+00 g
 - Photon emission rate 0.0000E+00 1/s
 - Neutron emission rate 0.0000E+00 1/s
 - 93 nuclides in composition
 - No nuclides associated with S(a,b) data
 - 35.02 Mb of memory allocated for data

Isotopic composition (non-zero densities):

-------------------------------------------------------------------
 Nuclide    a. weight   temp      a. dens      a. frac      m. frac
-------------------------------------------------------------------
 13027.03c   26.98154  300.0  3.36002E-02  7.26693E-01  3.30761E-01    
 14028.03c   27.97734  300.0  4.68299E-03  1.01282E-01  4.78008E-02    
 14029.03c   28.97693  300.0  2.37120E-04  5.12835E-03  2.50684E-03    
 14030.03c   29.97349  300.0  1.57403E-04  3.40426E-03  1.72130E-03    
 92234.03c  234.04093  300.0  1.40227E-05  3.03278E-04  1.19737E-03    
 92235.03c  235.04395  300.0  1.41421E-03  3.05860E-02  1.21274E-01    
 92236.03c  236.04556  300.0  9.66965E-06  2.09132E-04  8.32745E-04    
 92238.03c  238.05078  300.0  5.64554E-03  1.22100E-01  4.90321E-01    
  6000.03c   12.00110  300.0  1.84402E-05  3.98818E-04  8.07406E-05    
 50112.03c  111.90533  300.0  1.15836E-07  2.50526E-06  4.72933E-06    
 50114.03c  113.90349  300.0  8.10855E-08  1.75369E-06  3.36966E-06    
 50115.03c  114.90308  300.0  4.63346E-08  1.00211E-06  1.94242E-06    
 50116.03c  115.90166  300.0  1.70280E-06  3.68276E-05  7.20044E-05    
 50117.03c  116.90326  300.0  8.91941E-07  1.92906E-05  3.80424E-05    
 50118.03c  117.90184  300.0  2.81483E-06  6.08782E-05  1.21082E-04    
 50119.03c  118.90345  300.0  9.96194E-07  2.15453E-05  4.32159E-05    
 50120.03c  119.90202  300.0  3.75310E-06  8.11707E-05  1.64181E-04    
 50122.03c  121.90322  300.0  5.32848E-07  1.15243E-05  2.36987E-05    
 50124.03c  123.90542  300.0  6.48684E-07  1.40295E-05  2.93244E-05    
 27059.03c   58.93317  300.0  1.75763E-07  3.80134E-06  3.77914E-06    
 29063.03c   62.92960  300.0  7.10508E-07  1.53666E-05  1.63128E-05    
 29065.03c   64.92777  300.0  3.16683E-07  6.84911E-06  7.50172E-06    
 26054.03c   53.93937  300.0  1.86754E-06  4.03905E-05  3.67520E-05    
 26056.03c   55.93451  300.0  2.95264E-05  6.38587E-04  6.02554E-04    
 26057.03c   56.93510  300.0  7.08376E-07  1.53205E-05  1.47146E-05    
 26058.03c   57.93368  300.0  9.65968E-08  2.08916E-06  2.04174E-06    
 28058.03c   57.93570  300.0  2.02542E-06  4.38051E-05  4.28121E-05    
 28060.03c   59.93084  300.0  7.74328E-07  1.67469E-05  1.69309E-05    
 28061.03c   60.93143  300.0  3.35245E-08  7.25056E-07  7.45263E-07    
 28062.03c   61.92799  300.0  1.06507E-07  2.30350E-06  2.40642E-06    
 28064.03c   63.92818  300.0  2.69976E-08  5.83895E-07  6.29685E-07    
 30000.03c   65.39578  300.0  1.63075E-06  3.52693E-05  3.89084E-05    
  3006.03c    6.01507  300.0  1.14839E-08  2.48370E-07  2.52021E-08    
  3007.03c    7.01600  300.0  1.41635E-07  3.06323E-06  3.62548E-07    
  7014.03c   14.00307  300.0  1.07620E-05  2.32757E-04  5.49822E-05    
  7015.03c   14.99986  300.0  3.99673E-08  8.64399E-07  2.18725E-07    
  8016.03c   15.99492  300.0  3.10892E-04  6.72386E-03  1.81425E-03    
  8017.03c   16.99913  300.0  1.18184E-07  2.55604E-06  7.32978E-07    
  1001.03c    1.00782  300.0  6.67419E-05  1.44347E-03  2.45408E-05    
  1002.03c    2.01410  300.0  1.00128E-08  2.16553E-07  7.35771E-09    
 24050.03c   49.94606  300.0  1.52456E-07  3.29727E-06  2.77812E-06    
 24052.03c   51.94019  300.0  2.93662E-06  6.35122E-05  5.56490E-05    
 24053.03c   52.94079  300.0  3.32950E-07  7.20093E-06  6.43095E-06    
 24054.03c   53.93937  300.0  8.27118E-08  1.78886E-06  1.62772E-06    
 25055.03c   54.93805  300.0  2.40736E-06  5.20655E-05  4.82525E-05    
 12024.03c   23.98504  300.0  1.06194E-06  2.29673E-05  9.29279E-06    
 12025.03c   24.98584  300.0  1.34439E-07  2.90760E-06  1.22553E-06    
 12026.03c   25.98260  300.0  1.48018E-07  3.20128E-06  1.40315E-06    
 82204.03c  203.97303  300.0  1.16905E-09  2.52838E-08  8.69985E-08    
 82206.03c  205.97443  300.0  2.01243E-08  4.35241E-07  1.51231E-06    
 82207.03c  206.97594  300.0  1.84542E-08  3.99121E-07  1.39354E-06    
 82208.03c  207.97663  300.0  4.37557E-08  9.46333E-07  3.32013E-06    
 23000.03c   50.94162  300.0  7.66803E-08  1.65841E-06  1.42516E-06    
 56130.03c  129.90595  300.0  1.40790E-12  3.04496E-11  6.67278E-11    
 56132.03c  131.90514  300.0  1.34149E-12  2.90133E-11  6.45587E-11    
 56134.03c  133.90431  300.0  3.21029E-11  6.94310E-10  1.56836E-09    
 56135.03c  134.90591  300.0  8.75557E-11  1.89362E-09  4.30944E-09    
 56136.03c  135.90449  300.0  1.04318E-10  2.25615E-09  5.17248E-09    
 56137.03c  136.90609  300.0  1.49158E-10  3.22594E-09  7.45032E-09    
 56138.03c  137.90467  300.0  9.52327E-10  2.05966E-08  4.79149E-08    
 20040.03c   39.96260  300.0  3.01392E-06  6.51840E-05  4.39431E-05    
 20042.03c   41.95863  300.0  2.01154E-08  4.35049E-07  3.07933E-07    
 20043.03c   42.95877  300.0  4.19718E-09  9.07751E-08  6.57832E-08    
 20044.03c   43.95548  300.0  6.48542E-08  1.40264E-06  1.04006E-06    
 20046.03c   45.95370  300.0  1.24361E-10  2.68964E-09  2.08502E-09    
 20048.03c   47.95254  300.0  5.81387E-09  1.25740E-07  1.01714E-07    
 42092.03c   91.90683  300.0  4.93736E-09  1.06783E-07  1.65557E-07    
 42094.03c   93.90509  300.0  3.07753E-09  6.65597E-08  1.05438E-07    
 42095.03c   94.90589  300.0  5.29669E-09  1.14555E-07  1.83402E-07    
 42096.03c   95.90467  300.0  5.54954E-09  1.20024E-07  1.94179E-07    
 42097.03c   96.90598  300.0  3.17735E-09  6.87186E-08  1.12337E-07    
 42098.03c   97.90536  300.0  8.02821E-09  1.73631E-07  2.86768E-07    
 42100.03c   99.90726  300.0  3.20396E-09  6.92941E-08  1.16786E-07    
 16032.03c   31.97196  300.0  5.48693E-06  1.18669E-04  6.40036E-05    
 16033.03c   32.97104  300.0  4.33087E-08  9.36665E-07  5.20971E-07    
 16034.03c   33.96800  300.0  2.43106E-07  5.25781E-06  3.01281E-06    
 16036.03c   35.96698  300.0  1.15490E-09  2.49778E-08  1.51549E-08    
 31069.03c   68.92571  300.0  1.26942E-06  2.74546E-05  3.19222E-05    
 31071.03c   70.92428  300.0  8.42760E-07  1.82269E-05  2.18074E-05    
 40090.03c   89.90473  300.0  2.56414E-07  5.54563E-06  8.41066E-06    
 40091.03c   90.90563  300.0  5.64549E-08  1.22099E-06  1.87240E-06    
 40092.03c   91.90501  300.0  8.52554E-08  1.84387E-06  2.85869E-06    
 40094.03c   93.90631  300.0  8.67004E-08  1.87513E-06  2.97045E-06    
 40096.03c   95.90830  300.0  1.39518E-08  3.01745E-07  4.88194E-07    
  5010.03c   10.01294  300.0  4.86718E-08  1.05266E-06  1.77805E-07    
  5011.03c   11.00928  300.0  1.95910E-07  4.23707E-06  7.86903E-07    
 48106.03c  105.90579  300.0  3.03293E-10  6.55951E-09  1.17189E-08    
 48108.03c  107.90395  300.0  2.15944E-10  4.67036E-09  8.50128E-09    
 48110.03c  109.90313  300.0  3.03535E-09  6.56475E-08  1.21710E-07    
 48111.03c  110.90372  300.0  3.10814E-09  6.72218E-08  1.25763E-07    
 48112.03c  111.90331  300.0  5.85476E-09  1.26625E-07  2.39033E-07    
 48113.03c  112.89987  300.0  2.96499E-09  6.41258E-08  1.22130E-07    
 48114.03c  113.90349  300.0  6.96845E-09  1.50711E-07  2.89587E-07    
       sum                    4.62371E-02  1.00000E+00  1.00000E+00
-------------------------------------------------------------------

Material "m106":

 - Material is included in majorant
 - Material is included in geometry
 - Atom density 4.6142E-02 1/barn*cm
 - Mass density 4.5519E+00 g/cm3
 - Volume 0.0000E+00 cm3
 - Mass 0.0000E+00 g
 - Photon emission rate 0.0000E+00 1/s
 - Neutron emission rate 0.0000E+00 1/s
 - 93 nuclides in composition
 - No nuclides associated with S(a,b) data
 - 35.02 Mb of memory allocated for data

Isotopic composition (non-zero densities):

-------------------------------------------------------------------
 Nuclide    a. weight   temp      a. dens      a. frac      m. frac
-------------------------------------------------------------------
 13027.03c   26.98154  300.0  3.34816E-02  7.25616E-01  3.29559E-01    
 14028.03c   27.97734  300.0  4.69180E-03  1.01681E-01  4.78857E-02    
 14029.03c   28.97693  300.0  2.37566E-04  5.14855E-03  2.51129E-03    
 14030.03c   29.97349  300.0  1.57699E-04  3.41767E-03  1.72435E-03    
 92234.03c  234.04093  300.0  1.40484E-05  3.04458E-04  1.19944E-03    
 92235.03c  235.04395  300.0  1.41691E-03  3.07074E-02  1.21493E-01    
 92236.03c  236.04556  300.0  9.69165E-06  2.10038E-04  8.34553E-04    
 92238.03c  238.05078  300.0  5.65631E-03  1.22584E-01  4.91205E-01    
  6000.03c   12.00110  300.0  1.84753E-05  4.00398E-04  8.08859E-05    
 50112.03c  111.90533  300.0  1.16057E-07  2.51520E-06  4.73786E-06    
 50114.03c  113.90349  300.0  8.12402E-08  1.76064E-06  3.37573E-06    
 50115.03c  114.90308  300.0  4.64230E-08  1.00608E-06  1.94592E-06    
 50116.03c  115.90166  300.0  1.70604E-06  3.69734E-05  7.21338E-05    
 50117.03c  116.90326  300.0  8.93643E-07  1.93671E-05  3.81110E-05    
 50118.03c  117.90184  300.0  2.82020E-06  6.11196E-05  1.21300E-04    
 50119.03c  118.90345  300.0  9.98094E-07  2.16308E-05  4.32938E-05    
 50120.03c  119.90202  300.0  3.76026E-06  8.14927E-05  1.64477E-04    
 50122.03c  121.90322  300.0  5.33864E-07  1.15699E-05  2.37414E-05    
 50124.03c  123.90542  300.0  6.49922E-07  1.40852E-05  2.93773E-05    
 27059.03c   58.93317  300.0  1.75259E-07  3.79823E-06  3.76791E-06    
 29063.03c   62.92960  300.0  7.08850E-07  1.53623E-05  1.62731E-05    
 29065.03c   64.92777  300.0  3.15944E-07  6.84716E-06  7.48343E-06    
 26054.03c   53.93937  300.0  1.86626E-06  4.04457E-05  3.67230E-05    
 26056.03c   55.93451  300.0  2.95062E-05  6.39461E-04  6.02079E-04    
 26057.03c   56.93510  300.0  7.07891E-07  1.53415E-05  1.47030E-05    
 26058.03c   57.93368  300.0  9.65306E-08  2.09202E-06  2.04012E-06    
 28058.03c   57.93570  300.0  2.02008E-06  4.37793E-05  4.26948E-05    
 28060.03c   59.93084  300.0  7.72288E-07  1.67371E-05  1.68846E-05    
 28061.03c   60.93143  300.0  3.34362E-08  7.24632E-07  7.43222E-07    
 28062.03c   61.92799  300.0  1.06227E-07  2.30216E-06  2.39984E-06    
 28064.03c   63.92818  300.0  2.69265E-08  5.83553E-07  6.27961E-07    
 30000.03c   65.39578  300.0  1.62524E-06  3.52223E-05  3.87728E-05    
  3006.03c    6.01507  300.0  1.14524E-08  2.48197E-07  2.51303E-08    
  3007.03c    7.01600  300.0  1.41246E-07  3.06109E-06  3.61515E-07    
  7014.03c   14.00307  300.0  1.07826E-05  2.33681E-04  5.50817E-05    
  7015.03c   14.99986  300.0  4.00436E-08  8.67828E-07  2.19119E-07    
  8016.03c   15.99492  300.0  3.11485E-04  6.75053E-03  1.81752E-03    
  8017.03c   16.99913  300.0  1.18409E-07  2.56617E-06  7.34297E-07    
  1001.03c    1.00782  300.0  6.68692E-05  1.44919E-03  2.45851E-05    
  1002.03c    2.01410  300.0  1.00319E-08  2.17412E-07  7.37097E-09    
 24050.03c   49.94606  300.0  1.52126E-07  3.29689E-06  2.77182E-06    
 24052.03c   51.94019  300.0  2.93027E-06  6.35050E-05  5.55228E-05    
 24053.03c   52.94079  300.0  3.32230E-07  7.20012E-06  6.41637E-06    
 24054.03c   53.93937  300.0  8.25330E-08  1.78866E-06  1.62403E-06    
 25055.03c   54.93805  300.0  2.40745E-06  5.21744E-05  4.82493E-05    
 12024.03c   23.98504  300.0  1.06396E-06  2.30582E-05  9.30949E-06    
 12025.03c   24.98584  300.0  1.34696E-07  2.91914E-06  1.22775E-06    
 12026.03c   25.98260  300.0  1.48300E-07  3.21397E-06  1.40567E-06    
 82204.03c  203.97303  300.0  1.17128E-09  2.53841E-08  8.71553E-08    
 82206.03c  205.97443  300.0  2.01627E-08  4.36968E-07  1.51503E-06    
 82207.03c  206.97594  300.0  1.84894E-08  4.00704E-07  1.39606E-06    
 82208.03c  207.97663  300.0  4.38392E-08  9.50087E-07  3.32612E-06    
 23000.03c   50.94162  300.0  7.68266E-08  1.66499E-06  1.42772E-06    
 56130.03c  129.90595  300.0  1.41059E-12  3.05704E-11  6.68482E-11    
 56132.03c  131.90514  300.0  1.34405E-12  2.91284E-11  6.46751E-11    
 56134.03c  133.90431  300.0  3.21641E-11  6.97063E-10  1.57118E-09    
 56135.03c  134.90591  300.0  8.77227E-11  1.90113E-09  4.31721E-09    
 56136.03c  135.90449  300.0  1.04517E-10  2.26510E-09  5.18180E-09    
 56137.03c  136.90609  300.0  1.49443E-10  3.23874E-09  7.46377E-09    
 56138.03c  137.90467  300.0  9.54144E-10  2.06783E-08  4.80013E-08    
 20040.03c   39.96260  300.0  3.00412E-06  6.51055E-05  4.37957E-05    
 20042.03c   41.95863  300.0  2.00500E-08  4.34525E-07  3.06899E-07    
 20043.03c   42.95877  300.0  4.18354E-09  9.06660E-08  6.55626E-08    
 20044.03c   43.95548  300.0  6.46434E-08  1.40096E-06  1.03657E-06    
 20046.03c   45.95370  300.0  1.23957E-10  2.68641E-09  2.07803E-09    
 20048.03c   47.95254  300.0  5.79497E-09  1.25589E-07  1.01373E-07    
 42092.03c   91.90683  300.0  4.94678E-09  1.07207E-07  1.65856E-07    
 42094.03c   93.90509  300.0  3.08341E-09  6.68239E-08  1.05628E-07    
 42095.03c   94.90589  300.0  5.30679E-09  1.15009E-07  1.83732E-07    
 42096.03c   95.90467  300.0  5.56013E-09  1.20500E-07  1.94529E-07    
 42097.03c   96.90598  300.0  3.18341E-09  6.89911E-08  1.12539E-07    
 42098.03c   97.90536  300.0  8.04352E-09  1.74320E-07  2.87285E-07    
 42100.03c   99.90726  300.0  3.21008E-09  6.95691E-08  1.16997E-07    
 16032.03c   31.97196  300.0  5.49066E-06  1.18994E-04  6.40404E-05    
 16033.03c   32.97104  300.0  4.33382E-08  9.39229E-07  5.21271E-07    
 16034.03c   33.96800  300.0  2.43272E-07  5.27221E-06  3.01455E-06    
 16036.03c   35.96698  300.0  1.15568E-09  2.50460E-08  1.51636E-08    
 31069.03c   68.92571  300.0  1.26494E-06  2.74139E-05  3.18062E-05    
 31071.03c   70.92428  300.0  8.39785E-07  1.81999E-05  2.17282E-05    
 40090.03c   89.90473  300.0  2.55509E-07  5.53741E-06  8.38009E-06    
 40091.03c   90.90563  300.0  5.62556E-08  1.21918E-06  1.86559E-06    
 40092.03c   91.90501  300.0  8.49544E-08  1.84114E-06  2.84830E-06    
 40094.03c   93.90631  300.0  8.63943E-08  1.87234E-06  2.95965E-06    
 40096.03c   95.90830  300.0  1.39025E-08  3.01296E-07  4.86418E-07    
  5010.03c   10.01294  300.0  4.85372E-08  1.05190E-06  1.77295E-07    
  5011.03c   11.00928  300.0  1.95368E-07  4.23403E-06  7.84643E-07    
 48106.03c  105.90579  300.0  3.02222E-10  6.54978E-09  1.16763E-08    
 48108.03c  107.90395  300.0  2.15182E-10  4.66344E-09  8.47039E-09    
 48110.03c  109.90313  300.0  3.02464E-09  6.55502E-08  1.21267E-07    
 48111.03c  110.90372  300.0  3.09717E-09  6.71221E-08  1.25306E-07    
 48112.03c  111.90331  300.0  5.83410E-09  1.26437E-07  2.38164E-07    
 48113.03c  112.89987  300.0  2.95452E-09  6.40306E-08  1.21686E-07    
 48114.03c  113.90349  300.0  6.94385E-09  1.50488E-07  2.88534E-07    
       sum                    4.61423E-02  1.00000E+00  1.00000E+00
-------------------------------------------------------------------

Material "m107":

 - Material is included in majorant
 - Material is included in geometry
 - Atom density 4.6138E-02 1/barn*cm
 - Mass density 4.5520E+00 g/cm3
 - Volume 0.0000E+00 cm3
 - Mass 0.0000E+00 g
 - Photon emission rate 0.0000E+00 1/s
 - Neutron emission rate 0.0000E+00 1/s
 - 93 nuclides in composition
 - No nuclides associated with S(a,b) data
 - 35.02 Mb of memory allocated for data

Isotopic composition (non-zero densities):

-------------------------------------------------------------------
 Nuclide    a. weight   temp      a. dens      a. frac      m. frac
-------------------------------------------------------------------
 13027.03c   26.98154  300.0  3.34757E-02  7.25559E-01  3.29498E-01    
 14028.03c   27.97734  300.0  4.69242E-03  1.01704E-01  4.78917E-02    
 14029.03c   28.97693  300.0  2.37598E-04  5.14975E-03  2.51161E-03    
 14030.03c   29.97349  300.0  1.57720E-04  3.41845E-03  1.72457E-03    
 92234.03c  234.04093  300.0  1.40514E-05  3.04553E-04  1.19969E-03    
 92235.03c  235.04395  300.0  1.41704E-03  3.07132E-02  1.21503E-01    
 92236.03c  236.04556  300.0  9.68746E-06  2.09968E-04  8.34185E-04    
 92238.03c  238.05078  300.0  5.65686E-03  1.22608E-01  4.91249E-01    
  6000.03c   12.00110  300.0  1.84772E-05  4.00478E-04  8.08935E-05    
 50112.03c  111.90533  300.0  1.16069E-07  2.51570E-06  4.73831E-06    
 50114.03c  113.90349  300.0  8.12483E-08  1.76099E-06  3.37604E-06    
 50115.03c  114.90308  300.0  4.64276E-08  1.00628E-06  1.94610E-06    
 50116.03c  115.90166  300.0  1.70621E-06  3.69807E-05  7.21405E-05    
 50117.03c  116.90326  300.0  8.93731E-07  1.93709E-05  3.81145E-05    
 50118.03c  117.90184  300.0  2.82048E-06  6.11316E-05  1.21311E-04    
 50119.03c  118.90345  300.0  9.98193E-07  2.16350E-05  4.32978E-05    
 50120.03c  119.90202  300.0  3.76063E-06  8.15086E-05  1.64492E-04    
 50122.03c  121.90322  300.0  5.33917E-07  1.15722E-05  2.37436E-05    
 50124.03c  123.90542  300.0  6.49986E-07  1.40879E-05  2.93800E-05    
 27059.03c   58.93317  300.0  1.75234E-07  3.79806E-06  3.76734E-06    
 29063.03c   62.92960  300.0  7.08767E-07  1.53620E-05  1.62710E-05    
 29065.03c   64.92777  300.0  3.15907E-07  6.84703E-06  7.48250E-06    
 26054.03c   53.93937  300.0  1.86620E-06  4.04484E-05  3.67215E-05    
 26056.03c   55.93451  300.0  2.95052E-05  6.39502E-04  6.02054E-04    
 26057.03c   56.93510  300.0  7.07868E-07  1.53425E-05  1.47024E-05    
 26058.03c   57.93368  300.0  9.65274E-08  2.09215E-06  2.04004E-06    
 28058.03c   57.93570  300.0  2.01981E-06  4.37778E-05  4.26888E-05    
 28060.03c   59.93084  300.0  7.72186E-07  1.67365E-05  1.68822E-05    
 28061.03c   60.93143  300.0  3.34318E-08  7.24607E-07  7.43118E-07    
 28062.03c   61.92799  300.0  1.06213E-07  2.30208E-06  2.39950E-06    
 28064.03c   63.92818  300.0  2.69229E-08  5.83532E-07  6.27872E-07    
 30000.03c   65.39578  300.0  1.62496E-06  3.52197E-05  3.87658E-05    
  3006.03c    6.01507  300.0  1.14508E-08  2.48187E-07  2.51266E-08    
  3007.03c    7.01600  300.0  1.41227E-07  3.06098E-06  3.61463E-07    
  7014.03c   14.00307  300.0  1.07836E-05  2.33726E-04  5.50863E-05    
  7015.03c   14.99986  300.0  4.00476E-08  8.68000E-07  2.19139E-07    
  8016.03c   15.99492  300.0  3.11516E-04  6.75186E-03  1.81769E-03    
  8017.03c   16.99913  300.0  1.18421E-07  2.56668E-06  7.34365E-07    
  1001.03c    1.00782  300.0  6.68759E-05  1.44948E-03  2.45873E-05    
  1002.03c    2.01410  300.0  1.00329E-08  2.17455E-07  7.37165E-09    
 24050.03c   49.94606  300.0  1.52110E-07  3.29686E-06  2.77151E-06    
 24052.03c   51.94019  300.0  2.92995E-06  6.35043E-05  5.55163E-05    
 24053.03c   52.94079  300.0  3.32194E-07  7.20004E-06  6.41562E-06    
 24054.03c   53.93937  300.0  8.25241E-08  1.78864E-06  1.62384E-06    
 25055.03c   54.93805  300.0  2.40746E-06  5.21798E-05  4.82491E-05    
 12024.03c   23.98504  300.0  1.06407E-06  2.30629E-05  9.31038E-06    
 12025.03c   24.98584  300.0  1.34709E-07  2.91971E-06  1.22786E-06    
 12026.03c   25.98260  300.0  1.48315E-07  3.21461E-06  1.40580E-06    
 82204.03c  203.97303  300.0  1.17139E-09  2.53889E-08  8.71628E-08    
 82206.03c  205.97443  300.0  2.01647E-08  4.37054E-07  1.51517E-06    
 82207.03c  206.97594  300.0  1.84913E-08  4.00784E-07  1.39619E-06    
 82208.03c  207.97663  300.0  4.38435E-08  9.50273E-07  3.32642E-06    
 23000.03c   50.94162  300.0  7.68342E-08  1.66532E-06  1.42785E-06    
 56130.03c  129.90595  300.0  1.41073E-12  3.05764E-11  6.68544E-11    
 56132.03c  131.90514  300.0  1.34419E-12  2.91342E-11  6.46814E-11    
 56134.03c  133.90431  300.0  3.21673E-11  6.97200E-10  1.57132E-09    
 56135.03c  134.90591  300.0  8.77314E-11  1.90151E-09  4.31760E-09    
 56136.03c  135.90449  300.0  1.04527E-10  2.26554E-09  5.18226E-09    
 56137.03c  136.90609  300.0  1.49457E-10  3.23936E-09  7.46442E-09    
 56138.03c  137.90467  300.0  9.54238E-10  2.06823E-08  4.80057E-08    
 20040.03c   39.96260  300.0  3.00363E-06  6.51013E-05  4.37882E-05    
 20042.03c   41.95863  300.0  2.00467E-08  4.34496E-07  3.06846E-07    
 20043.03c   42.95877  300.0  4.18285E-09  9.06599E-08  6.55512E-08    
 20044.03c   43.95548  300.0  6.46328E-08  1.40086E-06  1.03639E-06    
 20046.03c   45.95370  300.0  1.23936E-10  2.68621E-09  2.07766E-09    
 20048.03c   47.95254  300.0  5.79403E-09  1.25581E-07  1.01356E-07    
 42092.03c   91.90683  300.0  4.94727E-09  1.07228E-07  1.65871E-07    
 42094.03c   93.90509  300.0  3.08371E-09  6.68369E-08  1.05638E-07    
 42095.03c   94.90589  300.0  5.30732E-09  1.15032E-07  1.83749E-07    
 42096.03c   95.90467  300.0  5.56068E-09  1.20523E-07  1.94547E-07    
 42097.03c   96.90598  300.0  3.18372E-09  6.90046E-08  1.12549E-07    
 42098.03c   97.90536  300.0  8.04432E-09  1.74354E-07  2.87311E-07    
 42100.03c   99.90726  300.0  3.21039E-09  6.95826E-08  1.17007E-07    
 16032.03c   31.97196  300.0  5.49086E-06  1.19010E-04  6.40422E-05    
 16033.03c   32.97104  300.0  4.33397E-08  9.39353E-07  5.21285E-07    
 16034.03c   33.96800  300.0  2.43280E-07  5.27290E-06  3.01462E-06    
 16036.03c   35.96698  300.0  1.15573E-09  2.50495E-08  1.51641E-08    
 31069.03c   68.92571  300.0  1.26471E-06  2.74116E-05  3.18001E-05    
 31071.03c   70.92428  300.0  8.39635E-07  1.81984E-05  2.17241E-05    
 40090.03c   89.90473  300.0  2.55463E-07  5.53696E-06  8.37852E-06    
 40091.03c   90.90563  300.0  5.62456E-08  1.21908E-06  1.86525E-06    
 40092.03c   91.90501  300.0  8.49393E-08  1.84099E-06  2.84777E-06    
 40094.03c   93.90631  300.0  8.63790E-08  1.87220E-06  2.95910E-06    
 40096.03c   95.90830  300.0  1.39001E-08  3.01274E-07  4.86330E-07    
  5010.03c   10.01294  300.0  4.85304E-08  1.05186E-06  1.77269E-07    
  5011.03c   11.00928  300.0  1.95341E-07  4.23386E-06  7.84529E-07    
 48106.03c  105.90579  300.0  3.02168E-10  6.54925E-09  1.16741E-08    
 48108.03c  107.90395  300.0  2.15144E-10  4.66307E-09  8.46883E-09    
 48110.03c  109.90313  300.0  3.02410E-09  6.55449E-08  1.21245E-07    
 48111.03c  110.90372  300.0  3.09662E-09  6.71168E-08  1.25283E-07    
 48112.03c  111.90331  300.0  5.83306E-09  1.26427E-07  2.38120E-07    
 48113.03c  112.89987  300.0  2.95400E-09  6.40256E-08  1.21664E-07    
 48114.03c  113.90349  300.0  6.94262E-09  1.50476E-07  2.88481E-07    
       sum                    4.61378E-02  1.00000E+00  1.00000E+00
-------------------------------------------------------------------

Material "m108":

 - Material is included in majorant
 - Material is included in geometry
 - Atom density 4.6235E-02 1/barn*cm
 - Mass density 4.5515E+00 g/cm3
 - Volume 0.0000E+00 cm3
 - Mass 0.0000E+00 g
 - Photon emission rate 0.0000E+00 1/s
 - Neutron emission rate 0.0000E+00 1/s
 - 93 nuclides in composition
 - No nuclides associated with S(a,b) data
 - 35.02 Mb of memory allocated for data

Isotopic composition (non-zero densities):

-------------------------------------------------------------------
 Nuclide    a. weight   temp      a. dens      a. frac      m. frac
-------------------------------------------------------------------
 13027.03c   26.98154  300.0  3.35975E-02  7.26666E-01  3.30733E-01    
 14028.03c   27.97734  300.0  4.68335E-03  1.01294E-01  4.78042E-02    
 14029.03c   28.97693  300.0  2.37138E-04  5.12896E-03  2.50701E-03    
 14030.03c   29.97349  300.0  1.57415E-04  3.40466E-03  1.72142E-03    
 92234.03c  234.04093  300.0  1.40242E-05  3.03323E-04  1.19749E-03    
 92235.03c  235.04395  300.0  1.41427E-03  3.05886E-02  1.21279E-01    
 92236.03c  236.04556  300.0  9.66759E-06  2.09096E-04  8.32565E-04    
 92238.03c  238.05078  300.0  5.64580E-03  1.22111E-01  4.90341E-01    
  6000.03c   12.00110  300.0  1.84410E-05  3.98853E-04  8.07437E-05    
 50112.03c  111.90533  300.0  1.15842E-07  2.50550E-06  4.72955E-06    
 50114.03c  113.90349  300.0  8.10892E-08  1.75385E-06  3.36980E-06    
 50115.03c  114.90308  300.0  4.63368E-08  1.00220E-06  1.94250E-06    
 50116.03c  115.90166  300.0  1.70288E-06  3.68309E-05  7.20074E-05    
 50117.03c  116.90326  300.0  8.91982E-07  1.92923E-05  3.80440E-05    
 50118.03c  117.90184  300.0  2.81496E-06  6.08836E-05  1.21087E-04    
 50119.03c  118.90345  300.0  9.96239E-07  2.15472E-05  4.32177E-05    
 50120.03c  119.90202  300.0  3.75328E-06  8.11781E-05  1.64188E-04    
 50122.03c  121.90322  300.0  5.32873E-07  1.15253E-05  2.36997E-05    
 50124.03c  123.90542  300.0  6.48714E-07  1.40308E-05  2.93257E-05    
 27059.03c   58.93317  300.0  1.75751E-07  3.80124E-06  3.77886E-06    
 29063.03c   62.92960  300.0  7.10468E-07  1.53664E-05  1.63119E-05    
 29065.03c   64.92777  300.0  3.16666E-07  6.84903E-06  7.50128E-06    
 26054.03c   53.93937  300.0  1.86751E-06  4.03916E-05  3.67513E-05    
 26056.03c   55.93451  300.0  2.95260E-05  6.38605E-04  6.02543E-04    
 26057.03c   56.93510  300.0  7.08365E-07  1.53209E-05  1.47144E-05    
 26058.03c   57.93368  300.0  9.65953E-08  2.08922E-06  2.04170E-06    
 28058.03c   57.93570  300.0  2.02529E-06  4.38041E-05  4.28092E-05    
 28060.03c   59.93084  300.0  7.74280E-07  1.67466E-05  1.69298E-05    
 28061.03c   60.93143  300.0  3.35225E-08  7.25044E-07  7.45214E-07    
 28062.03c   61.92799  300.0  1.06501E-07  2.30346E-06  2.40627E-06    
 28064.03c   63.92818  300.0  2.69960E-08  5.83885E-07  6.29644E-07    
 30000.03c   65.39578  300.0  1.63062E-06  3.52680E-05  3.89050E-05    
  3006.03c    6.01507  300.0  1.14832E-08  2.48365E-07  2.52004E-08    
  3007.03c    7.01600  300.0  1.41626E-07  3.06317E-06  3.62524E-07    
  7014.03c   14.00307  300.0  1.07625E-05  2.32778E-04  5.49845E-05    
  7015.03c   14.99986  300.0  3.99692E-08  8.64477E-07  2.18734E-07    
  8016.03c   15.99492  300.0  3.10907E-04  6.72447E-03  1.81433E-03    
  8017.03c   16.99913  300.0  1.18190E-07  2.55628E-06  7.33012E-07    
  1001.03c    1.00782  300.0  6.67449E-05  1.44360E-03  2.45419E-05    
  1002.03c    2.01410  300.0  1.00133E-08  2.16573E-07  7.35804E-09    
 24050.03c   49.94606  300.0  1.52448E-07  3.29723E-06  2.77796E-06    
 24052.03c   51.94019  300.0  2.93647E-06  6.35117E-05  5.56458E-05    
 24053.03c   52.94079  300.0  3.32933E-07  7.20087E-06  6.43059E-06    
 24054.03c   53.93937  300.0  8.27076E-08  1.78885E-06  1.62763E-06    
 25055.03c   54.93805  300.0  2.40736E-06  5.20678E-05  4.82523E-05    
 12024.03c   23.98504  300.0  1.06199E-06  2.29693E-05  9.29318E-06    
 12025.03c   24.98584  300.0  1.34446E-07  2.90788E-06  1.22559E-06    
 12026.03c   25.98260  300.0  1.48025E-07  3.20157E-06  1.40321E-06    
 82204.03c  203.97303  300.0  1.16910E-09  2.52860E-08  8.70017E-08    
 82206.03c  205.97443  300.0  2.01252E-08  4.35279E-07  1.51237E-06    
 82207.03c  206.97594  300.0  1.84551E-08  3.99157E-07  1.39361E-06    
 82208.03c  207.97663  300.0  4.37577E-08  9.46417E-07  3.32026E-06    
 23000.03c   50.94162  300.0  7.66838E-08  1.65856E-06  1.42521E-06    
 56130.03c  129.90595  300.0  1.40797E-12  3.04524E-11  6.67307E-11    
 56132.03c  131.90514  300.0  1.34156E-12  2.90160E-11  6.45617E-11    
 56134.03c  133.90431  300.0  3.21044E-11  6.94372E-10  1.56842E-09    
 56135.03c  134.90591  300.0  8.75597E-11  1.89379E-09  4.30962E-09    
 56136.03c  135.90449  300.0  1.04323E-10  2.25636E-09  5.17270E-09    
 56137.03c  136.90609  300.0  1.49165E-10  3.22623E-09  7.45063E-09    
 56138.03c  137.90467  300.0  9.52371E-10  2.05984E-08  4.79169E-08    
 20040.03c   39.96260  300.0  3.01369E-06  6.51818E-05  4.39396E-05    
 20042.03c   41.95863  300.0  2.01138E-08  4.35033E-07  3.07906E-07    
 20043.03c   42.95877  300.0  4.19686E-09  9.07721E-08  6.57779E-08    
 20044.03c   43.95548  300.0  6.48492E-08  1.40260E-06  1.03997E-06    
 20046.03c   45.95370  300.0  1.24351E-10  2.68953E-09  2.08484E-09    
 20048.03c   47.95254  300.0  5.81343E-09  1.25736E-07  1.01706E-07    
 42092.03c   91.90683  300.0  4.93760E-09  1.06793E-07  1.65564E-07    
 42094.03c   93.90509  300.0  3.07768E-09  6.65658E-08  1.05443E-07    
 42095.03c   94.90589  300.0  5.29694E-09  1.14565E-07  1.83409E-07    
 42096.03c   95.90467  300.0  5.54981E-09  1.20034E-07  1.94188E-07    
 42097.03c   96.90598  300.0  3.17750E-09  6.87248E-08  1.12341E-07    
 42098.03c   97.90536  300.0  8.02857E-09  1.73647E-07  2.86780E-07    
 42100.03c   99.90726  300.0  3.20411E-09  6.93003E-08  1.16791E-07    
 16032.03c   31.97196  300.0  5.48702E-06  1.18676E-04  6.40043E-05    
 16033.03c   32.97104  300.0  4.33095E-08  9.36723E-07  5.20978E-07    
 16034.03c   33.96800  300.0  2.43111E-07  5.25814E-06  3.01285E-06    
 16036.03c   35.96698  300.0  1.15492E-09  2.49793E-08  1.51551E-08    
 31069.03c   68.92571  300.0  1.26932E-06  2.74536E-05  3.19195E-05    
 31071.03c   70.92428  300.0  8.42690E-07  1.82262E-05  2.18055E-05    
 40090.03c   89.90473  300.0  2.56393E-07  5.54541E-06  8.40993E-06    
 40091.03c   90.90563  300.0  5.64503E-08  1.22094E-06  1.87224E-06    
 40092.03c   91.90501  300.0  8.52483E-08  1.84380E-06  2.85844E-06    
 40094.03c   93.90631  300.0  8.66932E-08  1.87505E-06  2.97019E-06    
 40096.03c   95.90830  300.0  1.39506E-08  3.01732E-07  4.88149E-07    
  5010.03c   10.01294  300.0  4.86687E-08  1.05263E-06  1.77793E-07    
  5011.03c   11.00928  300.0  1.95898E-07  4.23699E-06  7.86850E-07    
 48106.03c  105.90579  300.0  3.03268E-10  6.55925E-09  1.17179E-08    
 48108.03c  107.90395  300.0  2.15927E-10  4.67019E-09  8.50056E-09    
 48110.03c  109.90313  300.0  3.03510E-09  6.56449E-08  1.21699E-07    
 48111.03c  110.90372  300.0  3.10789E-09  6.72192E-08  1.25752E-07    
 48112.03c  111.90331  300.0  5.85428E-09  1.26620E-07  2.39012E-07    
 48113.03c  112.89987  300.0  2.96475E-09  6.41233E-08  1.22119E-07    
 48114.03c  113.90349  300.0  6.96787E-09  1.50705E-07  2.89562E-07    
       sum                    4.62351E-02  1.00000E+00  1.00000E+00
-------------------------------------------------------------------

Material "m109":

 - Material is included in majorant
 - Material is included in geometry
 - Atom density 4.6323E-02 1/barn*cm
 - Mass density 4.5510E+00 g/cm3
 - Volume 0.0000E+00 cm3
 - Mass 0.0000E+00 g
 - Photon emission rate 0.0000E+00 1/s
 - Neutron emission rate 0.0000E+00 1/s
 - 93 nuclides in composition
 - No nuclides associated with S(a,b) data
 - 35.02 Mb of memory allocated for data

Isotopic composition (non-zero densities):

-------------------------------------------------------------------
 Nuclide    a. weight   temp      a. dens      a. frac      m. frac
-------------------------------------------------------------------
 13027.03c   26.98154  300.0  3.37074E-02  7.27662E-01  3.31847E-01    
 14028.03c   27.97734  300.0  4.67507E-03  1.00924E-01  4.77245E-02    
 14029.03c   28.97693  300.0  2.36719E-04  5.11020E-03  2.50283E-03    
 14030.03c   29.97349  300.0  1.57137E-04  3.39221E-03  1.71855E-03    
 92234.03c  234.04093  300.0  1.40002E-05  3.02231E-04  1.19556E-03    
 92235.03c  235.04395  300.0  1.41177E-03  3.04767E-02  1.21076E-01    
 92236.03c  236.04556  300.0  9.64826E-06  2.08283E-04  8.30981E-04    
 92238.03c  238.05078  300.0  5.63581E-03  1.21664E-01  4.89523E-01    
  6000.03c   12.00110  300.0  1.84084E-05  3.97393E-04  8.06089E-05    
 50112.03c  111.90533  300.0  1.15637E-07  2.49633E-06  4.72165E-06    
 50114.03c  113.90349  300.0  8.09457E-08  1.74743E-06  3.36417E-06    
 50115.03c  114.90308  300.0  4.62546E-08  9.98529E-07  1.93925E-06    
 50116.03c  115.90166  300.0  1.69986E-06  3.66959E-05  7.18867E-05    
 50117.03c  116.90326  300.0  8.90403E-07  1.92217E-05  3.79804E-05    
 50118.03c  117.90184  300.0  2.80998E-06  6.06608E-05  1.20884E-04    
 50119.03c  118.90345  300.0  9.94476E-07  2.14684E-05  4.31455E-05    
 50120.03c  119.90202  300.0  3.74663E-06  8.08808E-05  1.63913E-04    
 50122.03c  121.90322  300.0  5.31928E-07  1.14831E-05  2.36600E-05    
 50124.03c  123.90542  300.0  6.47565E-07  1.39794E-05  2.92766E-05    
 27059.03c   58.93317  300.0  1.76218E-07  3.80413E-06  3.78927E-06    
 29063.03c   62.92960  300.0  7.12005E-07  1.53705E-05  1.63488E-05    
 29065.03c   64.92777  300.0  3.17351E-07  6.85085E-06  7.51824E-06    
 26054.03c   53.93937  300.0  1.86869E-06  4.03406E-05  3.67781E-05    
 26056.03c   55.93451  300.0  2.95447E-05  6.37800E-04  6.02984E-04    
 26057.03c   56.93510  300.0  7.08814E-07  1.53016E-05  1.47251E-05    
 26058.03c   57.93368  300.0  9.66565E-08  2.08659E-06  2.04319E-06    
 28058.03c   57.93570  300.0  2.03024E-06  4.38280E-05  4.29180E-05    
 28060.03c   59.93084  300.0  7.76171E-07  1.67557E-05  1.69728E-05    
 28061.03c   60.93143  300.0  3.36044E-08  7.25439E-07  7.47108E-07    
 28062.03c   61.92799  300.0  1.06761E-07  2.30472E-06  2.41238E-06    
 28064.03c   63.92818  300.0  2.70619E-08  5.84202E-07  6.31243E-07    
 30000.03c   65.39578  300.0  1.63572E-06  3.53113E-05  3.90306E-05    
  3006.03c    6.01507  300.0  1.15124E-08  2.48525E-07  2.52669E-08    
  3007.03c    7.01600  300.0  1.41986E-07  3.06514E-06  3.63481E-07    
  7014.03c   14.00307  300.0  1.07435E-05  2.31927E-04  5.48928E-05    
  7015.03c   14.99986  300.0  3.98984E-08  8.61313E-07  2.18368E-07    
  8016.03c   15.99492  300.0  3.10357E-04  6.69987E-03  1.81130E-03    
  8017.03c   16.99913  300.0  1.17980E-07  2.54691E-06  7.31781E-07    
  1001.03c    1.00782  300.0  6.66268E-05  1.43832E-03  2.45008E-05    
  1002.03c    2.01410  300.0  9.99552E-09  2.15780E-07  7.34570E-09    
 24050.03c   49.94606  300.0  1.52754E-07  3.29759E-06  2.78381E-06    
 24052.03c   51.94019  300.0  2.94235E-06  6.35183E-05  5.57627E-05    
 24053.03c   52.94079  300.0  3.33600E-07  7.20163E-06  6.44410E-06    
 24054.03c   53.93937  300.0  8.28732E-08  1.78904E-06  1.63105E-06    
 25055.03c   54.93805  300.0  2.40727E-06  5.19672E-05  4.82552E-05    
 12024.03c   23.98504  300.0  1.06011E-06  2.28852E-05  9.27764E-06    
 12025.03c   24.98584  300.0  1.34208E-07  2.89723E-06  1.22354E-06    
 12026.03c   25.98260  300.0  1.47763E-07  3.18985E-06  1.40086E-06    
 82204.03c  203.97303  300.0  1.16703E-09  2.51934E-08  8.68562E-08    
 82206.03c  205.97443  300.0  2.00896E-08  4.33687E-07  1.50984E-06    
 82207.03c  206.97594  300.0  1.84224E-08  3.97696E-07  1.39127E-06    
 82208.03c  207.97663  300.0  4.36802E-08  9.42953E-07  3.31472E-06    
 23000.03c   50.94162  300.0  7.65481E-08  1.65249E-06  1.42283E-06    
 56130.03c  129.90595  300.0  1.40548E-12  3.03410E-11  6.66193E-11    
 56132.03c  131.90514  300.0  1.33918E-12  2.89097E-11  6.44535E-11    
 56134.03c  133.90431  300.0  3.20475E-11  6.91829E-10  1.56579E-09    
 56135.03c  134.90591  300.0  8.74047E-11  1.88686E-09  4.30241E-09    
 56136.03c  135.90449  300.0  1.04138E-10  2.24809E-09  5.16403E-09    
 56137.03c  136.90609  300.0  1.48901E-10  3.21442E-09  7.43818E-09    
 56138.03c  137.90467  300.0  9.50685E-10  2.05230E-08  4.78368E-08    
 20040.03c   39.96260  300.0  3.02277E-06  6.52544E-05  4.40763E-05    
 20042.03c   41.95863  300.0  2.01744E-08  4.35517E-07  3.08864E-07    
 20043.03c   42.95877  300.0  4.20949E-09  9.08731E-08  6.59824E-08    
 20044.03c   43.95548  300.0  6.50445E-08  1.40416E-06  1.04321E-06    
 20046.03c   45.95370  300.0  1.24726E-10  2.69254E-09  2.09133E-09    
 20048.03c   47.95254  300.0  5.83093E-09  1.25876E-07  1.02023E-07    
 42092.03c   91.90683  300.0  4.92885E-09  1.06402E-07  1.65288E-07    
 42094.03c   93.90509  300.0  3.07223E-09  6.63221E-08  1.05266E-07    
 42095.03c   94.90589  300.0  5.28755E-09  1.14146E-07  1.83103E-07    
 42096.03c   95.90467  300.0  5.53997E-09  1.19595E-07  1.93863E-07    
 42097.03c   96.90598  300.0  3.17187E-09  6.84731E-08  1.12153E-07    
 42098.03c   97.90536  300.0  8.01436E-09  1.73011E-07  2.86300E-07    
 42100.03c   99.90726  300.0  3.19844E-09  6.90467E-08  1.16595E-07    
 16032.03c   31.97196  300.0  5.48355E-06  1.18377E-04  6.39702E-05    
 16033.03c   32.97104  300.0  4.32821E-08  9.34359E-07  5.20701E-07    
 16034.03c   33.96800  300.0  2.42957E-07  5.24486E-06  3.01124E-06    
 16036.03c   35.96698  300.0  1.15419E-09  2.49162E-08  1.51470E-08    
 31069.03c   68.92571  300.0  1.27347E-06  2.74912E-05  3.20270E-05    
 31071.03c   70.92428  300.0  8.45447E-07  1.82512E-05  2.18790E-05    
 40090.03c   89.90473  300.0  2.57232E-07  5.55302E-06  8.43827E-06    
 40091.03c   90.90563  300.0  5.66349E-08  1.22261E-06  1.87855E-06    
 40092.03c   91.90501  300.0  8.55273E-08  1.84633E-06  2.86808E-06    
 40094.03c   93.90631  300.0  8.69769E-08  1.87763E-06  2.98020E-06    
 40096.03c   95.90830  300.0  1.39963E-08  3.02147E-07  4.89796E-07    
  5010.03c   10.01294  300.0  4.87934E-08  1.05334E-06  1.78266E-07    
  5011.03c   11.00928  300.0  1.96400E-07  4.23981E-06  7.88944E-07    
 48106.03c  105.90579  300.0  3.04260E-10  6.56825E-09  1.17574E-08    
 48108.03c  107.90395  300.0  2.16633E-10  4.67659E-09  8.52919E-09    
 48110.03c  109.90313  300.0  3.04503E-09  6.57349E-08  1.22109E-07    
 48111.03c  110.90372  300.0  3.11806E-09  6.73115E-08  1.26176E-07    
 48112.03c  111.90331  300.0  5.87343E-09  1.26794E-07  2.39818E-07    
 48113.03c  112.89987  300.0  2.97445E-09  6.42113E-08  1.22531E-07    
 48114.03c  113.90349  300.0  6.99067E-09  1.50912E-07  2.90538E-07    
       sum                    4.63228E-02  1.00000E+00  1.00000E+00
-------------------------------------------------------------------

Material "m110":

 - Material is included in majorant
 - Material is included in geometry
 - Atom density 4.6194E-02 1/barn*cm
 - Mass density 4.5517E+00 g/cm3
 - Volume 0.0000E+00 cm3
 - Mass 0.0000E+00 g
 - Photon emission rate 0.0000E+00 1/s
 - Neutron emission rate 0.0000E+00 1/s
 - 93 nuclides in composition
 - No nuclides associated with S(a,b) data
 - 35.02 Mb of memory allocated for data

Isotopic composition (non-zero densities):

-------------------------------------------------------------------
 Nuclide    a. weight   temp      a. dens      a. frac      m. frac
-------------------------------------------------------------------
 13027.03c   26.98154  300.0  3.35462E-02  7.26207E-01  3.30214E-01    
 14028.03c   27.97734  300.0  4.68679E-03  1.01459E-01  4.78374E-02    
 14029.03c   28.97693  300.0  2.37312E-04  5.13732E-03  2.50875E-03    
 14030.03c   29.97349  300.0  1.57531E-04  3.41023E-03  1.72262E-03    
 92234.03c  234.04093  300.0  1.40360E-05  3.03851E-04  1.19845E-03    
 92235.03c  235.04395  300.0  1.41544E-03  3.06414E-02  1.21374E-01    
 92236.03c  236.04556  300.0  9.67503E-06  2.09445E-04  8.33171E-04    
 92238.03c  238.05078  300.0  5.65045E-03  1.22321E-01  4.90725E-01    
  6000.03c   12.00110  300.0  1.84561E-05  3.99537E-04  8.08066E-05    
 50112.03c  111.90533  300.0  1.15937E-07  2.50980E-06  4.73324E-06    
 50114.03c  113.90349  300.0  8.11557E-08  1.75686E-06  3.37242E-06    
 50115.03c  114.90308  300.0  4.63747E-08  1.00392E-06  1.94401E-06    
 50116.03c  115.90166  300.0  1.70427E-06  3.68940E-05  7.20633E-05    
 50117.03c  116.90326  300.0  8.92713E-07  1.93254E-05  3.80736E-05    
 50118.03c  117.90184  300.0  2.81726E-06  6.09879E-05  1.21181E-04    
 50119.03c  118.90345  300.0  9.97056E-07  2.15842E-05  4.32514E-05    
 50120.03c  119.90202  300.0  3.75635E-06  8.13173E-05  1.64315E-04    
 50122.03c  121.90322  300.0  5.33309E-07  1.15451E-05  2.37181E-05    
 50124.03c  123.90542  300.0  6.49246E-07  1.40549E-05  2.93485E-05    
 27059.03c   58.93317  300.0  1.75533E-07  3.79993E-06  3.77402E-06    
 29063.03c   62.92960  300.0  7.09752E-07  1.53647E-05  1.62947E-05    
 29065.03c   64.92777  300.0  3.16346E-07  6.84825E-06  7.49340E-06    
 26054.03c   53.93937  300.0  1.86695E-06  4.04157E-05  3.67388E-05    
 26056.03c   55.93451  300.0  2.95171E-05  6.38985E-04  6.02337E-04    
 26057.03c   56.93510  300.0  7.08154E-07  1.53301E-05  1.47094E-05    
 26058.03c   57.93368  300.0  9.65664E-08  2.09047E-06  2.04100E-06    
 28058.03c   57.93570  300.0  2.02298E-06  4.37934E-05  4.27586E-05    
 28060.03c   59.93084  300.0  7.73398E-07  1.67425E-05  1.69098E-05    
 28061.03c   60.93143  300.0  3.34843E-08  7.24867E-07  7.44335E-07    
 28062.03c   61.92799  300.0  1.06379E-07  2.30289E-06  2.40341E-06    
 28064.03c   63.92818  300.0  2.69652E-08  5.83742E-07  6.28900E-07    
 30000.03c   65.39578  300.0  1.62824E-06  3.52481E-05  3.88467E-05    
  3006.03c    6.01507  300.0  1.14695E-08  2.48291E-07  2.51693E-08    
  3007.03c    7.01600  300.0  1.41457E-07  3.06226E-06  3.62076E-07    
  7014.03c   14.00307  300.0  1.07713E-05  2.33177E-04  5.50272E-05    
  7015.03c   14.99986  300.0  4.00019E-08  8.65960E-07  2.18904E-07    
  8016.03c   15.99492  300.0  3.11161E-04  6.73600E-03  1.81574E-03    
  8017.03c   16.99913  300.0  1.18286E-07  2.56065E-06  7.33577E-07    
  1001.03c    1.00782  300.0  6.67997E-05  1.44608E-03  2.45610E-05    
  1002.03c    2.01410  300.0  1.00215E-08  2.16945E-07  7.36377E-09    
 24050.03c   49.94606  300.0  1.52306E-07  3.29711E-06  2.77526E-06    
 24052.03c   51.94019  300.0  2.93372E-06  6.35091E-05  5.55915E-05    
 24053.03c   52.94079  300.0  3.32622E-07  7.20059E-06  6.42432E-06    
 24054.03c   53.93937  300.0  8.26302E-08  1.78878E-06  1.62604E-06    
 25055.03c   54.93805  300.0  2.40739E-06  5.21151E-05  4.82509E-05    
 12024.03c   23.98504  300.0  1.06286E-06  2.30088E-05  9.30042E-06    
 12025.03c   24.98584  300.0  1.34556E-07  2.91286E-06  1.22654E-06    
 12026.03c   25.98260  300.0  1.48146E-07  3.20706E-06  1.40430E-06    
 82204.03c  203.97303  300.0  1.17006E-09  2.53294E-08  8.70696E-08    
 82206.03c  205.97443  300.0  2.01417E-08  4.36027E-07  1.51354E-06    
 82207.03c  206.97594  300.0  1.84702E-08  3.99842E-07  1.39469E-06    
 82208.03c  207.97663  300.0  4.37936E-08  9.48042E-07  3.32285E-06    
 23000.03c   50.94162  300.0  7.67467E-08  1.66141E-06  1.42632E-06    
 56130.03c  129.90595  300.0  1.40912E-12  3.05046E-11  6.67825E-11    
 56132.03c  131.90514  300.0  1.34265E-12  2.90656E-11  6.46116E-11    
 56134.03c  133.90431  300.0  3.21307E-11  6.95564E-10  1.56964E-09    
 56135.03c  134.90591  300.0  8.76315E-11  1.89704E-09  4.31298E-09    
 56136.03c  135.90449  300.0  1.04408E-10  2.26022E-09  5.17671E-09    
 56137.03c  136.90609  300.0  1.49287E-10  3.23176E-09  7.45642E-09    
 56138.03c  137.90467  300.0  9.53152E-10  2.06338E-08  4.79542E-08    
 20040.03c   39.96260  300.0  3.00945E-06  6.51485E-05  4.38760E-05    
 20042.03c   41.95863  300.0  2.00856E-08  4.34812E-07  3.07462E-07    
 20043.03c   42.95877  300.0  4.19096E-09  9.07257E-08  6.56827E-08    
 20044.03c   43.95548  300.0  6.47581E-08  1.40188E-06  1.03847E-06    
 20046.03c   45.95370  300.0  1.24177E-10  2.68818E-09  2.08184E-09    
 20048.03c   47.95254  300.0  5.80526E-09  1.25672E-07  1.01559E-07    
 42092.03c   91.90683  300.0  4.94164E-09  1.06976E-07  1.65693E-07    
 42094.03c   93.90509  300.0  3.08020E-09  6.66801E-08  1.05525E-07    
 42095.03c   94.90589  300.0  5.30127E-09  1.14762E-07  1.83552E-07    
 42096.03c   95.90467  300.0  5.55435E-09  1.20240E-07  1.94339E-07    
 42097.03c   96.90598  300.0  3.18010E-09  6.88427E-08  1.12429E-07    
 42098.03c   97.90536  300.0  8.03516E-09  1.73945E-07  2.87003E-07    
 42100.03c   99.90726  300.0  3.20674E-09  6.94194E-08  1.16882E-07    
 16032.03c   31.97196  300.0  5.48861E-06  1.18817E-04  6.40203E-05    
 16033.03c   32.97104  300.0  4.33220E-08  9.37833E-07  5.21107E-07    
 16034.03c   33.96800  300.0  2.43181E-07  5.26437E-06  3.01360E-06    
 16036.03c   35.96698  300.0  1.15525E-09  2.50088E-08  1.51588E-08    
 31069.03c   68.92571  300.0  1.26738E-06  2.74362E-05  3.18694E-05    
 31071.03c   70.92428  300.0  8.41404E-07  1.82147E-05  2.17713E-05    
 40090.03c   89.90473  300.0  2.56001E-07  5.54190E-06  8.39673E-06    
 40091.03c   90.90563  300.0  5.63641E-08  1.22017E-06  1.86930E-06    
 40092.03c   91.90501  300.0  8.51183E-08  1.84264E-06  2.85396E-06    
 40094.03c   93.90631  300.0  8.65609E-08  1.87387E-06  2.96553E-06    
 40096.03c   95.90830  300.0  1.39293E-08  3.01541E-07  4.87384E-07    
  5010.03c   10.01294  300.0  4.86104E-08  1.05232E-06  1.77573E-07    
  5011.03c   11.00928  300.0  1.95663E-07  4.23571E-06  7.85875E-07    
 48106.03c  105.90579  300.0  3.02805E-10  6.55511E-09  1.16995E-08    
 48108.03c  107.90395  300.0  2.15597E-10  4.66724E-09  8.48723E-09    
 48110.03c  109.90313  300.0  3.03047E-09  6.56035E-08  1.21508E-07    
 48111.03c  110.90372  300.0  3.10314E-09  6.71767E-08  1.25555E-07    
 48112.03c  111.90331  300.0  5.84534E-09  1.26540E-07  2.38637E-07    
 48113.03c  112.89987  300.0  2.96022E-09  6.40827E-08  1.21928E-07    
 48114.03c  113.90349  300.0  6.95724E-09  1.50610E-07  2.89108E-07    
       sum                    4.61937E-02  1.00000E+00  1.00000E+00
-------------------------------------------------------------------

Material "m111":

 - Material is included in majorant
 - Material is included in geometry
 - Atom density 4.6021E-02 1/barn*cm
 - Mass density 4.5458E+00 g/cm3
 - Volume 0.0000E+00 cm3
 - Mass 0.0000E+00 g
 - Photon emission rate 0.0000E+00 1/s
 - Neutron emission rate 0.0000E+00 1/s
 - 93 nuclides in composition
 - No nuclides associated with S(a,b) data
 - 35.02 Mb of memory allocated for data

Isotopic composition (non-zero densities):

-------------------------------------------------------------------
 Nuclide    a. weight   temp      a. dens      a. frac      m. frac
-------------------------------------------------------------------
 13027.03c   26.98154  300.0  3.33641E-02  7.24978E-01  3.28843E-01    
 14028.03c   27.97734  300.0  4.69009E-03  1.01912E-01  4.79325E-02    
 14029.03c   28.97693  300.0  2.37479E-04  5.16025E-03  2.51374E-03    
 14030.03c   29.97349  300.0  1.57642E-04  3.42545E-03  1.72604E-03    
 92234.03c  234.04093  300.0  1.40471E-05  3.05233E-04  1.20094E-03    
 92235.03c  235.04395  300.0  1.41654E-03  3.07804E-02  1.21624E-01    
 92236.03c  236.04556  300.0  9.68156E-06  2.10373E-04  8.34801E-04    
 92238.03c  238.05078  300.0  5.65483E-03  1.22875E-01  4.91735E-01    
  6000.03c   12.00110  300.0  1.84704E-05  4.01348E-04  8.09729E-05    
 50112.03c  111.90533  300.0  1.16026E-07  2.52116E-06  4.74295E-06    
 50114.03c  113.90349  300.0  8.12184E-08  1.76482E-06  3.37936E-06    
 50115.03c  114.90308  300.0  4.64105E-08  1.00847E-06  1.94801E-06    
 50116.03c  115.90166  300.0  1.70559E-06  3.70612E-05  7.22116E-05    
 50117.03c  116.90326  300.0  8.93403E-07  1.94130E-05  3.81519E-05    
 50118.03c  117.90184  300.0  2.81944E-06  6.12644E-05  1.21430E-04    
 50119.03c  118.90345  300.0  9.97827E-07  2.16820E-05  4.33403E-05    
 50120.03c  119.90202  300.0  3.75925E-06  8.16858E-05  1.64653E-04    
 50122.03c  121.90322  300.0  5.33721E-07  1.15974E-05  2.37669E-05    
 50124.03c  123.90542  300.0  6.49747E-07  1.41185E-05  2.94088E-05    
 27059.03c   58.93317  300.0  1.74714E-07  3.79641E-06  3.76123E-06    
 29063.03c   62.92960  300.0  7.06870E-07  1.53598E-05  1.62494E-05    
 29065.03c   64.92777  300.0  3.15061E-07  6.84605E-06  7.47253E-06    
 26054.03c   53.93937  300.0  1.86288E-06  4.04790E-05  3.67057E-05    
 26056.03c   55.93451  300.0  2.94528E-05  6.39988E-04  6.01795E-04    
 26057.03c   56.93510  300.0  7.06610E-07  1.53541E-05  1.46961E-05    
 26058.03c   57.93368  300.0  9.63560E-08  2.09374E-06  2.03916E-06    
 28058.03c   57.93570  300.0  2.01407E-06  4.37643E-05  4.26249E-05    
 28060.03c   59.93084  300.0  7.69992E-07  1.67314E-05  1.68569E-05    
 28061.03c   60.93143  300.0  3.33368E-08  7.24384E-07  7.42006E-07    
 28062.03c   61.92799  300.0  1.05911E-07  2.30137E-06  2.39591E-06    
 28064.03c   63.92818  300.0  2.68464E-08  5.83353E-07  6.26932E-07    
 30000.03c   65.39578  300.0  1.61968E-06  3.51945E-05  3.86920E-05    
  3006.03c    6.01507  300.0  1.14176E-08  2.48096E-07  2.50875E-08    
  3007.03c    7.01600  300.0  1.40817E-07  3.05985E-06  3.60900E-07    
  7014.03c   14.00307  300.0  1.07797E-05  2.34235E-04  5.51407E-05    
  7015.03c   14.99986  300.0  4.00328E-08  8.69884E-07  2.19354E-07    
  8016.03c   15.99492  300.0  3.11402E-04  6.76654E-03  1.81947E-03    
  8017.03c   16.99913  300.0  1.18378E-07  2.57227E-06  7.35089E-07    
  1001.03c    1.00782  300.0  6.68513E-05  1.45263E-03  2.46115E-05    
  1002.03c    2.01410  300.0  1.00292E-08  2.17927E-07  7.37887E-09    
 24050.03c   49.94606  300.0  1.51717E-07  3.29670E-06  2.76808E-06    
 24052.03c   51.94019  300.0  2.92239E-06  6.35014E-05  5.54478E-05    
 24053.03c   52.94079  300.0  3.31336E-07  7.19969E-06  6.40769E-06    
 24054.03c   53.93937  300.0  8.23109E-08  1.78856E-06  1.62183E-06    
 25055.03c   54.93805  300.0  2.40413E-06  5.22400E-05  4.82474E-05    
 12024.03c   23.98504  300.0  1.06368E-06  2.31130E-05  9.31953E-06    
 12025.03c   24.98584  300.0  1.34660E-07  2.92606E-06  1.22907E-06    
 12026.03c   25.98260  300.0  1.48260E-07  3.22158E-06  1.40718E-06    
 82204.03c  203.97303  300.0  1.17096E-09  2.54441E-08  8.72483E-08    
 82206.03c  205.97443  300.0  2.01573E-08  4.38003E-07  1.51666E-06    
 82207.03c  206.97594  300.0  1.84845E-08  4.01655E-07  1.39756E-06    
 82208.03c  207.97663  300.0  4.38274E-08  9.52337E-07  3.32968E-06    
 23000.03c   50.94162  300.0  7.68060E-08  1.66894E-06  1.42926E-06    
 56130.03c  129.90595  300.0  1.41021E-12  3.06428E-11  6.69199E-11    
 56132.03c  131.90514  300.0  1.34369E-12  2.91974E-11  6.47445E-11    
 56134.03c  133.90431  300.0  3.21555E-11  6.98716E-10  1.57287E-09    
 56135.03c  134.90591  300.0  8.76992E-11  1.90564E-09  4.32184E-09    
 56136.03c  135.90449  300.0  1.04489E-10  2.27047E-09  5.18736E-09    
 56137.03c  136.90609  300.0  1.49403E-10  3.24642E-09  7.47179E-09    
 56138.03c  137.90467  300.0  9.53889E-10  2.07273E-08  4.80528E-08    
 20040.03c   39.96260  300.0  2.99408E-06  6.50592E-05  4.37079E-05    
 20042.03c   41.95863  300.0  1.99830E-08  4.34216E-07  3.06284E-07    
 20043.03c   42.95877  300.0  4.16956E-09  9.06015E-08  6.54311E-08    
 20044.03c   43.95548  300.0  6.44274E-08  1.39996E-06  1.03449E-06    
 20046.03c   45.95370  300.0  1.23542E-10  2.68448E-09  2.07385E-09    
 20048.03c   47.95254  300.0  5.77561E-09  1.25500E-07  1.01170E-07    
 42092.03c   91.90683  300.0  4.94546E-09  1.07461E-07  1.66034E-07    
 42094.03c   93.90509  300.0  3.08258E-09  6.69822E-08  1.05742E-07    
 42095.03c   94.90589  300.0  5.30537E-09  1.15282E-07  1.83929E-07    
 42096.03c   95.90467  300.0  5.55864E-09  1.20785E-07  1.94738E-07    
 42097.03c   96.90598  300.0  3.18255E-09  6.91545E-08  1.12660E-07    
 42098.03c   97.90536  300.0  8.04137E-09  1.74733E-07  2.87593E-07    
 42100.03c   99.90726  300.0  3.20922E-09  6.97340E-08  1.17122E-07    
 16032.03c   31.97196  300.0  5.48518E-06  1.19189E-04  6.40623E-05    
 16033.03c   32.97104  300.0  4.32949E-08  9.40767E-07  5.21449E-07    
 16034.03c   33.96800  300.0  2.43029E-07  5.28084E-06  3.01558E-06    
 16036.03c   35.96698  300.0  1.15453E-09  2.50871E-08  1.51688E-08    
 31069.03c   68.92571  300.0  1.26050E-06  2.73897E-05  3.17370E-05    
 31071.03c   70.92428  300.0  8.36838E-07  1.81839E-05  2.16810E-05    
 40090.03c   89.90473  300.0  2.54612E-07  5.53253E-06  8.36188E-06    
 40091.03c   90.90563  300.0  5.60582E-08  1.21810E-06  1.86154E-06    
 40092.03c   91.90501  300.0  8.46563E-08  1.83952E-06  2.84211E-06    
 40094.03c   93.90631  300.0  8.60911E-08  1.87070E-06  2.95322E-06    
 40096.03c   95.90830  300.0  1.38537E-08  3.01031E-07  4.85360E-07    
  5010.03c   10.01294  300.0  4.83890E-08  1.05146E-06  1.76991E-07    
  5011.03c   11.00928  300.0  1.94772E-07  4.23225E-06  7.83299E-07    
 48106.03c  105.90579  300.0  3.01162E-10  6.54403E-09  1.16510E-08    
 48108.03c  107.90395  300.0  2.14427E-10  4.65934E-09  8.45199E-09    
 48110.03c  109.90313  300.0  3.01403E-09  6.54927E-08  1.21004E-07    
 48111.03c  110.90372  300.0  3.08630E-09  6.70630E-08  1.25034E-07    
 48112.03c  111.90331  300.0  5.81362E-09  1.26326E-07  2.37647E-07    
 48113.03c  112.89987  300.0  2.94416E-09  6.39744E-08  1.21422E-07    
 48114.03c  113.90349  300.0  6.91949E-09  1.50355E-07  2.87908E-07    
       sum                    4.60209E-02  1.00000E+00  1.00000E+00
-------------------------------------------------------------------

Material "m112":

 - Material is included in majorant
 - Material is included in geometry
 - Atom density 4.1634E-02 1/barn*cm
 - Mass density 4.1609E+00 g/cm3
 - Volume 0.0000E+00 cm3
 - Mass 0.0000E+00 g
 - Photon emission rate 0.0000E+00 1/s
 - Neutron emission rate 0.0000E+00 1/s
 - 93 nuclides in composition
 - No nuclides associated with S(a,b) data
 - 35.02 Mb of memory allocated for data

Isotopic composition (non-zero densities):

-------------------------------------------------------------------
 Nuclide    a. weight   temp      a. dens      a. frac      m. frac
-------------------------------------------------------------------
 13027.03c   26.98154  300.0  2.99410E-02  7.19153E-01  3.22407E-01    
 14028.03c   27.97734  300.0  4.33122E-03  1.04032E-01  4.83603E-02    
 14029.03c   28.97693  300.0  2.19308E-04  5.26756E-03  2.53617E-03    
 14030.03c   29.97349  300.0  1.45579E-04  3.49666E-03  1.74144E-03    
 92234.03c  234.04093  300.0  1.29774E-05  3.11704E-04  1.21214E-03    
 92235.03c  235.04395  300.0  1.30914E-03  3.14443E-02  1.22802E-01    
 92236.03c  236.04556  300.0  8.95820E-06  2.15167E-04  8.43894E-04    
 92238.03c  238.05078  300.0  5.22600E-03  1.25523E-01  4.96491E-01    
  6000.03c   12.00110  300.0  1.70690E-05  4.09981E-04  8.17525E-05    
 50112.03c  111.90533  300.0  1.07223E-07  2.57539E-06  4.78862E-06    
 50114.03c  113.90349  300.0  7.50562E-08  1.80277E-06  3.41189E-06    
 50115.03c  114.90308  300.0  4.28892E-08  1.03016E-06  1.96676E-06    
 50116.03c  115.90166  300.0  1.57618E-06  3.78583E-05  7.29067E-05    
 50117.03c  116.90326  300.0  8.25618E-07  1.98305E-05  3.85192E-05    
 50118.03c  117.90184  300.0  2.60552E-06  6.25820E-05  1.22599E-04    
 50119.03c  118.90345  300.0  9.22119E-07  2.21484E-05  4.37575E-05    
 50120.03c  119.90202  300.0  3.47402E-06  8.34426E-05  1.66238E-04    
 50122.03c  121.90322  300.0  4.93226E-07  1.18468E-05  2.39957E-05    
 50124.03c  123.90542  300.0  6.00449E-07  1.44222E-05  2.96919E-05    
 27059.03c   58.93317  300.0  1.57364E-07  3.77973E-06  3.70115E-06    
 29063.03c   62.92960  300.0  6.38530E-07  1.53369E-05  1.60364E-05    
 29065.03c   64.92777  300.0  2.84601E-07  6.83584E-06  7.37461E-06    
 26054.03c   53.93937  300.0  1.69790E-06  4.07819E-05  3.65502E-05    
 26056.03c   55.93451  300.0  2.68444E-05  6.44776E-04  5.99246E-04    
 26057.03c   56.93510  300.0  6.44032E-07  1.54690E-05  1.46339E-05    
 26058.03c   57.93368  300.0  8.78227E-08  2.10941E-06  2.03053E-06    
 28058.03c   57.93570  300.0  1.81635E-06  4.36269E-05  4.19969E-05    
 28060.03c   59.93084  300.0  6.94402E-07  1.66789E-05  1.66086E-05    
 28061.03c   60.93143  300.0  3.00642E-08  7.22113E-07  7.31077E-07    
 28062.03c   61.92799  300.0  9.55137E-08  2.29414E-06  2.36061E-06    
 28064.03c   63.92818  300.0  2.42110E-08  5.81524E-07  6.17699E-07    
 30000.03c   65.39578  300.0  1.45473E-06  3.49412E-05  3.79668E-05    
  3006.03c    6.01507  300.0  1.02906E-08  2.47170E-07  2.47032E-08    
  3007.03c    7.01600  300.0  1.26917E-07  3.04842E-06  3.55371E-07    
  7014.03c   14.00307  300.0  9.96177E-06  2.39272E-04  5.56713E-05    
  7015.03c   14.99986  300.0  3.69954E-08  8.88593E-07  2.21466E-07    
  8016.03c   15.99492  300.0  2.87775E-04  6.91207E-03  1.83699E-03    
  8017.03c   16.99913  300.0  1.09396E-07  2.62758E-06  7.42164E-07    
  1001.03c    1.00782  300.0  6.17790E-05  1.48387E-03  2.48484E-05    
  1002.03c    2.01410  300.0  9.26826E-09  2.22614E-07  7.44991E-09    
 24050.03c   49.94606  300.0  1.37178E-07  3.29488E-06  2.73437E-06    
 24052.03c   51.94019  300.0  2.64234E-06  6.34664E-05  5.47727E-05    
 24053.03c   52.94079  300.0  2.99585E-07  7.19574E-06  6.32969E-06    
 24054.03c   53.93937  300.0  7.44231E-08  1.78757E-06  1.60209E-06    
 25055.03c   54.93805  300.0  2.19976E-06  5.28361E-05  4.82304E-05    
 12024.03c   23.98504  300.0  9.82974E-07  2.36100E-05  9.40923E-06    
 12025.03c   24.98584  300.0  1.24443E-07  2.98900E-06  1.24090E-06    
 12026.03c   25.98260  300.0  1.37011E-07  3.29087E-06  1.42073E-06    
 82204.03c  203.97303  300.0  1.08212E-09  2.59915E-08  8.80887E-08    
 82206.03c  205.97443  300.0  1.86279E-08  4.47424E-07  1.53126E-06    
 82207.03c  206.97594  300.0  1.70820E-08  4.10293E-07  1.41101E-06    
 82208.03c  207.97663  300.0  4.05021E-08  9.72821E-07  3.36174E-06    
 23000.03c   50.94162  300.0  7.09784E-08  1.70483E-06  1.44302E-06    
 56130.03c  129.90595  300.0  1.30321E-12  3.13018E-11  6.75640E-11    
 56132.03c  131.90514  300.0  1.24174E-12  2.98254E-11  6.53679E-11    
 56134.03c  133.90431  300.0  2.97157E-11  7.13742E-10  1.58801E-09    
 56135.03c  134.90591  300.0  8.10452E-11  1.94662E-09  4.36345E-09    
 56136.03c  135.90449  300.0  9.65608E-11  2.31929E-09  5.23728E-09    
 56137.03c  136.90609  300.0  1.38067E-10  3.31623E-09  7.54370E-09    
 56138.03c  137.90467  300.0  8.81514E-10  2.11731E-08  4.85154E-08    
 20040.03c   39.96260  300.0  2.69104E-06  6.46361E-05  4.29186E-05    
 20042.03c   41.95863  300.0  1.79605E-08  4.31394E-07  3.00754E-07    
 20043.03c   42.95877  300.0  3.74755E-09  9.00125E-08  6.42497E-08    
 20044.03c   43.95548  300.0  5.79065E-08  1.39086E-06  1.01581E-06    
 20046.03c   45.95370  300.0  1.11038E-10  2.66702E-09  2.03640E-09    
 20048.03c   47.95254  300.0  5.19105E-09  1.24684E-07  9.93433E-08    
 42092.03c   91.90683  300.0  4.57023E-09  1.09772E-07  1.67632E-07    
 42094.03c   93.90509  300.0  2.84869E-09  6.84227E-08  1.06759E-07    
 42095.03c   94.90589  300.0  4.90283E-09  1.17761E-07  1.85700E-07    
 42096.03c   95.90467  300.0  5.13689E-09  1.23383E-07  1.96613E-07    
 42097.03c   96.90598  300.0  2.94108E-09  7.06419E-08  1.13744E-07    
 42098.03c   97.90536  300.0  7.43124E-09  1.78491E-07  2.90362E-07    
 42100.03c   99.90726  300.0  2.96572E-09  7.12337E-08  1.18249E-07    
 16032.03c   31.97196  300.0  5.03610E-06  1.20962E-04  6.42592E-05    
 16033.03c   32.97104  300.0  3.97504E-08  9.54766E-07  5.23053E-07    
 16034.03c   33.96800  300.0  2.23132E-07  5.35941E-06  3.02485E-06    
 16036.03c   35.96698  300.0  1.06001E-09  2.54604E-08  1.52155E-08    
 31069.03c   68.92571  300.0  1.13117E-06  2.71696E-05  3.11158E-05    
 31071.03c   70.92428  300.0  7.50977E-07  1.80377E-05  2.12566E-05    
 40090.03c   89.90473  300.0  2.28488E-07  5.48806E-06  8.19819E-06    
 40091.03c   90.90563  300.0  5.03065E-08  1.20831E-06  1.82510E-06    
 40092.03c   91.90501  300.0  7.59705E-08  1.82473E-06  2.78648E-06    
 40094.03c   93.90631  300.0  7.72581E-08  1.85566E-06  2.89541E-06    
 40096.03c   95.90830  300.0  1.24323E-08  2.98612E-07  4.75860E-07    
  5010.03c   10.01294  300.0  4.36073E-08  1.04740E-06  1.74258E-07    
  5011.03c   11.00928  300.0  1.75525E-07  4.21594E-06  7.71205E-07    
 48106.03c  105.90579  300.0  2.70263E-10  6.49145E-09  1.14229E-08    
 48108.03c  107.90395  300.0  1.92427E-10  4.62191E-09  8.28658E-09    
 48110.03c  109.90313  300.0  2.70479E-09  6.49664E-08  1.18636E-07    
 48111.03c  110.90372  300.0  2.76965E-09  6.65243E-08  1.22587E-07    
 48112.03c  111.90331  300.0  5.21715E-09  1.25311E-07  2.32996E-07    
 48113.03c  112.89987  300.0  2.64209E-09  6.34604E-08  1.19046E-07    
 48114.03c  113.90349  300.0  6.20955E-09  1.49147E-07  2.82273E-07    
       sum                    4.16337E-02  1.00000E+00  1.00000E+00
-------------------------------------------------------------------

Material "m2":

 - Material is included in majorant
 - Material is included in geometry
 - Atom density 6.0133E-02 1/barn*cm
 - Mass density 2.7009E+00 g/cm3
 - Volume 0.0000E+00 cm3
 - Mass 0.0000E+00 g
 - Photon emission rate 0.0000E+00 1/s
 - Neutron emission rate 0.0000E+00 1/s
 - 62 nuclides in composition
 - No nuclides associated with S(a,b) data
 - 20.05 Mb of memory allocated for data

Isotopic composition (non-zero densities):

-------------------------------------------------------------------
 Nuclide    a. weight   temp      a. dens      a. frac      m. frac
-------------------------------------------------------------------
 13027.03c   26.98154  300.0  5.90622E-02  9.82194E-01  9.79761E-01    
 14028.03c   27.97734  300.0  2.84748E-04  4.73531E-03  4.89791E-03    
 14029.03c   28.97693  300.0  1.44654E-05  2.40557E-04  2.57707E-04    
 14030.03c   29.97349  300.0  9.54689E-06  1.58763E-04  1.75931E-04    
 26054.03c   53.93937  300.0  3.85739E-06  6.41478E-05  1.27921E-04    
 26056.03c   55.93451  300.0  6.05528E-05  1.00698E-03  2.08237E-03    
 26057.03c   56.93510  300.0  1.39843E-06  2.32557E-05  4.89514E-05    
 26058.03c   57.93368  300.0  1.86105E-07  3.09490E-06  6.62878E-06    
 12024.03c   23.98504  300.0  4.68536E-04  7.79166E-03  6.90918E-03    
 12025.03c   24.98584  300.0  5.93158E-05  9.86411E-04  9.11188E-04    
 12026.03c   25.98260  300.0  6.53068E-05  1.08604E-03  1.04324E-03    
 24050.03c   49.94606  300.0  6.79352E-07  1.12975E-05  2.08612E-05    
 24052.03c   51.94019  300.0  1.31006E-05  2.17861E-04  4.18350E-04    
 24053.03c   52.94079  300.0  1.48551E-06  2.47038E-05  4.83515E-05    
 24054.03c   53.93937  300.0  3.69774E-07  6.14927E-06  1.22627E-05    
 30064.03c   63.92909  300.0  1.20039E-06  1.99622E-05  4.71805E-05    
 22046.03c   45.95266  300.0  5.60472E-07  9.32055E-06  1.58346E-05    
 22047.03c   46.95174  300.0  5.05444E-07  8.40544E-06  1.45904E-05    
 22048.03c   47.96807  300.0  5.00824E-06  8.32861E-05  1.47700E-04    
 22049.03c   48.94789  300.0  3.67534E-07  6.11202E-06  1.10605E-05    
 22050.03c   49.94475  300.0  3.51908E-07  5.85217E-06  1.08059E-05    
 25055.03c   54.93805  300.0  8.87879E-06  1.47653E-04  2.99896E-04    
 29063.03c   62.92960  300.0  3.18481E-05  5.29628E-04  1.23220E-03    
 29065.03c   64.92777  300.0  1.42084E-05  2.36283E-04  5.67178E-04    
 27059.03c   58.93317  300.0  1.32982E-05  2.21147E-04  4.81834E-04    
 48106.03c  105.90579  300.0  7.48527E-10  1.24479E-08  4.87383E-08    
 48108.03c  107.90395  300.0  5.32951E-10  8.86289E-09  3.53564E-08    
 48110.03c  109.90313  300.0  7.47928E-09  1.24379E-07  5.05375E-07    
 48111.03c  110.90372  300.0  7.66492E-09  1.27466E-07  5.22633E-07    
 48112.03c  111.90331  300.0  1.44496E-08  2.40294E-07  9.94129E-07    
 48113.03c  112.89987  300.0  7.31760E-09  1.21690E-07  5.07932E-07    
 48114.03c  113.90349  300.0  1.72042E-08  2.86102E-07  1.20480E-06    
 48116.03c  115.90468  300.0  4.48517E-09  7.45876E-08  3.19612E-07    
  5010.03c   10.01294  300.0  3.19344E-07  5.31063E-06  1.96591E-06    
  5011.03c   11.00928  300.0  1.28539E-06  2.13759E-05  8.70039E-06    
 28058.03c   57.93570  300.0  3.77178E-06  6.27241E-05  1.34350E-04    
 28060.03c   59.93084  300.0  1.45288E-06  2.41612E-05  5.35333E-05    
 28061.03c   60.93143  300.0  6.31558E-08  1.05027E-06  2.36591E-06    
 28062.03c   61.92799  300.0  2.01368E-07  3.34871E-06  7.66692E-06    
 28064.03c   63.92818  300.0  5.12826E-08  8.52820E-07  2.01561E-06    
 50112.03c  111.90533  300.0  1.32858E-08  2.20941E-07  9.14078E-07    
 50114.03c  113.90349  300.0  9.03988E-09  1.50332E-07  6.33058E-07    
 50115.03c  114.90308  300.0  4.65691E-09  7.74435E-08  3.28982E-07    
 50116.03c  115.90166  300.0  1.99151E-07  3.31185E-06  1.41911E-05    
 50117.03c  116.90326  300.0  1.05191E-07  1.74931E-06  7.56046E-06    
 50118.03c  117.90184  300.0  3.31736E-07  5.51672E-06  2.40468E-05    
 50119.03c  118.90345  300.0  1.17656E-07  1.95659E-06  8.60104E-06    
 50120.03c  119.90202  300.0  4.46241E-07  7.42091E-06  3.28957E-05    
 50122.03c  121.90322  300.0  6.34161E-08  1.05460E-06  4.75290E-06    
 50124.03c  123.90542  300.0  7.93044E-08  1.31882E-06  6.04131E-06    
 82204.03c  203.97303  300.0  1.09861E-08  1.82697E-07  1.37771E-06    
 82206.03c  205.97443  300.0  1.89118E-07  3.14500E-06  2.39492E-05    
 82207.03c  206.97594  300.0  1.73424E-07  2.88400E-06  2.20684E-05    
 82208.03c  207.97663  300.0  4.11195E-07  6.83810E-06  5.25782E-05    
  3006.03c    6.01507  300.0  1.26236E-08  2.09929E-07  4.66841E-08    
  3007.03c    7.01600  300.0  1.53696E-07  2.55594E-06  6.62973E-07    
 20040.03c   39.96260  300.0  1.36981E-06  2.27797E-05  3.36557E-05    
 20042.03c   41.95863  300.0  9.14235E-09  1.52036E-07  2.35843E-07    
 20043.03c   42.95877  300.0  1.90760E-09  3.17231E-08  5.03829E-08    
 20044.03c   43.95548  300.0  2.94759E-08  4.90179E-07  7.96570E-07    
 20046.03c   45.95370  300.0  5.65215E-11  9.39942E-10  1.59690E-09    
 20048.03c   47.95254  300.0  2.64238E-09  4.39423E-08  7.79022E-08    
       sum                    6.01329E-02  1.00000E+00  1.00000E+00
-------------------------------------------------------------------

Material "m21":

 - Material is included in majorant
 - Material is included in geometry
 - Atom density 6.0067E-02 1/barn*cm
 - Mass density 2.6970E+00 g/cm3
 - Volume 0.0000E+00 cm3
 - Mass 0.0000E+00 g
 - Photon emission rate 0.0000E+00 1/s
 - Neutron emission rate 0.0000E+00 1/s
 - 36 nuclides in composition
 - No nuclides associated with S(a,b) data
 - 19.92 Mb of memory allocated for data

Isotopic composition (non-zero densities):

-------------------------------------------------------------------
 Nuclide    a. weight   temp      a. dens      a. frac      m. frac
-------------------------------------------------------------------
 13027.03c   26.98154  300.0  5.97202E-02  9.94224E-01  9.92121E-01    
 14028.03c   27.97734  300.0  1.65514E-04  2.75548E-03  2.85114E-03    
 14029.03c   28.97693  300.0  8.40821E-06  1.39980E-04  1.50014E-04    
 14030.03c   29.97349  300.0  5.54924E-06  9.23839E-05  1.02411E-04    
 26054.03c   53.93937  300.0  3.76444E-06  6.26705E-05  1.25021E-04    
 26056.03c   55.93451  300.0  5.90936E-05  9.83792E-04  2.03515E-03    
 26057.03c   56.93510  300.0  1.36473E-06  2.27201E-05  4.78414E-05    
 26058.03c   57.93368  300.0  1.81620E-07  3.02362E-06  6.47846E-06    
 12024.03c   23.98504  300.0  3.69904E-05  6.15817E-04  5.46269E-04    
 12025.03c   24.98584  300.0  4.68292E-06  7.79614E-05  7.20423E-05    
 12026.03c   25.98260  300.0  5.15590E-06  8.58356E-05  8.24829E-05    
 24050.03c   49.94606  300.0  2.71746E-07  4.52404E-06  8.35682E-06    
 24052.03c   51.94019  300.0  5.24036E-06  8.72417E-05  1.67587E-04    
 24053.03c   52.94079  300.0  5.94214E-07  9.89249E-06  1.93691E-05    
 24054.03c   53.93937  300.0  1.47913E-07  2.46246E-06  4.91235E-06    
 30000.03c   65.39578  300.0  1.20041E-06  1.99845E-05  4.83344E-05    
 22046.03c   45.95266  300.0  1.40121E-06  2.33274E-05  3.96452E-05    
 22047.03c   46.95174  300.0  1.26363E-06  2.10370E-05  3.65299E-05    
 22048.03c   47.96807  300.0  1.25208E-05  2.08447E-04  3.69795E-04    
 22049.03c   48.94789  300.0  9.18852E-07  1.52971E-05  2.76921E-05    
 22050.03c   49.94475  300.0  8.79788E-07  1.46467E-05  2.70548E-05    
 25055.03c   54.93805  300.0  1.77579E-05  2.95634E-04  6.00678E-04    
 29063.03c   62.92960  300.0  8.84685E-06  1.47283E-04  3.42784E-04    
 29065.03c   64.92777  300.0  3.94686E-06  6.57075E-05  1.57783E-04    
 48106.03c  105.90579  300.0  2.71211E-10  4.51513E-09  1.76850E-08    
 48108.03c  107.90395  300.0  1.93102E-10  3.21477E-09  1.28292E-08    
 48110.03c  109.90313  300.0  2.70994E-09  4.51152E-08  1.83378E-07    
 48111.03c  110.90372  300.0  2.77720E-09  4.62349E-08  1.89640E-07    
 48112.03c  111.90331  300.0  5.23546E-09  8.71601E-08  3.60724E-07    
 48113.03c  112.89987  300.0  2.65136E-09  4.41399E-08  1.84306E-07    
 48114.03c  113.90349  300.0  6.23351E-09  1.03776E-07  4.37166E-07    
 48116.03c  115.90468  300.0  1.62510E-09  2.70547E-08  1.15973E-07    
  5010.03c   10.01294  300.0  2.00529E-07  3.33841E-06  1.23628E-06    
  5011.03c   11.00928  300.0  8.07153E-07  1.34375E-05  5.47131E-06    
  3006.03c    6.01507  300.0  1.77801E-08  2.96004E-07  6.58494E-08    
  3007.03c    7.01600  300.0  2.16477E-07  3.60392E-06  9.35144E-07    
       sum                    6.00672E-02  1.00000E+00  1.00000E+00
-------------------------------------------------------------------

Material "m23":

 - Material is included in majorant
 - Material is included in geometry
 - Atom density 5.9988E-02 1/barn*cm
 - Mass density 2.7000E+00 g/cm3
 - Volume 0.0000E+00 cm3
 - Mass 0.0000E+00 g
 - Photon emission rate 0.0000E+00 1/s
 - Neutron emission rate 0.0000E+00 1/s
 - 54 nuclides in composition
 - No nuclides associated with S(a,b) data
 - 20.01 Mb of memory allocated for data

Isotopic composition (non-zero densities):

-------------------------------------------------------------------
 Nuclide    a. weight   temp      a. dens      a. frac      m. frac
-------------------------------------------------------------------
 13027.03c   26.98154  300.0  5.86765E-02  9.78136E-01  9.73680E-01    
 14028.03c   27.97734  300.0  3.36900E-04  5.61612E-03  5.79686E-03    
 14029.03c   28.97693  300.0  1.71148E-05  2.85303E-04  3.05007E-04    
 14030.03c   29.97349  300.0  1.12954E-05  1.88294E-04  2.08221E-04    
 26054.03c   53.93937  300.0  5.99042E-06  9.98602E-05  1.98723E-04    
 26056.03c   55.93451  300.0  9.40368E-05  1.56759E-03  3.23492E-03    
 26057.03c   56.93510  300.0  2.17172E-06  3.62025E-05  7.60447E-05    
 26058.03c   57.93368  300.0  2.89016E-07  4.81789E-06  1.02977E-05    
 12024.03c   23.98504  300.0  5.27906E-04  8.80019E-03  7.78722E-03    
 12025.03c   24.98584  300.0  6.68320E-05  1.11409E-03  1.02698E-03    
 12026.03c   25.98260  300.0  7.35820E-05  1.22661E-03  1.17582E-03    
 24050.03c   49.94606  300.0  2.28267E-06  3.80521E-05  7.01180E-05    
 24052.03c   51.94019  300.0  4.40190E-05  7.33796E-04  1.40614E-03    
 24053.03c   52.94079  300.0  4.99140E-06  8.32066E-05  1.62517E-04    
 24054.03c   53.93937  300.0  1.24247E-06  2.07120E-05  4.12171E-05    
 30000.03c   65.39578  300.0  9.94786E-06  1.65831E-04  4.00096E-04    
 22046.03c   45.95266  300.0  3.64314E-07  6.07311E-06  1.02961E-05    
 22047.03c   46.95174  300.0  3.28545E-07  5.47684E-06  9.48706E-06    
 22048.03c   47.96807  300.0  3.25542E-06  5.42678E-05  9.60383E-05    
 22049.03c   48.94789  300.0  2.38902E-07  3.98249E-06  7.19182E-06    
 22050.03c   49.94475  300.0  2.28745E-07  3.81318E-06  7.02630E-06    
 25055.03c   54.93805  300.0  1.95337E-05  3.25627E-04  6.59999E-04    
 29063.03c   62.92960  300.0  5.62660E-05  9.37953E-04  2.17764E-03    
 29065.03c   64.92777  300.0  2.51020E-05  4.18450E-04  1.00236E-03    
 27059.03c   58.93317  300.0  2.75902E-07  4.59928E-06  1.00000E-05    
 48106.03c  105.90579  300.0  9.04036E-10  1.50703E-08  5.88831E-08    
 48108.03c  107.90395  300.0  6.43674E-10  1.07300E-08  4.27158E-08    
 48110.03c  109.90313  300.0  9.03313E-09  1.50582E-07  6.10567E-07    
 48111.03c  110.90372  300.0  9.25733E-09  1.54320E-07  6.31418E-07    
 48112.03c  111.90331  300.0  1.74515E-08  2.90916E-07  1.20105E-06    
 48113.03c  112.89987  300.0  8.83786E-09  1.47327E-07  6.13657E-07    
 48114.03c  113.90349  300.0  2.07784E-08  3.46376E-07  1.45557E-06    
 48116.03c  115.90468  300.0  5.41699E-09  9.03012E-08  3.86140E-07    
  5010.03c   10.01294  300.0  1.49648E-07  2.49463E-06  9.21547E-07    
  5011.03c   11.00928  300.0  6.02353E-07  1.00412E-05  4.07845E-06    
 28058.03c   57.93570  300.0  9.42964E-07  1.57192E-05  3.35990E-05    
 28060.03c   59.93084  300.0  3.63228E-07  6.05501E-06  1.33880E-05    
 28061.03c   60.93143  300.0  1.57893E-08  2.63207E-07  5.91684E-07    
 28062.03c   61.92799  300.0  5.03431E-08  8.39219E-07  1.91740E-06    
 28064.03c   63.92818  300.0  1.28209E-08  2.13724E-07  5.04076E-07    
 50112.03c  111.90533  300.0  4.91587E-08  8.19475E-07  3.38327E-06    
 50114.03c  113.90349  300.0  3.34482E-08  5.57581E-07  2.34312E-06    
 50115.03c  114.90308  300.0  1.72309E-08  2.87239E-07  1.21766E-06    
 50116.03c  115.90166  300.0  7.36874E-07  1.22837E-05  5.25253E-05    
 50117.03c  116.90326  300.0  3.89216E-07  6.48823E-06  2.79835E-05    
 50118.03c  117.90184  300.0  1.22745E-06  2.04616E-05  8.90040E-05    
 50119.03c  118.90345  300.0  4.35334E-07  7.25701E-06  3.18348E-05    
 50120.03c  119.90202  300.0  1.65113E-06  2.75243E-05  1.21757E-04    
 50122.03c  121.90322  300.0  2.34644E-07  3.91151E-06  1.75918E-05    
 50124.03c  123.90542  300.0  2.93432E-07  4.89151E-06  2.23606E-05    
 82204.03c  203.97303  300.0  1.09863E-09  1.83141E-08  1.37819E-07    
 82206.03c  205.97443  300.0  1.89122E-08  3.15266E-07  2.39575E-06    
 82207.03c  206.97594  300.0  1.73427E-08  2.89103E-07  2.20761E-06    
 82208.03c  207.97663  300.0  4.11203E-08  6.85475E-07  5.25964E-06    
       sum                    5.99881E-02  1.00000E+00  1.00000E+00
-------------------------------------------------------------------

Material "m24":

 - Material is included in majorant
 - Material is included in geometry
 - Atom density 5.9983E-02 1/barn*cm
 - Mass density 2.6995E+00 g/cm3
 - Volume 0.0000E+00 cm3
 - Mass 0.0000E+00 g
 - Photon emission rate 0.0000E+00 1/s
 - Neutron emission rate 0.0000E+00 1/s
 - 54 nuclides in composition
 - No nuclides associated with S(a,b) data
 - 20.01 Mb of memory allocated for data

Isotopic composition (non-zero densities):

-------------------------------------------------------------------
 Nuclide    a. weight   temp      a. dens      a. frac      m. frac
-------------------------------------------------------------------
 13027.03c   26.98154  300.0  5.86765E-02  9.78220E-01  9.73881E-01    
 14028.03c   27.97734  300.0  3.36900E-04  5.61660E-03  5.79806E-03    
 14029.03c   28.97693  300.0  1.71148E-05  2.85328E-04  3.05070E-04    
 14030.03c   29.97349  300.0  1.12954E-05  1.88310E-04  2.08264E-04    
 26054.03c   53.93937  300.0  5.99042E-06  9.98688E-05  1.98764E-04    
 26056.03c   55.93451  300.0  9.40368E-05  1.56773E-03  3.23559E-03    
 26057.03c   56.93510  300.0  2.17172E-06  3.62056E-05  7.60605E-05    
 26058.03c   57.93368  300.0  2.89016E-07  4.81831E-06  1.02998E-05    
 12024.03c   23.98504  300.0  5.27906E-04  8.80094E-03  7.78883E-03    
 12025.03c   24.98584  300.0  6.68320E-05  1.11418E-03  1.02720E-03    
 12026.03c   25.98260  300.0  7.35820E-05  1.22672E-03  1.17606E-03    
 24050.03c   49.94606  300.0  2.28267E-06  3.80553E-05  7.01325E-05    
 24052.03c   51.94019  300.0  4.40190E-05  7.33859E-04  1.40643E-03    
 24053.03c   52.94079  300.0  4.99140E-06  8.32137E-05  1.62550E-04    
 24054.03c   53.93937  300.0  1.24247E-06  2.07137E-05  4.12256E-05    
 30000.03c   65.39578  300.0  4.80163E-06  8.00500E-05  1.93158E-04    
 22046.03c   45.95266  300.0  3.64314E-07  6.07363E-06  1.02982E-05    
 22047.03c   46.95174  300.0  3.28545E-07  5.47731E-06  9.48903E-06    
 22048.03c   47.96807  300.0  3.25542E-06  5.42725E-05  9.60582E-05    
 22049.03c   48.94789  300.0  2.38902E-07  3.98283E-06  7.19331E-06    
 22050.03c   49.94475  300.0  2.28745E-07  3.81350E-06  7.02776E-06    
 25055.03c   54.93805  300.0  1.95337E-05  3.25654E-04  6.60135E-04    
 29063.03c   62.92960  300.0  5.62660E-05  9.38034E-04  2.17809E-03    
 29065.03c   64.92777  300.0  2.51020E-05  4.18486E-04  1.00257E-03    
 27059.03c   58.93317  300.0  2.75902E-07  4.59968E-06  1.00021E-05    
 48106.03c  105.90579  300.0  9.04036E-10  1.50716E-08  5.88953E-08    
 48108.03c  107.90395  300.0  6.43674E-10  1.07310E-08  4.27246E-08    
 48110.03c  109.90313  300.0  9.03313E-09  1.50595E-07  6.10694E-07    
 48111.03c  110.90372  300.0  9.25733E-09  1.54333E-07  6.31549E-07    
 48112.03c  111.90331  300.0  1.74515E-08  2.90941E-07  1.20130E-06    
 48113.03c  112.89987  300.0  8.83786E-09  1.47340E-07  6.13784E-07    
 48114.03c  113.90349  300.0  2.07784E-08  3.46405E-07  1.45588E-06    
 48116.03c  115.90468  300.0  5.41699E-09  9.03089E-08  3.86219E-07    
  5010.03c   10.01294  300.0  1.49648E-07  2.49484E-06  9.21738E-07    
  5011.03c   11.00928  300.0  6.02353E-07  1.00421E-05  4.07929E-06    
 28058.03c   57.93570  300.0  9.42964E-07  1.57205E-05  3.36060E-05    
 28060.03c   59.93084  300.0  3.63228E-07  6.05553E-06  1.33907E-05    
 28061.03c   60.93143  300.0  1.57893E-08  2.63230E-07  5.91806E-07    
 28062.03c   61.92799  300.0  5.03431E-08  8.39291E-07  1.91779E-06    
 28064.03c   63.92818  300.0  1.28209E-08  2.13743E-07  5.04180E-07    
 50112.03c  111.90533  300.0  4.91587E-08  8.19545E-07  3.38397E-06    
 50114.03c  113.90349  300.0  3.34482E-08  5.57629E-07  2.34361E-06    
 50115.03c  114.90308  300.0  1.72309E-08  2.87264E-07  1.21791E-06    
 50116.03c  115.90166  300.0  7.36874E-07  1.22847E-05  5.25361E-05    
 50117.03c  116.90326  300.0  3.89216E-07  6.48878E-06  2.79893E-05    
 50118.03c  117.90184  300.0  1.22745E-06  2.04633E-05  8.90225E-05    
 50119.03c  118.90345  300.0  4.35334E-07  7.25763E-06  3.18414E-05    
 50120.03c  119.90202  300.0  1.65113E-06  2.75267E-05  1.21782E-04    
 50122.03c  121.90322  300.0  2.34644E-07  3.91185E-06  1.75954E-05    
 50124.03c  123.90542  300.0  2.93432E-07  4.89193E-06  2.23652E-05    
 82204.03c  203.97303  300.0  1.09863E-09  1.83157E-08  1.37848E-07    
 82206.03c  205.97443  300.0  1.89122E-08  3.15293E-07  2.39624E-06    
 82207.03c  206.97594  300.0  1.73427E-08  2.89127E-07  2.20806E-06    
 82208.03c  207.97663  300.0  4.11203E-08  6.85534E-07  5.26073E-06    
       sum                    5.99829E-02  1.00000E+00  1.00000E+00
-------------------------------------------------------------------

Material "m25":

 - Material is included in majorant
 - Material is included in geometry
 - Atom density 5.9950E-02 1/barn*cm
 - Mass density 2.6992E+00 g/cm3
 - Volume 0.0000E+00 cm3
 - Mass 0.0000E+00 g
 - Photon emission rate 0.0000E+00 1/s
 - Neutron emission rate 0.0000E+00 1/s
 - 54 nuclides in composition
 - No nuclides associated with S(a,b) data
 - 20.01 Mb of memory allocated for data

Isotopic composition (non-zero densities):

-------------------------------------------------------------------
 Nuclide    a. weight   temp      a. dens      a. frac      m. frac
-------------------------------------------------------------------
 13027.03c   26.98154  300.0  5.86271E-02  9.77925E-01  9.73157E-01    
 14028.03c   27.97734  300.0  3.72138E-04  6.20742E-03  6.40513E-03    
 14029.03c   28.97693  300.0  1.89049E-05  3.15342E-04  3.37011E-04    
 14030.03c   29.97349  300.0  1.24768E-05  2.08118E-04  2.30069E-04    
 26054.03c   53.93937  300.0  8.01560E-06  1.33704E-04  2.65987E-04    
 26056.03c   55.93451  300.0  1.25828E-04  2.09887E-03  4.32987E-03    
 26057.03c   56.93510  300.0  2.90591E-06  4.84718E-05  1.01784E-04    
 26058.03c   57.93368  300.0  3.86723E-07  6.45071E-06  1.37832E-05    
 12024.03c   23.98504  300.0  4.88802E-04  8.15343E-03  7.21259E-03    
 12025.03c   24.98584  300.0  6.18815E-05  1.03221E-03  9.51202E-04    
 12026.03c   25.98260  300.0  6.81315E-05  1.13646E-03  1.08905E-03    
 24050.03c   49.94606  300.0  2.56800E-06  4.28354E-05  7.89067E-05    
 24052.03c   51.94019  300.0  4.95214E-05  8.26038E-04  1.58239E-03    
 24053.03c   52.94079  300.0  5.61533E-06  9.36661E-05  1.82887E-04    
 24054.03c   53.93937  300.0  1.39777E-06  2.33154E-05  4.63831E-05    
 30000.03c   65.39578  300.0  7.08241E-06  1.18138E-04  2.84937E-04    
 22046.03c   45.95266  300.0  1.06492E-06  1.77633E-05  3.01055E-05    
 22047.03c   46.95174  300.0  9.60362E-07  1.60193E-05  2.77399E-05    
 22048.03c   47.96807  300.0  9.51585E-06  1.58729E-04  2.80813E-04    
 22049.03c   48.94789  300.0  6.98328E-07  1.16484E-05  2.10286E-05    
 22050.03c   49.94475  300.0  6.68639E-07  1.11532E-05  2.05447E-05    
 25055.03c   54.93805  300.0  2.16055E-05  3.60389E-04  7.30223E-04    
 29063.03c   62.92960  300.0  3.91031E-05  6.52257E-04  1.51385E-03    
 29065.03c   64.92777  300.0  1.74451E-05  2.90992E-04  6.96822E-04    
 27059.03c   58.93317  300.0  2.75902E-07  4.60216E-06  1.00030E-05    
 48106.03c  105.90579  300.0  9.04036E-10  1.50797E-08  5.89011E-08    
 48108.03c  107.90395  300.0  6.43674E-10  1.07368E-08  4.27288E-08    
 48110.03c  109.90313  300.0  9.03313E-09  1.50677E-07  6.10754E-07    
 48111.03c  110.90372  300.0  9.25733E-09  1.54416E-07  6.31611E-07    
 48112.03c  111.90331  300.0  1.74515E-08  2.91099E-07  1.20142E-06    
 48113.03c  112.89987  300.0  8.83786E-09  1.47419E-07  6.13844E-07    
 48114.03c  113.90349  300.0  2.07784E-08  3.46593E-07  1.45602E-06    
 48116.03c  115.90468  300.0  5.41699E-09  9.03577E-08  3.86257E-07    
  5010.03c   10.01294  300.0  1.49648E-07  2.49619E-06  9.21828E-07    
  5011.03c   11.00928  300.0  6.02353E-07  1.00475E-05  4.07969E-06    
 28058.03c   57.93570  300.0  3.77186E-07  6.29163E-06  1.34437E-05    
 28060.03c   59.93084  300.0  1.45291E-07  2.42352E-06  5.35682E-06    
 28061.03c   60.93143  300.0  6.31571E-09  1.05349E-07  2.36745E-07    
 28062.03c   61.92799  300.0  2.01372E-08  3.35897E-07  7.67192E-07    
 28064.03c   63.92818  300.0  5.12836E-09  8.55433E-08  2.01692E-07    
 50112.03c  111.90533  300.0  4.78301E-08  7.97827E-07  3.29283E-06    
 50114.03c  113.90349  300.0  3.25442E-08  5.42851E-07  2.28049E-06    
 50115.03c  114.90308  300.0  1.67652E-08  2.79651E-07  1.18511E-06    
 50116.03c  115.90166  300.0  7.16959E-07  1.19592E-05  5.11213E-05    
 50117.03c  116.90326  300.0  3.78696E-07  6.31681E-06  2.72355E-05    
 50118.03c  117.90184  300.0  1.19427E-06  1.99209E-05  8.66245E-05    
 50119.03c  118.90345  300.0  4.23568E-07  7.06530E-06  3.09838E-05    
 50120.03c  119.90202  300.0  1.60650E-06  2.67971E-05  1.18502E-04    
 50122.03c  121.90322  300.0  2.28303E-07  3.80819E-06  1.71216E-05    
 50124.03c  123.90542  300.0  2.85502E-07  4.76230E-06  2.17629E-05    
 82204.03c  203.97303  300.0  1.09863E-09  1.83256E-08  1.37861E-07    
 82206.03c  205.97443  300.0  1.89122E-08  3.15464E-07  2.39648E-06    
 82207.03c  206.97594  300.0  1.73427E-08  2.89284E-07  2.20828E-06    
 82208.03c  207.97663  300.0  4.11203E-08  6.85904E-07  5.26125E-06    
       sum                    5.99505E-02  1.00000E+00  1.00000E+00
-------------------------------------------------------------------

Material "m3":

 - Material is included in majorant
 - Material is included in geometry
 - Atom density 5.0294E-05 1/barn*cm
 - Mass density 1.2150E-03 g/cm3
 - Volume 0.0000E+00 cm3
 - Mass 0.0000E+00 g
 - Photon emission rate 0.0000E+00 1/s
 - Neutron emission rate 0.0000E+00 1/s
 - 8 nuclides in composition
 - No nuclides associated with S(a,b) data
 - 19.80 Mb of memory allocated for data

Isotopic composition (non-zero densities):

-------------------------------------------------------------------
 Nuclide    a. weight   temp      a. dens      a. frac      m. frac
-------------------------------------------------------------------
  7014.03c   14.00307  300.0  3.93057E-05  7.81524E-01  7.52266E-01    
  7015.03c   14.99986  300.0  1.44388E-07  2.87090E-03  2.96013E-03    
  8016.03c   15.99492  300.0  1.05944E-05  2.10651E-01  2.31607E-01    
  8017.03c   16.99913  300.0  4.02739E-09  8.00777E-05  9.35715E-05    
  6000.03c   12.00110  300.0  8.08259E-09  1.60708E-04  1.32576E-04    
 18036.03c   35.96748  300.0  7.90817E-10  1.57240E-05  3.88758E-05    
 18038.03c   37.96272  300.0  1.49070E-10  2.96400E-06  7.73466E-06    
 18040.03c   39.96240  300.0  2.36078E-07  4.69400E-03  1.28944E-02    
       sum                    5.02936E-05  1.00000E+00  1.00000E+00
-------------------------------------------------------------------

Material "m4":

 - Material is included in majorant
 - Material is included in geometry
 - Atom density 1.0010E-01 1/barn*cm
 - Mass density 9.9796E-01 g/cm3
 - Volume 0.0000E+00 cm3
 - Mass 0.0000E+00 g
 - Photon emission rate 0.0000E+00 1/s
 - Neutron emission rate 0.0000E+00 1/s
 - 2 nuclides in composition
 - 1 nuclides associated with S(a,b) data
 - 19.77 Mb of memory allocated for data

Isotopic composition (non-zero densities):

-------------------------------------------------------------------
 Nuclide    a. weight   temp      a. dens      a. frac      m. frac
-------------------------------------------------------------------
  1001.03s    1.00782  300.0  6.67360E-02  6.66667E-01  1.11915E-01 (s)
  8016.03c   15.99492  300.0  3.33680E-02  3.33333E-01  8.88085E-01    
       sum                    1.00104E-01  1.00000E+00  1.00000E+00
-------------------------------------------------------------------

Material "m5":

 - Material is included in majorant
 - Material is included in geometry
 - Atom density 8.6703E-02 1/barn*cm
 - Mass density 7.9207E+00 g/cm3
 - Volume 0.0000E+00 cm3
 - Mass 0.0000E+00 g
 - Photon emission rate 0.0000E+00 1/s
 - Neutron emission rate 0.0000E+00 1/s
 - 30 nuclides in composition
 - No nuclides associated with S(a,b) data
 - 19.88 Mb of memory allocated for data

Isotopic composition (non-zero densities):

-------------------------------------------------------------------
 Nuclide    a. weight   temp      a. dens      a. frac      m. frac
-------------------------------------------------------------------
 26054.03c   53.93937  300.0  3.63629E-03  4.19396E-02  4.11202E-02    
 26056.03c   55.93451  300.0  5.49962E-02  6.34306E-01  6.44918E-01    
 26057.03c   56.93510  300.0  1.24843E-03  1.43989E-02  1.49017E-02    
 26058.03c   57.93368  300.0  1.62047E-04  1.86898E-03  1.96817E-03    
 24050.03c   49.94606  300.0  7.56499E-04  8.72517E-03  7.92138E-03    
 24052.03c   51.94019  300.0  1.40122E-02  1.61611E-01  1.52581E-01    
 24053.03c   52.94079  300.0  1.55868E-03  1.79772E-02  1.72997E-02    
 24054.03c   53.93937  300.0  3.80041E-04  4.38325E-03  4.29762E-03    
 28058.03c   57.93570  300.0  5.28564E-03  6.09626E-02  6.42001E-02    
 28060.03c   59.93084  300.0  1.96790E-03  2.26971E-02  2.47255E-02    
 28061.03c   60.93143  300.0  8.41565E-05  9.70630E-04  1.07503E-03    
 28062.03c   61.92799  300.0  2.63657E-04  3.04092E-03  3.42309E-03    
 28064.03c   63.92818  300.0  6.54356E-05  7.54710E-04  8.76997E-04    
 14028.03c   27.97734  300.0  7.98990E-04  9.21525E-03  4.68640E-03    
 14029.03c   28.97693  300.0  4.05873E-05  4.68118E-04  2.46566E-04    
 14030.03c   29.97349  300.0  2.67827E-05  3.08902E-04  1.68300E-04    
 16032.03c   31.97196  300.0  4.23999E-06  4.89024E-05  2.84201E-05    
 16033.03c   32.97104  300.0  3.34763E-08  3.86103E-07  2.31399E-07    
 16034.03c   33.96800  300.0  1.89699E-07  2.18792E-06  1.35091E-06    
 16036.03c   35.96698  300.0  4.46351E-10  5.14804E-09  3.36567E-09    
 42092.03c   91.90683  300.0  4.33738E-06  5.00257E-05  8.35731E-05    
 42094.03c   93.90509  300.0  2.73138E-06  3.15027E-05  5.37728E-05    
 42095.03c   94.90589  300.0  4.72844E-06  5.45360E-05  9.40810E-05    
 42096.03c   95.90467  300.0  4.97619E-06  5.73936E-05  1.00053E-04    
 42097.03c   96.90598  300.0  2.86571E-06  3.30520E-05  5.82203E-05    
 42098.03c   97.90536  300.0  7.28071E-06  8.39730E-05  1.49442E-04    
 42100.03c   99.90726  300.0  2.93139E-06  3.38096E-05  6.13991E-05    
 25055.03c   54.93805  300.0  1.25030E-03  1.44204E-02  1.44005E-02    
 15031.03c   30.97408  300.0  5.54398E-05  6.39422E-04  3.60008E-04    
  6000.03c   12.00110  300.0  7.94258E-05  9.16067E-04  1.99836E-04    
       sum                    8.67030E-02  1.00000E+00  1.00000E+00
-------------------------------------------------------------------

Material "m6":

 - Material is included in majorant
 - Material is included in geometry
 - Atom density 4.5804E-02 1/barn*cm
 - Mass density 8.5501E+00 g/cm3
 - Volume 0.0000E+00 cm3
 - Mass 0.0000E+00 g
 - Photon emission rate 0.0000E+00 1/s
 - Neutron emission rate 0.0000E+00 1/s
 - 8 nuclides in composition
 - No nuclides associated with S(a,b) data
 - 19.81 Mb of memory allocated for data

Isotopic composition (non-zero densities):

-------------------------------------------------------------------
 Nuclide    a. weight   temp      a. dens      a. frac      m. frac
-------------------------------------------------------------------
 48106.03c  105.90579  300.0  5.72555E-04  1.25000E-02  1.17766E-02    
 48108.03c  107.90395  300.0  4.07660E-04  8.90001E-03  8.54316E-03    
 48110.03c  109.90313  300.0  5.72097E-03  1.24900E-01  1.22113E-01    
 48111.03c  110.90372  300.0  5.86297E-03  1.28000E-01  1.26284E-01    
 48112.03c  111.90331  300.0  1.10526E-02  2.41300E-01  2.40210E-01    
 48113.03c  112.89987  300.0  5.59730E-03  1.22200E-01  1.22731E-01    
 48114.03c  113.90349  300.0  1.31596E-02  2.87300E-01  2.91114E-01    
 48116.03c  115.90468  300.0  3.43076E-03  7.49002E-02  7.72279E-02    
       sum                    4.58044E-02  1.00000E+00  1.00000E+00
-------------------------------------------------------------------

Material "m7":

 - Material is included in majorant
 - Material is included in geometry
 - Atom density 1.2111E-01 1/barn*cm
 - Mass density 9.4000E-01 g/cm3
 - Volume 0.0000E+00 cm3
 - Mass 0.0000E+00 g
 - Photon emission rate 0.0000E+00 1/s
 - Neutron emission rate 0.0000E+00 1/s
 - 2 nuclides in composition
 - No nuclides associated with S(a,b) data
 - 14.83 Mb of memory allocated for data

Isotopic composition (non-zero densities):

-------------------------------------------------------------------
 Nuclide    a. weight   temp      a. dens      a. frac      m. frac
-------------------------------------------------------------------
  1001.03c    1.00782  300.0  8.07192E-02  6.66501E-01  1.43711E-01    
  6000.03c   12.00110  300.0  4.03898E-02  3.33499E-01  8.56289E-01    
       sum                    1.21109E-01  1.00000E+00  1.00000E+00
-------------------------------------------------------------------

Material "m8":

 - Material is included in majorant
 - Material is included in geometry
 - Atom density 6.1837E-02 1/barn*cm
 - Mass density 1.8480E+00 g/cm3
 - Volume 0.0000E+00 cm3
 - Mass 0.0000E+00 g
 - Photon emission rate 0.0000E+00 1/s
 - Neutron emission rate 0.0000E+00 1/s
 - 2 nuclides in composition
 - No nuclides associated with S(a,b) data
 - 19.77 Mb of memory allocated for data

Isotopic composition (non-zero densities):

-------------------------------------------------------------------
 Nuclide    a. weight   temp      a. dens      a. frac      m. frac
-------------------------------------------------------------------
  4009.03c    9.01220  300.0  3.09185E-02  5.00000E-01  2.50382E-01    
 13027.03c   26.98154  300.0  3.09185E-02  5.00000E-01  7.49618E-01    
       sum                    6.18371E-02  1.00000E+00  1.00000E+00
-------------------------------------------------------------------

Material "m10":

 - Material is included in majorant
 - Material is included in geometry
 - Atom density 9.9715E-02 1/barn*cm
 - Mass density 1.1047E+00 g/cm3
 - Volume 0.0000E+00 cm3
 - Mass 0.0000E+00 g
 - Photon emission rate 0.0000E+00 1/s
 - Neutron emission rate 0.0000E+00 1/s
 - 79 nuclides in composition
 - 2 nuclides associated with S(a,b) data
 - 20.14 Mb of memory allocated for data

Isotopic composition (non-zero densities):

-------------------------------------------------------------------
 Nuclide    a. weight   temp      a. dens      a. frac      m. frac
-------------------------------------------------------------------
  1002.03s    2.01410  300.0  6.61113E-02  6.63004E-01  2.00154E-01 (s)
  8016.03c   15.99492  300.0  3.32445E-02  3.33395E-01  7.99295E-01    
  1001.03s    1.00782  300.0  3.58940E-04  3.59966E-03  5.43767E-04 (s)
 13027.03c   26.98154  300.0  2.23199E-10  2.23837E-09  9.05241E-09    
 56130.03c  129.90595  300.0  1.96560E-12  1.97122E-11  3.83822E-10    
 56132.03c  131.90514  300.0  1.84450E-12  1.84977E-11  3.65718E-10    
 56134.03c  133.90431  300.0  4.34811E-11  4.36054E-10  8.75186E-09    
 56135.03c  134.90591  300.0  1.17708E-10  1.18044E-09  2.38695E-08    
 56136.03c  135.90449  300.0  1.39212E-10  1.39610E-09  2.84391E-08    
 56137.03c  136.90609  300.0  1.97631E-10  1.98196E-09  4.06709E-08    
 56138.03c  137.90467  300.0  1.25241E-09  1.25599E-08  2.59616E-07    
  4009.03c    9.01220  300.0  2.67294E-09  2.68058E-08  3.62098E-08    
 20040.03c   39.96260  300.0  2.92175E-08  2.93010E-07  1.75510E-06    
 20042.03c   41.95863  300.0  1.85726E-10  1.86257E-09  1.17138E-08    
 20043.03c   42.95877  300.0  3.78504E-11  3.79586E-10  2.44415E-09    
 20044.03c   43.95548  300.0  5.71597E-10  5.73231E-09  3.77667E-08    
 20046.03c   45.95370  300.0  1.04840E-12  1.05140E-11  7.24191E-11    
 20048.03c   47.95254  300.0  4.69698E-11  4.71041E-10  3.38560E-09    
 14028.03c   27.97734  300.0  3.97034E-09  3.98169E-08  1.66970E-07    
 14029.03c   28.97693  300.0  1.94739E-10  1.95296E-09  8.48224E-09    
 14030.03c   29.97349  300.0  1.24247E-10  1.24602E-09  5.59795E-09    
 26054.03c   53.93937  300.0  2.61033E-10  2.61779E-09  2.11644E-08    
 26056.03c   55.93451  300.0  3.95149E-09  3.96278E-08  3.32236E-07    
 26057.03c   56.93510  300.0  8.96534E-11  8.99098E-10  7.67278E-09    
 26058.03c   57.93368  300.0  1.17257E-11  1.17592E-10  1.02112E-09    
 19039.03c   38.96402  300.0  2.88280E-08  2.89104E-07  1.68843E-06    
 19040.03c   39.96401  300.0  3.52619E-12  3.53627E-11  2.11827E-10    
 19041.03c   40.96198  300.0  1.97896E-09  1.98462E-08  1.21849E-07    
 47107.03c  106.90537  300.0  1.75214E-10  1.75715E-09  2.81562E-08    
 47109.03c  108.90455  300.0  1.59793E-10  1.60250E-09  2.61583E-08    
 11023.03c   22.98949  300.0  5.23907E-08  5.25404E-07  1.81046E-06    
 12024.03c   23.98504  300.0  7.93323E-09  7.95592E-08  2.86020E-07    
 12025.03c   24.98584  300.0  9.64105E-10  9.66862E-09  3.62096E-08    
 12026.03c   25.98260  300.0  1.02076E-09  1.02368E-08  3.98668E-08    
 30000.03c   65.39578  300.0  1.45502E-10  1.45918E-09  1.43029E-08    
 38084.03c   83.91346  300.0  4.01898E-19  4.03047E-18  5.06936E-17    
 38086.03c   85.90931  300.0  6.91186E-12  6.93163E-11  8.92568E-10    
 38087.03c   86.90889  300.0  4.85057E-12  4.86443E-11  6.33669E-10    
 38088.03c   87.90515  300.0  5.65740E-11  5.67357E-10  7.47544E-09    
 42092.03c   91.90683  300.0  9.67812E-12  9.70579E-11  1.33704E-09    
 42094.03c   93.90509  300.0  5.91930E-12  5.93623E-11  8.35537E-10    
 42095.03c   94.90589  300.0  1.00893E-11  1.01181E-10  1.43933E-09    
 42096.03c   95.90467  300.0  1.04741E-11  1.05040E-10  1.50995E-09    
 42097.03c   96.90598  300.0  5.94108E-12  5.95807E-11  8.65411E-10    
 42098.03c   97.90536  300.0  1.48795E-11  1.49220E-10  2.18978E-09    
 42100.03c   99.90726  300.0  5.82889E-12  5.84556E-11  8.75365E-10    
 23000.03c   50.94162  300.0  2.11002E-12  2.11605E-11  1.61572E-10    
  3006.03c    6.01507  300.0  3.79950E-10  3.81036E-09  3.43536E-09    
  3007.03c    7.01600  300.0  3.96605E-09  3.97739E-08  4.18267E-08    
 25055.03c   54.93805  300.0  1.09619E-10  1.09932E-09  9.05242E-09    
 29063.03c   62.92960  300.0  6.61752E-11  6.63644E-10  6.25974E-09    
 29065.03c   64.92777  300.0  2.86143E-11  2.86961E-10  2.79267E-09    
 27059.03c   58.93317  300.0  4.08751E-09  4.09919E-08  3.62096E-07    
 48106.03c  105.90579  300.0  7.10797E-13  7.12830E-12  1.13154E-10    
 48108.03c  107.90395  300.0  4.96719E-13  4.98139E-12  8.05663E-11    
 48110.03c  109.90313  300.0  6.84402E-12  6.86359E-11  1.13065E-09    
 48111.03c  110.90372  300.0  6.95057E-12  6.97045E-11  1.15870E-09    
 48112.03c  111.90331  300.0  1.29860E-11  1.30231E-10  2.18436E-09    
 48113.03c  112.89987  300.0  6.51806E-12  6.53670E-11  1.10616E-09    
 48114.03c  113.90349  300.0  1.51900E-11  1.52334E-10  2.60076E-09    
 48116.03c  115.90468  300.0  3.89170E-12  3.90282E-11  6.78025E-10    
  5010.03c   10.01294  300.0  1.19688E-10  1.20030E-09  1.80143E-09    
  5011.03c   11.00928  300.0  4.38159E-10  4.39411E-09  7.25097E-09    
 15031.03c   30.97408  300.0  1.94431E-10  1.94987E-09  9.05252E-09    
 28058.03c   57.93570  300.0  7.07643E-11  7.09667E-10  6.16264E-09    
 28060.03c   59.93084  300.0  2.63507E-11  2.64260E-10  2.37382E-09    
 28061.03c   60.93143  300.0  1.12664E-12  1.12986E-11  1.03189E-10    
 28062.03c   61.92799  300.0  3.53439E-12  3.54449E-11  3.29008E-10    
 28064.03c   63.92818  300.0  8.71948E-13  8.74441E-12  8.37894E-11    
 50112.03c  111.90533  300.0  2.08805E-12  2.09402E-11  3.51235E-10    
 50114.03c  113.90349  300.0  1.39582E-12  1.39981E-11  2.38986E-10    
 50115.03c  114.90308  300.0  7.12795E-13  7.14833E-12  1.23113E-10    
 50116.03c  115.90166  300.0  3.02199E-11  3.03063E-10  5.26488E-09    
 50117.03c  116.90326  300.0  1.58254E-11  1.58706E-10  2.78091E-09    
 50118.03c  117.90184  300.0  4.94850E-11  4.96264E-10  8.77000E-09    
 50119.03c  118.90345  300.0  1.74028E-11  1.74525E-10  3.11042E-09    
 50120.03c  119.90202  300.0  6.54549E-11  6.56421E-10  1.17971E-08    
 50122.03c  121.90322  300.0  9.14921E-12  9.17537E-11  1.67650E-09    
 50124.03c  123.90542  300.0  1.12566E-11  1.12888E-10  2.09654E-09    
       sum                    9.97149E-02  1.00000E+00  1.00000E+00
-------------------------------------------------------------------

Material "m11":

 - Material is included in majorant
 - Material is included in geometry
 - Atom density 4.5126E-02 1/barn*cm
 - Mass density 1.3317E+01 g/cm3
 - Volume 0.0000E+00 cm3
 - Mass 0.0000E+00 g
 - Photon emission rate 0.0000E+00 1/s
 - Neutron emission rate 0.0000E+00 1/s
 - 40 nuclides in composition
 - No nuclides associated with S(a,b) data
 - 19.94 Mb of memory allocated for data

Isotopic composition (non-zero densities):

-------------------------------------------------------------------
 Nuclide    a. weight   temp      a. dens      a. frac      m. frac
-------------------------------------------------------------------
 13027.03c   26.98154  300.0  1.18828E-06  2.63325E-05  3.99779E-06    
 42092.03c   91.90683  300.0  1.65627E-05  3.67031E-04  1.89807E-04    
 42094.03c   93.90509  300.0  1.03502E-05  2.29362E-04  1.21192E-04    
 42095.03c   94.90589  300.0  1.78299E-05  3.95112E-04  2.10996E-04    
 42096.03c   95.90467  300.0  1.87045E-05  4.14493E-04  2.23676E-04    
 42097.03c   96.90598  300.0  1.07203E-05  2.37564E-04  1.29536E-04    
 42098.03c   97.90536  300.0  2.71260E-05  6.01116E-04  3.31151E-04    
 42100.03c   99.90726  300.0  1.08436E-05  2.40296E-04  1.35084E-04    
 24050.03c   49.94606  300.0  8.53995E-07  1.89246E-05  5.31851E-06    
 24052.03c   51.94019  300.0  1.64685E-05  3.64944E-04  1.06657E-04    
 24053.03c   52.94079  300.0  1.86739E-06  4.13815E-05  1.23270E-05    
 24054.03c   53.93937  300.0  4.64833E-07  1.03007E-05  3.12634E-06    
 74182.03c  181.95307  300.0  1.73310E-07  3.84057E-06  3.93202E-06    
 74183.03c  182.95166  300.0  9.35873E-08  2.07390E-06  2.13494E-06    
 74184.03c  183.95022  300.0  2.00386E-07  4.44057E-06  4.59621E-06    
 74186.03c  185.95747  300.0  1.85932E-07  4.12027E-06  4.31122E-06    
 29063.03c   62.92960  300.0  1.74446E-07  3.86574E-06  1.36883E-06    
 29065.03c   64.92777  300.0  7.78257E-08  1.72463E-06  6.30067E-07    
 28058.03c   57.93570  300.0  1.85938E-07  4.12040E-06  1.34322E-06    
 28060.03c   59.93084  300.0  7.16227E-08  1.58717E-06  5.35223E-07    
 28061.03c   60.93143  300.0  3.11339E-09  6.89931E-08  2.36542E-08    
 28062.03c   61.92799  300.0  9.92685E-09  2.19980E-07  7.66535E-08    
 28064.03c   63.92818  300.0  2.52807E-09  5.60224E-08  2.01519E-08    
 26054.03c   53.93937  300.0  1.67786E-08  3.71815E-07  1.12848E-07    
 26056.03c   55.93451  300.0  2.63388E-07  5.83671E-06  1.83700E-06    
 26057.03c   56.93510  300.0  6.08279E-09  1.34795E-07  4.31833E-08    
 26058.03c   57.93368  300.0  8.09507E-10  1.79388E-08  5.84770E-09    
 23000.03c   50.94162  300.0  3.14691E-07  6.97359E-06  1.99890E-06    
 41093.03c   92.90319  300.0  2.97646E-05  6.59587E-04  3.44797E-04    
 40090.03c   89.90473  300.0  1.17198E-04  2.59713E-03  1.31382E-03    
 40091.03c   90.90563  300.0  2.55581E-05  5.66371E-04  2.89703E-04    
 40092.03c   91.90501  300.0  3.90660E-05  8.65708E-04  4.47684E-04    
 40094.03c   93.90631  300.0  3.95900E-05  8.77320E-04  4.63569E-04    
 40096.03c   95.90830  300.0  6.37814E-06  1.41340E-04  7.62752E-05    
 72174.03c  173.94024  300.0  7.15741E-05  1.58609E-03  1.55235E-03    
 72176.03c  175.94142  300.0  2.35299E-03  5.21426E-02  5.16205E-02    
 72177.03c  176.94304  300.0  8.32048E-03  1.84383E-01  1.83576E-01    
 72178.03c  177.94362  300.0  1.22034E-02  2.70429E-01  2.70768E-01    
 72179.03c  178.94624  300.0  6.09274E-03  1.35016E-01  1.35947E-01    
 72180.03c  179.94684  300.0  1.56926E-02  3.47750E-01  3.52105E-01    
       sum                    4.51261E-02  1.00000E+00  1.00000E+00
-------------------------------------------------------------------

Material "m17":

 - Material is included in majorant
 - Material is included in geometry
 - Atom density 2.0000E-10 1/barn*cm
 - Mass density 2.1634E-09 g/cm3
 - Volume 0.0000E+00 cm3
 - Mass 0.0000E+00 g
 - Photon emission rate 0.0000E+00 1/s
 - Neutron emission rate 0.0000E+00 1/s
 - 2 nuclides in composition
 - No nuclides associated with S(a,b) data
 - 14.83 Mb of memory allocated for data

Isotopic composition (non-zero densities):

-------------------------------------------------------------------
 Nuclide    a. weight   temp      a. dens      a. frac      m. frac
-------------------------------------------------------------------
  5010.03c   10.01294  300.0  1.00000E-10  5.00000E-01  7.68578E-01    
  2003.03c    3.01493  300.0  1.00000E-10  5.00000E-01  2.31422E-01    
       sum                    2.00000E-10  1.00000E+00  1.00000E+00
-------------------------------------------------------------------
